session_id,survey_id,annotator_id,evaluator_gender,evaluator_age,clip_id,display_order,speaker_id,speaker_sex,sentence_num,model_name,is_cloned,humanlike,customer_service,native_english,authoritative,warm,trust,intimate_convo
session_001,survey_088,annotator_165,Man,,clip_1869,1,speaker_065,Male,7,chatterbox,0,2,1,3,1,1,1,1
session_002,survey_130,annotator_057,Woman,,clip_0899,1,speaker_049,Female,2,chatterbox,1,5,2,5,1,4,3,1
session_001,survey_088,annotator_165,Man,,clip_0727,2,speaker_023,Male,2,chatterbox,1,3,3,3,1,3,2,1
session_002,survey_130,annotator_057,Woman,,clip_0916,2,speaker_050,Female,8,chatterbox,0,4,2,1,1,3,1,1
session_003,survey_225,annotator_149,Woman,,clip_0910,1,speaker_050,Female,4,chatterbox,0,2,3,1,2,1,2,1
session_002,survey_130,annotator_057,Woman,,clip_0917,3,speaker_050,Female,8,chatterbox,1,4,2,1,1,3,3,2
session_001,survey_088,annotator_165,Man,,clip_2089,3,speaker_065,Male,7,chatterbox,1,3,3,4,2,3,4,1
session_003,survey_225,annotator_149,Woman,,clip_1029,2,speaker_073,Female,2,chatterbox,1,3,4,5,2,3,3,2
session_001,survey_088,annotator_165,Man,,clip_0726,4,speaker_023,Male,2,chatterbox,0,1,1,1,1,1,1,1
session_002,survey_130,annotator_057,Woman,,clip_0754,4,speaker_028,Female,6,chatterbox,0,4,2,5,1,2,2,1
session_003,survey_225,annotator_149,Woman,,clip_1037,3,speaker_074,Female,1,chatterbox,1,3,2,4,2,3,2,2
session_002,survey_130,annotator_057,Woman,,clip_1765,5,speaker_079,Female,3,chatterbox,0,5,2,5,1,3,3,2
session_003,survey_225,annotator_149,Woman,,clip_1036,4,speaker_074,Female,1,chatterbox,0,1,2,1,1,2,2,1
session_002,survey_130,annotator_057,Woman,,clip_0847,6,speaker_043,Female,2,chatterbox,1,3,2,4,1,2,3,1
session_003,survey_225,annotator_149,Woman,,clip_1743,5,speaker_041,Female,3,chatterbox,0,1,1,1,1,1,1,1
session_004,survey_182,annotator_072,Woman,,clip_1089,1,speaker_085,Male,7,chatterbox,1,2,1,5,1,2,2,1
session_002,survey_130,annotator_057,Woman,,clip_0997,7,speaker_064,Female,1,chatterbox,1,4,2,3,3,3,3,3
session_002,survey_130,annotator_057,Woman,,clip_0996,8,speaker_064,Female,1,chatterbox,0,5,2,5,3,3,3,4
session_003,survey_225,annotator_149,Woman,,clip_2048,6,speaker_020,Female,3,chatterbox,1,4,1,1,1,2,2,1
session_003,survey_225,annotator_149,Woman,,clip_0694,7,speaker_017,Female,2,chatterbox,1,4,2,1,1,2,2,1
session_006,survey_192,annotator_055,Woman,,clip_0324,1,speaker_039,Female,8,elevenlabs,1,2,4,4,3,4,4,2
session_007,survey_097,annotator_068,Woman,,clip_1713,1,speaker_055,Female,2,coqui_xtts,0,3,2,2,2,2,2,1
session_002,survey_130,annotator_057,Woman,,clip_0940,11,speaker_056,Female,9,chatterbox,0,5,3,1,1,3,2,1
session_002,survey_130,annotator_057,Woman,,clip_0846,12,speaker_043,Female,2,chatterbox,0,5,2,1,1,3,2,1
session_006,survey_192,annotator_055,Woman,,clip_1994,2,speaker_055,Female,2,elevenlabs,1,3,2,5,4,2,4,2
session_003,survey_225,annotator_149,Woman,,clip_1871,9,speaker_068,Female,7,chatterbox,0,2,2,4,1,3,2,3
session_001,survey_088,annotator_165,Man,,clip_0717,5,speaker_022,Male,5,chatterbox,1,3,4,3,3,1,3,1
session_004,survey_182,annotator_072,Woman,,clip_0762,4,speaker_029,Male,4,chatterbox,0,1,1,3,3,1,1,1
session_003,survey_225,annotator_149,Woman,,clip_1028,10,speaker_073,Female,2,chatterbox,0,2,1,1,1,1,1,1
session_006,survey_192,annotator_055,Woman,,clip_0181,3,speaker_024,Female,8,elevenlabs,0,1,5,1,1,1,1,1
session_002,survey_130,annotator_057,Woman,,clip_1829,15,speaker_027,Female,6,chatterbox,0,5,2,5,1,3,2,3
session_003,survey_225,annotator_149,Woman,,clip_0693,11,speaker_017,Female,2,chatterbox,0,4,2,1,1,2,2,1
session_002,survey_130,annotator_057,Woman,,clip_1849,16,speaker_079,Female,6,chatterbox,0,5,3,5,2,3,3,1
session_003,survey_225,annotator_149,Woman,,clip_2071,12,speaker_041,Female,3,chatterbox,1,1,1,5,3,1,1,1
session_001,survey_088,annotator_165,Man,,clip_1091,8,speaker_085,Male,8,chatterbox,1,4,3,4,3,3,3,1
session_003,survey_225,annotator_149,Woman,,clip_0911,13,speaker_050,Female,4,chatterbox,1,4,2,1,1,2,2,1
session_002,survey_130,annotator_057,Woman,,clip_2110,18,speaker_079,Female,3,chatterbox,1,5,3,5,1,3,3,1
session_001,survey_088,annotator_165,Man,,clip_0690,9,speaker_015,Male,1,chatterbox,1,4,3,2,3,4,4,2
session_003,survey_225,annotator_149,Woman,,clip_1064,14,speaker_082,Female,4,chatterbox,0,4,1,1,1,3,2,1
session_006,survey_192,annotator_055,Woman,,clip_1711,6,speaker_055,Female,2,elevenlabs,0,2,2,1,1,1,1,1
session_002,survey_130,annotator_057,Woman,,clip_2113,20,speaker_079,Female,6,chatterbox,1,5,2,5,2,3,3,2
session_003,survey_225,annotator_149,Woman,,clip_0733,16,speaker_024,Female,3,chatterbox,1,4,3,5,4,1,3,2
session_003,survey_225,annotator_149,Woman,,clip_1065,17,speaker_082,Female,4,chatterbox,1,5,1,1,1,2,2,1
session_006,survey_192,annotator_055,Woman,,clip_0439,8,speaker_052,Female,3,elevenlabs,0,1,4,1,1,2,1,1
session_004,survey_182,annotator_072,Woman,,clip_0786,7,speaker_032,Male,7,chatterbox,0,5,3,5,1,4,4,2
session_003,survey_225,annotator_149,Woman,,clip_1734,20,speaker_020,Female,3,chatterbox,0,3,3,5,2,1,2,2
session_004,survey_182,annotator_072,Woman,,clip_1096,8,speaker_086,Male,8,chatterbox,1,1,1,2,3,1,1,1
session_004,survey_182,annotator_072,Woman,,clip_0729,9,speaker_023,Male,7,chatterbox,1,1,1,1,2,1,1,1
session_004,survey_182,annotator_072,Woman,,clip_0616,10,speaker_003,Male,1,chatterbox,1,4,4,5,1,4,3,2
session_006,survey_192,annotator_055,Woman,,clip_0465,12,speaker_056,Female,1,elevenlabs,0,1,5,3,1,2,2,2
session_004,survey_182,annotator_072,Woman,,clip_0615,11,speaker_003,Male,1,chatterbox,0,5,3,5,1,4,3,2
session_006,survey_192,annotator_055,Woman,,clip_0447,14,speaker_053,Female,8,elevenlabs,0,2,1,3,2,2,3,2
session_004,survey_182,annotator_072,Woman,,clip_0787,12,speaker_032,Male,7,chatterbox,1,4,3,5,1,4,4,1
session_006,survey_192,annotator_055,Woman,,clip_0517,15,speaker_061,Female,3,elevenlabs,0,2,2,1,1,2,2,1
session_004,survey_182,annotator_072,Woman,,clip_1056,13,speaker_081,Male,8,chatterbox,0,1,1,2,4,1,1,1
session_004,survey_182,annotator_072,Woman,,clip_1728,14,speaker_006,Male,3,chatterbox,0,1,1,2,3,1,1,1
session_004,survey_182,annotator_072,Woman,,clip_2038,15,speaker_006,Male,3,chatterbox,1,4,4,5,2,2,2,1
session_006,survey_192,annotator_055,Woman,,clip_0570,17,speaker_072,Female,8,elevenlabs,1,4,1,4,1,4,3,4
session_001,survey_088,annotator_165,Man,,clip_0689,15,speaker_015,Male,1,chatterbox,0,1,1,1,1,1,1,1
session_001,survey_088,annotator_165,Man,,clip_0638,16,speaker_009,Male,3,chatterbox,1,5,5,5,4,4,4,3
session_001,survey_088,annotator_165,Man,,clip_1809,17,speaker_063,Male,5,chatterbox,0,2,3,4,1,2,2,1
session_006,survey_192,annotator_055,Woman,,clip_0440,19,speaker_052,Female,3,elevenlabs,1,4,1,5,3,3,4,2
session_001,survey_088,annotator_165,Man,,clip_0709,19,speaker_018,Male,6,chatterbox,1,1,1,1,2,1,1,1
session_006,survey_192,annotator_055,Woman,,clip_0466,20,speaker_056,Female,1,elevenlabs,1,2,3,3,3,2,2,2
session_004,survey_182,annotator_072,Woman,,clip_1057,18,speaker_081,Male,8,chatterbox,1,1,2,4,4,1,1,1
session_004,survey_182,annotator_072,Woman,,clip_0604,19,speaker_002,Male,2,chatterbox,1,4,4,5,1,3,1,1
session_002,survey_130,annotator_057,Woman,,clip_2057,9,speaker_027,Female,6,chatterbox,1,5,2,5,1,4,3,2
session_008,survey_148,annotator_088,Man,,clip_0895,1,speaker_048,Male,5,chatterbox,1,2,1,2,1,3,1,1
session_008,survey_148,annotator_088,Man,,clip_0804,2,speaker_034,Male,4,chatterbox,0,3,4,1,1,3,2,1
session_007,survey_097,annotator_068,Woman,,clip_1550,4,speaker_072,Female,2,coqui_xtts,0,3,1,2,2,3,3,2
session_008,survey_148,annotator_088,Man,,clip_0684,3,speaker_015,Male,5,chatterbox,1,4,1,1,2,3,2,1
session_007,survey_097,annotator_068,Woman,,clip_1698,5,speaker_020,Female,2,coqui_xtts,0,3,1,3,2,1,3,1
session_007,survey_097,annotator_068,Woman,,clip_2198,6,speaker_068,Female,8,coqui_xtts,1,2,1,2,1,3,3,2
session_007,survey_097,annotator_068,Woman,,clip_1936,7,speaker_079,Female,9,coqui_xtts,0,3,2,2,2,1,3,1
session_008,survey_148,annotator_088,Man,,clip_0651,4,speaker_010,Male,4,chatterbox,0,3,1,1,1,4,2,1
session_007,survey_097,annotator_068,Woman,,clip_1397,8,speaker_044,Female,7,coqui_xtts,1,3,2,3,3,2,3,2
session_007,survey_097,annotator_068,Woman,,clip_1425,9,speaker_047,Female,4,coqui_xtts,0,2,1,3,2,1,2,2
session_007,survey_097,annotator_068,Woman,,clip_2173,10,speaker_055,Female,4,coqui_xtts,1,3,3,3,3,2,3,3
session_007,survey_097,annotator_068,Woman,,clip_1469,11,speaker_056,Female,2,coqui_xtts,1,3,2,2,3,2,2,2
session_007,survey_097,annotator_068,Woman,,clip_1551,12,speaker_072,Female,2,coqui_xtts,1,3,1,3,3,3,3,2
session_007,survey_097,annotator_068,Woman,,clip_1782,13,speaker_055,Female,4,coqui_xtts,0,3,2,2,2,1,2,2
session_007,survey_097,annotator_068,Woman,,clip_1396,14,speaker_044,Female,7,coqui_xtts,0,3,2,3,3,3,3,2
session_007,survey_097,annotator_068,Woman,,clip_2138,15,speaker_020,Female,7,coqui_xtts,1,3,2,2,1,1,2,2
session_008,survey_148,annotator_088,Man,,clip_1715,5,speaker_063,Male,2,chatterbox,0,4,2,5,2,5,3,3
session_007,survey_097,annotator_068,Woman,,clip_1901,16,speaker_068,Female,8,coqui_xtts,0,2,2,2,2,1,2,2
session_008,survey_148,annotator_088,Man,,clip_1869,6,speaker_065,Male,7,chatterbox,0,3,2,5,2,3,3,2
session_007,survey_097,annotator_068,Woman,,clip_1468,17,speaker_056,Female,2,coqui_xtts,0,3,2,2,3,2,3,3
session_007,survey_097,annotator_068,Woman,,clip_1857,18,speaker_020,Female,7,coqui_xtts,0,3,2,2,2,2,3,3
session_007,survey_097,annotator_068,Woman,,clip_2135,19,speaker_020,Female,2,coqui_xtts,1,3,1,3,3,3,3,2
session_007,survey_097,annotator_068,Woman,,clip_1426,20,speaker_047,Female,4,coqui_xtts,1,3,2,3,3,3,2,2
session_008,survey_148,annotator_088,Man,,clip_2090,7,speaker_065,Male,8,chatterbox,1,3,2,2,1,4,2,1
session_008,survey_148,annotator_088,Man,,clip_0633,8,speaker_008,Male,7,chatterbox,0,2,3,2,1,3,2,1
session_008,survey_148,annotator_088,Man,,clip_2083,9,speaker_063,Male,2,chatterbox,1,4,2,4,1,4,3,2
session_008,survey_148,annotator_088,Man,,clip_0683,10,speaker_015,Male,5,chatterbox,0,4,1,1,1,4,2,1
session_008,survey_148,annotator_088,Man,,clip_0894,11,speaker_048,Male,5,chatterbox,0,2,1,3,5,2,3,1
session_008,survey_148,annotator_088,Man,,clip_0652,12,speaker_010,Male,4,chatterbox,1,3,3,5,2,4,5,3
session_008,survey_148,annotator_088,Man,,clip_1896,13,speaker_065,Male,8,chatterbox,0,2,1,1,1,2,1,1
session_009,survey_060,annotator_080,Man,,clip_0788,19,speaker_032,Male,8,chatterbox,0,3,1,4,1,2,1,1
session_008,survey_148,annotator_088,Man,,clip_0634,14,speaker_008,Male,7,chatterbox,1,1,1,1,1,2,1,1
session_008,survey_148,annotator_088,Man,,clip_1093,15,speaker_086,Male,3,chatterbox,0,3,3,3,1,4,3,1
session_008,survey_148,annotator_088,Man,,clip_1094,16,speaker_086,Male,3,chatterbox,1,1,1,1,1,4,3,1
session_008,survey_148,annotator_088,Man,,clip_1861,17,speaker_035,Male,7,chatterbox,0,2,1,2,1,3,3,1
session_008,survey_148,annotator_088,Man,,clip_2061,18,speaker_035,Male,7,chatterbox,1,3,3,2,1,4,3,1
session_021,survey_080,annotator_123,Man,,clip_1952,2,speaker_019,Male,8,elevenlabs,1,4,3,3,3,3,4,4
session_008,survey_148,annotator_088,Man,,clip_2089,19,speaker_065,Male,7,chatterbox,1,5,3,5,4,3,3,3
session_008,survey_148,annotator_088,Man,,clip_0805,20,speaker_034,Male,4,chatterbox,1,3,4,3,3,3,4,3
session_023,survey_175,annotator_051,Woman,,clip_1807,1,speaker_055,Female,5,elevenlabs,0,3,2,3,3,3,3,3
session_023,survey_175,annotator_051,Woman,,clip_1970,2,speaker_027,Female,1,elevenlabs,1,5,4,5,4,4,4,4
session_023,survey_175,annotator_051,Woman,,clip_0421,3,speaker_049,Female,1,elevenlabs,0,2,1,4,2,2,2,2
session_023,survey_175,annotator_051,Woman,,clip_0422,4,speaker_049,Female,1,elevenlabs,1,3,3,4,4,3,3,4
session_026,survey_073,annotator_173,Man,,clip_1366,1,speaker_036,Male,8,coqui_xtts,0,1,1,1,1,2,1,1
session_023,survey_175,annotator_051,Woman,,clip_0213,5,speaker_028,Female,3,elevenlabs,0,4,4,4,3,4,4,4
session_026,survey_073,annotator_173,Man,,clip_1633,2,speaker_085,Male,3,coqui_xtts,1,2,3,3,3,4,1,1
session_023,survey_175,annotator_051,Woman,,clip_0419,6,speaker_049,Female,9,elevenlabs,0,3,2,4,4,3,3,3
session_024,survey_017,annotator_150,Woman,,clip_0062,1,speaker_008,Male,4,elevenlabs,1,4,2,5,1,2,2,2
session_026,survey_073,annotator_173,Man,,clip_2129,3,speaker_019,Male,4,coqui_xtts,1,3,2,3,3,2,2,2
session_023,survey_175,annotator_051,Woman,,clip_0114,7,speaker_014,Female,7,elevenlabs,1,5,4,5,4,5,4,4
session_024,survey_017,annotator_150,Woman,,clip_1981,2,speaker_038,Male,7,elevenlabs,1,5,1,5,2,2,2,3
session_023,survey_175,annotator_051,Woman,,clip_0436,8,speaker_050,Female,9,elevenlabs,1,5,4,5,4,4,4,4
session_026,survey_073,annotator_173,Man,,clip_1632,4,speaker_085,Male,3,coqui_xtts,0,1,1,2,1,1,1,1
session_023,survey_175,annotator_051,Woman,,clip_0535,9,speaker_069,Female,2,elevenlabs,0,4,4,5,4,4,4,4
session_026,survey_073,annotator_173,Man,,clip_1360,5,speaker_036,Male,3,coqui_xtts,0,2,1,1,1,2,1,1
session_024,survey_017,annotator_150,Woman,,clip_0061,3,speaker_008,Male,4,elevenlabs,0,4,4,1,1,1,1,1
session_023,survey_175,annotator_051,Woman,,clip_1664,10,speaker_027,Female,1,elevenlabs,0,4,4,5,4,4,4,4
session_026,survey_073,annotator_173,Man,,clip_1213,6,speaker_015,Male,7,coqui_xtts,1,2,1,2,1,3,1,1
session_026,survey_073,annotator_173,Man,,clip_1842,7,speaker_065,Male,6,coqui_xtts,0,4,1,1,1,3,2,1
session_023,survey_175,annotator_051,Woman,,clip_0214,12,speaker_028,Female,3,elevenlabs,1,5,4,5,4,4,4,4
session_023,survey_175,annotator_051,Woman,,clip_1768,13,speaker_012,Female,4,elevenlabs,0,3,3,4,4,3,3,3
session_026,survey_073,annotator_173,Man,,clip_1367,9,speaker_036,Male,8,coqui_xtts,1,3,1,2,1,2,2,1
session_024,survey_017,annotator_150,Woman,,clip_0090,6,speaker_011,Male,7,elevenlabs,1,3,1,5,1,2,2,2
session_026,survey_073,annotator_173,Man,,clip_1224,10,speaker_016,Male,5,coqui_xtts,0,1,1,2,2,2,1,1
session_026,survey_073,annotator_173,Man,,clip_1212,11,speaker_015,Male,7,coqui_xtts,0,2,1,1,1,1,1,1
session_024,survey_017,annotator_150,Woman,,clip_0041,7,speaker_005,Male,4,elevenlabs,0,2,1,2,1,1,1,1
session_023,survey_175,annotator_051,Woman,,clip_0420,17,speaker_049,Female,9,elevenlabs,1,5,4,5,4,4,4,4
session_026,survey_073,annotator_173,Man,,clip_1343,13,speaker_033,Male,8,coqui_xtts,1,3,2,1,2,1,1,1
session_023,survey_175,annotator_051,Woman,,clip_0435,18,speaker_050,Female,9,elevenlabs,0,2,3,1,2,3,2,2
session_024,survey_017,annotator_150,Woman,,clip_0235,9,speaker_030,Male,5,elevenlabs,0,4,1,4,1,1,1,1
session_026,survey_073,annotator_173,Man,,clip_2184,15,speaker_065,Male,6,coqui_xtts,1,2,2,3,1,1,1,1
session_024,survey_017,annotator_150,Woman,,clip_0263,10,speaker_033,Male,5,elevenlabs,0,5,5,1,1,1,3,1
session_023,survey_175,annotator_051,Woman,,clip_0140,20,speaker_017,Female,5,elevenlabs,1,4,3,2,4,4,3,4
session_026,survey_073,annotator_173,Man,,clip_1361,18,speaker_036,Male,3,coqui_xtts,1,1,1,1,1,1,1,1
session_026,survey_073,annotator_173,Man,,clip_1770,19,speaker_019,Male,4,coqui_xtts,0,3,1,2,3,2,1,1
session_026,survey_073,annotator_173,Man,,clip_1503,20,speaker_058,Male,9,coqui_xtts,1,1,1,2,1,1,1,1
session_024,survey_017,annotator_150,Woman,,clip_2035,13,speaker_075,Male,6,elevenlabs,1,5,1,5,1,3,2,2
session_024,survey_017,annotator_150,Woman,,clip_1848,15,speaker_075,Male,6,elevenlabs,0,5,5,1,1,1,2,1
session_024,survey_017,annotator_150,Woman,,clip_1862,17,speaker_038,Male,7,elevenlabs,0,4,1,4,1,2,2,2
session_024,survey_017,annotator_150,Woman,,clip_0117,18,speaker_015,Male,7,elevenlabs,0,5,5,1,1,1,2,1
session_024,survey_017,annotator_150,Woman,,clip_0311,20,speaker_037,Male,1,elevenlabs,0,5,1,5,1,3,2,2
session_004,survey_182,annotator_072,Woman,,clip_0603,2,speaker_002,Male,2,chatterbox,0,4,1,5,1,2,1,1
session_009,survey_060,annotator_080,Man,,clip_0970,20,speaker_059,Male,3,chatterbox,0,1,1,2,2,1,2,1
session_002,survey_130,annotator_057,Woman,,clip_0833,10,speaker_039,Female,8,chatterbox,1,3,3,5,2,2,3,1
session_003,survey_225,annotator_149,Woman,,clip_2097,8,speaker_068,Female,2,chatterbox,1,3,4,5,4,1,2,2
session_004,survey_182,annotator_072,Woman,,clip_0763,3,speaker_029,Male,4,chatterbox,1,5,2,5,2,1,1,1
session_007,survey_097,annotator_068,Woman,,clip_2214,2,speaker_079,Female,9,coqui_xtts,1,3,3,3,3,2,3,2
session_009,survey_060,annotator_080,Man,,clip_1096,1,speaker_086,Male,8,chatterbox,1,2,1,2,3,1,1,1
session_002,survey_130,annotator_057,Woman,,clip_0832,13,speaker_039,Female,8,chatterbox,0,5,2,1,1,3,2,1
session_007,survey_097,annotator_068,Woman,,clip_2171,3,speaker_055,Female,2,coqui_xtts,1,3,2,2,2,2,2,2
session_002,survey_130,annotator_057,Woman,,clip_0941,14,speaker_056,Female,9,chatterbox,1,5,2,5,1,3,3,1
session_011,survey_223,annotator_151,Man,,clip_1385,1,speaker_040,Female,2,coqui_xtts,1,3,2,4,3,2,2,1
session_012,survey_173,annotator_065,Woman,,clip_0115,11,speaker_015,Male,5,elevenlabs,0,2,2,1,2,1,1,1
session_001,survey_088,annotator_165,Man,,clip_0708,6,speaker_018,Male,6,chatterbox,0,2,1,3,1,1,1,1
session_009,survey_060,annotator_080,Man,,clip_0605,2,speaker_002,Male,6,chatterbox,0,2,2,2,1,3,2,1
session_004,survey_182,annotator_072,Woman,,clip_1088,5,speaker_085,Male,7,chatterbox,0,1,1,4,3,1,1,1
session_001,survey_088,annotator_165,Man,,clip_1888,7,speaker_038,Male,8,chatterbox,0,1,1,1,1,1,1,1
session_010,survey_220,annotator_118,Man,,clip_0666,2,speaker_011,Male,8,chatterbox,1,4,4,3,2,4,2,4
session_011,survey_223,annotator_151,Man,,clip_1670,2,speaker_041,Female,1,coqui_xtts,0,4,2,1,1,3,2,2
session_009,survey_060,annotator_080,Man,,clip_0816,3,speaker_036,Male,4,chatterbox,0,1,1,4,1,3,1,2
session_010,survey_220,annotator_118,Man,,clip_1929,3,speaker_067,Male,9,chatterbox,0,3,2,2,4,3,3,2
session_006,survey_192,annotator_055,Woman,,clip_0541,4,speaker_069,Female,7,elevenlabs,0,1,1,4,1,4,2,1
session_011,survey_223,annotator_151,Man,,clip_1236,3,speaker_017,Female,7,coqui_xtts,0,5,2,1,2,1,2,1
session_002,survey_130,annotator_057,Woman,,clip_0898,17,speaker_049,Female,2,chatterbox,0,5,3,5,1,4,3,2
session_006,survey_192,annotator_055,Woman,,clip_0386,5,speaker_046,Female,6,elevenlabs,1,2,4,1,1,1,1,1
session_009,survey_060,annotator_080,Man,,clip_0896,4,speaker_048,Male,8,chatterbox,0,4,2,3,1,2,1,1
session_004,survey_182,annotator_072,Woman,,clip_0605,6,speaker_002,Male,6,chatterbox,0,3,1,3,2,1,1,1
session_011,survey_223,annotator_151,Man,,clip_1527,4,speaker_064,Female,6,coqui_xtts,1,5,4,5,2,3,3,2
session_002,survey_130,annotator_057,Woman,,clip_0755,19,speaker_028,Female,6,chatterbox,1,5,3,5,2,3,3,1
session_003,survey_225,annotator_149,Woman,,clip_2100,15,speaker_068,Female,7,chatterbox,1,5,4,5,3,4,4,3
session_011,survey_223,annotator_151,Man,,clip_1726,5,speaker_077,Female,2,coqui_xtts,0,4,2,1,2,2,1,1
session_006,survey_192,annotator_055,Woman,,clip_0542,7,speaker_069,Female,7,elevenlabs,1,4,1,5,1,5,3,4
session_012,survey_173,annotator_065,Woman,,clip_0266,1,speaker_033,Male,7,elevenlabs,1,2,1,2,2,1,2,1
session_011,survey_223,annotator_151,Man,,clip_2205,7,speaker_077,Female,2,coqui_xtts,1,2,2,3,1,1,2,1
session_011,survey_223,annotator_151,Man,,clip_1706,8,speaker_041,Female,2,coqui_xtts,0,4,5,5,2,3,3,2
session_012,survey_173,annotator_065,Woman,,clip_1875,4,speaker_075,Male,7,elevenlabs,0,1,1,1,1,1,1,1
session_012,survey_173,annotator_065,Woman,,clip_0412,5,speaker_048,Male,1,elevenlabs,1,2,2,3,3,2,3,2
session_012,survey_173,annotator_065,Woman,,clip_0116,7,speaker_015,Male,5,elevenlabs,1,2,2,1,2,1,2,1
session_012,survey_173,annotator_065,Woman,,clip_0265,9,speaker_033,Male,7,elevenlabs,0,1,1,1,1,1,1,1
session_012,survey_173,annotator_065,Woman,,clip_0275,10,speaker_034,Male,4,elevenlabs,0,1,1,1,1,1,1,1
session_011,survey_223,annotator_151,Man,,clip_1384,10,speaker_040,Female,2,coqui_xtts,0,2,1,1,2,2,2,2
session_011,survey_223,annotator_151,Man,,clip_1580,11,speaker_078,Female,2,coqui_xtts,0,2,4,2,1,2,2,1
session_010,survey_220,annotator_118,Man,,clip_0613,4,speaker_003,Male,4,chatterbox,0,3,2,3,4,3,4,3
session_012,survey_173,annotator_065,Woman,,clip_0083,14,speaker_010,Male,7,elevenlabs,0,1,1,2,2,1,1,1
session_010,survey_220,annotator_118,Man,,clip_0950,5,speaker_057,Male,7,chatterbox,0,4,3,2,4,3,4,3
session_011,survey_223,annotator_151,Man,,clip_2165,13,speaker_051,Female,1,coqui_xtts,1,3,3,4,2,2,1,1
session_012,survey_173,annotator_065,Woman,,clip_2036,16,speaker_075,Male,7,elevenlabs,1,2,2,1,1,1,1,1
session_010,survey_220,annotator_118,Man,,clip_0785,7,speaker_032,Male,6,chatterbox,1,4,3,2,4,3,4,3
session_012,survey_173,annotator_065,Woman,,clip_1974,17,speaker_035,Male,5,elevenlabs,1,3,3,4,2,2,2,2
session_011,survey_223,annotator_151,Man,,clip_1547,15,speaker_070,Female,5,coqui_xtts,1,5,4,5,2,3,3,2
session_010,survey_220,annotator_118,Man,,clip_0681,8,speaker_015,Male,4,chatterbox,0,4,3,4,4,3,4,3
session_011,survey_223,annotator_151,Man,,clip_1458,16,speaker_052,Female,2,coqui_xtts,0,5,4,4,2,3,3,2
session_011,survey_223,annotator_151,Man,,clip_1237,17,speaker_017,Female,7,coqui_xtts,1,5,5,5,1,4,4,4
session_011,survey_223,annotator_151,Man,,clip_1581,18,speaker_078,Female,2,coqui_xtts,1,2,2,1,2,1,1,1
session_011,survey_223,annotator_151,Man,,clip_2160,19,speaker_041,Female,2,coqui_xtts,1,4,3,4,3,3,2,1
session_010,survey_220,annotator_118,Man,,clip_0784,11,speaker_032,Male,6,chatterbox,0,2,3,4,3,2,3,2
session_009,survey_060,annotator_080,Man,,clip_0971,6,speaker_059,Male,3,chatterbox,1,3,3,4,2,3,3,1
session_009,survey_060,annotator_080,Man,,clip_0794,7,speaker_033,Male,3,chatterbox,0,2,2,3,3,1,1,1
session_010,survey_220,annotator_118,Man,,clip_1755,14,speaker_065,Male,3,chatterbox,0,4,3,2,4,3,3,4
session_009,survey_060,annotator_080,Man,,clip_0817,8,speaker_036,Male,4,chatterbox,1,4,3,3,1,4,2,3
session_010,survey_220,annotator_118,Man,,clip_0682,16,speaker_015,Male,4,chatterbox,1,3,2,1,1,2,2,3
session_010,survey_220,annotator_118,Man,,clip_2087,17,speaker_065,Male,3,chatterbox,1,2,3,2,1,3,4,3
session_009,survey_060,annotator_080,Man,,clip_1095,10,speaker_086,Male,8,chatterbox,0,1,2,3,1,3,2,2
session_010,survey_220,annotator_118,Man,,clip_0683,19,speaker_015,Male,5,chatterbox,0,4,3,2,4,3,3,4
session_009,survey_060,annotator_080,Man,,clip_0814,11,speaker_036,Male,3,chatterbox,0,1,1,2,1,3,1,2
session_009,survey_060,annotator_080,Man,,clip_0789,13,speaker_032,Male,8,chatterbox,1,4,2,4,1,2,3,2
session_009,survey_060,annotator_080,Man,,clip_0795,15,speaker_033,Male,3,chatterbox,1,1,1,3,2,2,1,1
session_009,survey_060,annotator_080,Man,,clip_0815,16,speaker_036,Male,3,chatterbox,1,4,4,4,1,4,2,3
session_009,survey_060,annotator_080,Man,,clip_0661,18,speaker_011,Male,3,chatterbox,0,3,4,4,2,2,3,2
session_016,survey_020,annotator_035,Woman,,clip_2185,20,speaker_065,Male,8,coqui_xtts,1,5,4,5,4,3,4,4
session_022,survey_147,annotator_120,Man,,clip_1827,1,speaker_020,Female,6,coqui_xtts,0,4,3,2,3,2,3,4
session_022,survey_147,annotator_120,Man,,clip_1522,2,speaker_064,Female,3,coqui_xtts,0,3,3,2,1,2,3,3
session_022,survey_147,annotator_120,Man,,clip_2137,3,speaker_020,Female,6,coqui_xtts,1,2,1,2,2,3,3,2
session_022,survey_147,annotator_120,Man,,clip_2211,4,speaker_079,Female,5,coqui_xtts,1,3,2,3,3,2,3,2
session_022,survey_147,annotator_120,Man,,clip_1539,5,speaker_069,Female,8,coqui_xtts,1,3,3,4,1,2,3,3
session_022,survey_147,annotator_120,Man,,clip_2125,6,speaker_012,Female,2,coqui_xtts,1,1,1,3,2,3,3,2
session_022,survey_147,annotator_120,Man,,clip_1586,7,speaker_078,Female,9,coqui_xtts,0,3,4,3,2,4,2,4
session_022,survey_147,annotator_120,Man,,clip_1587,8,speaker_078,Female,9,coqui_xtts,1,3,3,4,3,2,4,2
session_022,survey_147,annotator_120,Man,,clip_1295,9,speaker_028,Female,6,coqui_xtts,1,3,2,4,3,3,4,3
session_022,survey_147,annotator_120,Man,,clip_1820,10,speaker_079,Female,5,coqui_xtts,0,3,2,4,3,2,3,2
session_022,survey_147,annotator_120,Man,,clip_1538,11,speaker_069,Female,8,coqui_xtts,0,3,3,4,3,3,4,2
session_022,survey_147,annotator_120,Man,,clip_1566,12,speaker_074,Female,3,coqui_xtts,0,3,4,3,2,4,4,3
session_022,survey_147,annotator_120,Man,,clip_1574,13,speaker_076,Female,7,coqui_xtts,0,1,2,3,3,4,2,2
session_022,survey_147,annotator_120,Man,,clip_1523,14,speaker_064,Female,3,coqui_xtts,1,4,3,5,4,3,4,3
session_022,survey_147,annotator_120,Man,,clip_1444,15,speaker_049,Female,6,coqui_xtts,0,4,3,3,4,4,3,2
session_022,survey_147,annotator_120,Man,,clip_1294,16,speaker_028,Female,6,coqui_xtts,0,2,3,4,3,4,3,4
session_022,survey_147,annotator_120,Man,,clip_1692,17,speaker_012,Female,2,coqui_xtts,0,1,1,1,2,2,3,2
session_022,survey_147,annotator_120,Man,,clip_1445,18,speaker_049,Female,6,coqui_xtts,1,3,2,4,3,2,2,3
session_022,survey_147,annotator_120,Man,,clip_1567,19,speaker_074,Female,3,coqui_xtts,1,3,2,4,3,4,4,3
session_025,survey_023,annotator_177,Man,,clip_0995,1,speaker_064,Female,7,chatterbox,1,2,4,5,4,3,2,1
session_022,survey_147,annotator_120,Man,,clip_1575,20,speaker_076,Female,7,coqui_xtts,1,3,2,1,4,3,4,3
session_025,survey_023,annotator_177,Man,,clip_0994,2,speaker_064,Female,7,chatterbox,0,1,1,1,1,1,1,1
session_028,survey_105,annotator_169,Woman,,clip_0965,1,speaker_058,Male,9,chatterbox,1,3,3,3,3,3,3,3
session_025,survey_023,annotator_177,Man,,clip_0989,3,speaker_064,Female,2,chatterbox,1,4,1,3,5,1,1,1
session_028,survey_105,annotator_169,Woman,,clip_0628,2,speaker_005,Male,9,chatterbox,1,2,2,2,2,2,2,2
session_028,survey_105,annotator_169,Woman,,clip_0672,3,speaker_013,Male,4,chatterbox,1,3,3,3,4,3,3,3
session_026,survey_073,annotator_173,Man,,clip_1323,8,speaker_030,Male,8,coqui_xtts,1,1,1,1,1,2,1,1
session_028,survey_105,annotator_169,Woman,,clip_0671,4,speaker_013,Male,4,chatterbox,0,3,3,3,3,3,3,3
session_025,survey_023,annotator_177,Man,,clip_1034,4,speaker_074,Female,7,chatterbox,0,1,2,1,1,4,1,1
session_023,survey_175,annotator_051,Woman,,clip_1997,14,speaker_055,Female,5,elevenlabs,1,5,4,5,4,4,4,4
session_028,survey_105,annotator_169,Woman,,clip_1763,5,speaker_075,Male,3,chatterbox,0,2,2,2,2,2,3,3
session_025,survey_023,annotator_177,Man,,clip_0714,5,speaker_021,Female,3,chatterbox,0,1,3,1,1,4,1,1
session_028,survey_105,annotator_169,Woman,,clip_0797,6,speaker_033,Male,4,chatterbox,1,3,2,2,2,2,2,2
session_023,survey_175,annotator_051,Woman,,clip_1946,15,speaker_012,Female,4,elevenlabs,1,5,4,5,4,4,4,4
session_028,survey_105,annotator_169,Woman,,clip_0981,7,speaker_060,Male,9,chatterbox,1,3,3,3,3,4,3,2
session_025,survey_023,annotator_177,Man,,clip_0983,6,speaker_061,Female,2,chatterbox,1,3,4,1,3,3,2,2
session_026,survey_073,annotator_173,Man,,clip_1322,12,speaker_030,Male,8,coqui_xtts,0,1,1,1,1,1,1,1
session_028,survey_105,annotator_169,Woman,,clip_0722,8,speaker_022,Male,8,chatterbox,0,2,3,2,2,2,3,2
session_025,survey_023,annotator_177,Man,,clip_1035,7,speaker_074,Female,7,chatterbox,1,1,4,2,3,2,2,2
session_028,survey_105,annotator_169,Woman,,clip_0825,9,speaker_037,Male,9,chatterbox,1,2,2,3,2,2,2,3
session_025,survey_023,annotator_177,Man,,clip_0911,8,speaker_050,Female,4,chatterbox,1,3,4,1,2,4,2,2
session_023,survey_175,annotator_051,Woman,,clip_0113,19,speaker_014,Female,7,elevenlabs,0,2,2,2,3,3,2,2
session_028,survey_105,annotator_169,Woman,,clip_0635,10,speaker_008,Male,8,chatterbox,0,2,3,2,3,3,3,2
session_025,survey_023,annotator_177,Man,,clip_0988,9,speaker_064,Female,2,chatterbox,0,1,1,1,1,1,1,1
session_026,survey_073,annotator_173,Man,,clip_1342,16,speaker_033,Male,8,coqui_xtts,0,2,1,1,1,1,1,1
session_028,survey_105,annotator_169,Woman,,clip_0796,11,speaker_033,Male,4,chatterbox,0,3,3,3,3,3,3,2
session_025,survey_023,annotator_177,Man,,clip_0752,10,speaker_028,Female,2,chatterbox,0,1,1,1,1,1,1,1
session_025,survey_023,annotator_177,Man,,clip_0982,11,speaker_061,Female,2,chatterbox,0,2,2,1,2,2,1,1
session_024,survey_017,annotator_150,Woman,,clip_0203,12,speaker_026,Male,5,elevenlabs,0,4,1,4,1,2,2,3
session_028,survey_105,annotator_169,Woman,,clip_2105,12,speaker_075,Male,3,chatterbox,1,3,3,2,3,3,3,2
session_025,survey_023,annotator_177,Man,,clip_1658,12,speaker_012,Female,1,chatterbox,0,1,1,1,1,1,1,1
session_029,survey_007,annotator_105,Woman,,clip_0532,1,speaker_064,Female,6,elevenlabs,1,4,4,5,5,3,4,4
session_024,survey_017,annotator_150,Woman,,clip_0312,14,speaker_037,Male,1,elevenlabs,1,4,1,5,1,2,2,2
session_029,survey_007,annotator_105,Woman,,clip_0453,2,speaker_056,Female,2,elevenlabs,0,5,3,4,2,4,2,3
session_028,survey_105,annotator_169,Woman,,clip_0723,13,speaker_022,Male,8,chatterbox,1,3,3,3,3,3,3,3
session_025,survey_023,annotator_177,Man,,clip_2040,13,speaker_012,Female,1,chatterbox,1,3,4,4,3,2,2,2
session_028,survey_105,annotator_169,Woman,,clip_0636,14,speaker_008,Male,8,chatterbox,1,3,3,2,3,3,3,2
session_025,survey_023,annotator_177,Man,,clip_1844,14,speaker_066,Female,6,chatterbox,0,1,1,1,1,1,1,1
session_029,survey_007,annotator_105,Woman,,clip_0335,3,speaker_040,Female,8,elevenlabs,0,3,4,2,2,3,3,3
session_024,survey_017,annotator_150,Woman,,clip_0042,16,speaker_005,Male,4,elevenlabs,1,5,1,5,1,1,2,1
session_029,survey_007,annotator_105,Woman,,clip_1962,5,speaker_020,Female,1,elevenlabs,1,5,4,5,4,4,4,4
session_029,survey_007,annotator_105,Woman,,clip_1676,6,speaker_055,Female,1,elevenlabs,0,3,2,2,2,2,3,2
session_029,survey_007,annotator_105,Woman,,clip_1733,7,speaker_020,Female,3,elevenlabs,0,4,3,4,3,4,3,3
session_028,survey_105,annotator_169,Woman,,clip_0751,15,speaker_026,Male,7,chatterbox,1,3,3,3,3,3,3,2
session_029,survey_007,annotator_105,Woman,,clip_0336,9,speaker_040,Female,8,elevenlabs,1,4,3,3,4,3,3,2
session_028,survey_105,annotator_169,Woman,,clip_0750,16,speaker_026,Male,7,chatterbox,0,2,2,3,3,3,3,3
session_028,survey_105,annotator_169,Woman,,clip_0980,17,speaker_060,Male,9,chatterbox,0,2,3,3,2,3,3,3
session_029,survey_007,annotator_105,Woman,,clip_2026,11,speaker_068,Female,8,elevenlabs,1,5,4,5,2,4,3,4
session_025,survey_023,annotator_177,Man,,clip_0874,19,speaker_047,Female,3,chatterbox,0,1,2,4,3,1,1,1
session_028,survey_105,annotator_169,Woman,,clip_0627,18,speaker_005,Male,9,chatterbox,0,2,2,2,3,2,3,3
session_028,survey_105,annotator_169,Woman,,clip_0824,19,speaker_037,Male,9,chatterbox,0,3,3,3,3,3,3,2
session_025,survey_023,annotator_177,Man,,clip_2093,20,speaker_066,Female,6,chatterbox,1,1,1,2,2,2,1,1
session_029,survey_007,annotator_105,Woman,,clip_2001,15,speaker_062,Female,4,elevenlabs,1,2,5,5,5,3,4,3
session_029,survey_007,annotator_105,Woman,,clip_0321,16,speaker_039,Female,7,elevenlabs,0,3,2,2,3,2,3,2
session_029,survey_007,annotator_105,Woman,,clip_1900,18,speaker_068,Female,8,elevenlabs,0,3,2,4,3,3,3,3
session_029,survey_007,annotator_105,Woman,,clip_1783,20,speaker_062,Female,4,elevenlabs,0,1,1,1,2,2,1,1
session_011,survey_223,annotator_151,Man,,clip_1673,6,speaker_051,Female,1,coqui_xtts,0,4,4,4,2,3,3,3
session_009,survey_060,annotator_080,Man,,clip_0606,5,speaker_002,Male,6,chatterbox,1,1,3,3,2,3,3,1
session_012,survey_173,annotator_065,Woman,,clip_0472,2,speaker_057,Male,5,elevenlabs,1,4,2,4,3,3,3,2
session_003,survey_225,annotator_149,Woman,,clip_1719,18,speaker_068,Female,2,chatterbox,0,3,2,4,2,1,1,1
session_012,survey_173,annotator_065,Woman,,clip_0276,3,speaker_034,Male,4,elevenlabs,1,3,2,4,2,2,3,2
session_003,survey_225,annotator_149,Woman,,clip_0732,19,speaker_024,Female,3,chatterbox,0,2,2,1,1,1,1,1
session_011,survey_223,annotator_151,Man,,clip_2162,9,speaker_041,Female,1,coqui_xtts,1,5,5,5,1,3,4,4
session_006,survey_192,annotator_055,Woman,,clip_0569,9,speaker_072,Female,8,elevenlabs,0,3,1,4,2,3,3,3
session_012,survey_173,annotator_065,Woman,,clip_2013,6,speaker_065,Male,5,elevenlabs,1,1,2,3,1,2,2,2
session_016,survey_020,annotator_035,Woman,,clip_1324,19,speaker_031,Male,3,coqui_xtts,0,5,1,2,3,2,2,2
session_006,survey_192,annotator_055,Woman,,clip_0182,10,speaker_024,Female,8,elevenlabs,1,3,2,5,3,4,4,3
session_012,survey_173,annotator_065,Woman,,clip_0471,8,speaker_057,Male,5,elevenlabs,0,2,3,4,2,3,3,2
session_014,survey_099,annotator_120,Man,,clip_2028,1,speaker_068,Female,1,elevenlabs,1,4,3,4,3,4,2,4
session_006,survey_192,annotator_055,Woman,,clip_0323,11,speaker_039,Female,8,elevenlabs,0,1,4,2,1,1,2,2
session_010,survey_220,annotator_118,Man,,clip_0663,1,speaker_011,Male,4,chatterbox,0,2,3,2,1,4,4,3
session_015,survey_104,annotator_054,Woman,,clip_0769,1,speaker_030,Male,2,chatterbox,1,2,3,4,3,3,4,4
session_012,survey_173,annotator_065,Woman,,clip_1801,12,speaker_035,Male,5,elevenlabs,0,2,2,3,2,2,2,2
session_012,survey_173,annotator_065,Woman,,clip_1810,13,speaker_065,Male,5,elevenlabs,0,3,3,3,2,2,2,2
session_015,survey_104,annotator_054,Woman,,clip_2117,2,speaker_080,Male,1,chatterbox,1,4,4,4,3,2,3,3
session_014,survey_099,annotator_120,Man,,clip_1749,2,speaker_055,Female,3,elevenlabs,0,4,2,2,3,2,3,2
session_011,survey_223,annotator_151,Man,,clip_1546,12,speaker_070,Female,5,coqui_xtts,0,4,1,1,2,2,1,1
session_006,survey_192,annotator_055,Woman,,clip_0518,13,speaker_061,Female,3,elevenlabs,1,1,4,4,4,1,4,1
session_012,survey_173,annotator_065,Woman,,clip_0084,15,speaker_010,Male,7,elevenlabs,1,4,3,4,4,2,3,3
session_014,survey_099,annotator_120,Man,,clip_0466,3,speaker_056,Female,1,elevenlabs,1,4,3,2,4,3,4,3
session_010,survey_220,annotator_118,Man,,clip_0684,6,speaker_015,Male,5,chatterbox,1,2,3,2,4,3,3,3
session_001,survey_088,annotator_165,Man,,clip_2084,10,speaker_063,Male,5,chatterbox,1,4,5,5,2,3,2,1
session_014,survey_099,annotator_120,Man,,clip_0336,4,speaker_040,Female,8,elevenlabs,1,3,3,2,4,3,4,4
session_011,survey_223,annotator_151,Man,,clip_1459,14,speaker_052,Female,2,coqui_xtts,1,5,5,4,1,4,4,4
session_015,survey_104,annotator_054,Woman,,clip_0667,3,speaker_011,Male,9,chatterbox,0,2,3,3,2,2,3,3
session_001,survey_088,annotator_165,Man,,clip_2085,11,speaker_063,Male,7,chatterbox,1,4,3,4,1,2,3,1
session_012,survey_173,annotator_065,Woman,,clip_0411,18,speaker_048,Male,1,elevenlabs,0,3,2,4,3,2,3,3
session_001,survey_088,annotator_165,Man,,clip_2068,12,speaker_038,Male,8,chatterbox,1,1,1,2,1,1,1,1
session_012,survey_173,annotator_065,Woman,,clip_0006,19,speaker_001,Male,6,elevenlabs,1,3,2,4,3,2,3,3
session_014,survey_099,annotator_120,Man,,clip_1733,5,speaker_020,Female,3,elevenlabs,0,1,3,2,1,2,3,3
session_015,survey_104,annotator_054,Woman,,clip_0967,4,speaker_058,Male,1,chatterbox,1,2,3,4,2,3,2,2
session_001,survey_088,annotator_165,Man,,clip_0716,13,speaker_022,Male,5,chatterbox,0,1,1,1,1,1,1,1
session_012,survey_173,annotator_065,Woman,,clip_0005,20,speaker_001,Male,6,elevenlabs,0,1,1,2,1,1,2,1
session_014,survey_099,annotator_120,Man,,clip_0335,6,speaker_040,Female,8,elevenlabs,0,2,3,2,4,2,2,3
session_006,survey_192,annotator_055,Woman,,clip_0448,16,speaker_053,Female,8,elevenlabs,1,3,2,3,2,3,2,3
session_014,survey_099,annotator_120,Man,,clip_1995,7,speaker_055,Female,3,elevenlabs,1,4,3,2,3,3,4,3
session_010,survey_220,annotator_118,Man,,clip_0776,9,speaker_030,Male,1,chatterbox,0,3,2,4,3,2,4,3
session_014,survey_099,annotator_120,Man,,clip_0521,8,speaker_061,Female,6,elevenlabs,0,3,2,4,3,4,2,4
session_015,survey_104,annotator_054,Woman,,clip_0668,5,speaker_011,Male,9,chatterbox,1,4,4,5,3,3,3,3
session_004,survey_182,annotator_072,Woman,,clip_1095,16,speaker_086,Male,8,chatterbox,0,1,1,1,1,1,1,1
session_018,survey_184,annotator_083,Woman,,clip_2154,1,speaker_035,Male,1,coqui_xtts,1,4,2,5,2,1,4,4
session_017,survey_010,annotator_027,Woman,,clip_2042,2,speaker_019,Male,5,chatterbox,1,3,2,4,4,4,3,2
session_018,survey_184,annotator_083,Woman,,clip_1244,2,speaker_018,Male,4,coqui_xtts,0,2,2,3,3,4,4,5
session_015,survey_104,annotator_054,Woman,,clip_2096,7,speaker_067,Male,9,chatterbox,1,2,1,2,3,3,3,3
session_014,survey_099,annotator_120,Man,,clip_0413,9,speaker_049,Female,3,elevenlabs,0,4,3,2,4,3,2,3
session_018,survey_184,annotator_083,Woman,,clip_1359,3,speaker_034,Male,1,coqui_xtts,1,3,1,3,3,3,2,2
session_017,survey_010,annotator_027,Woman,,clip_0662,5,speaker_011,Male,3,chatterbox,1,2,1,3,1,1,3,1
session_014,survey_099,annotator_120,Man,,clip_1682,10,speaker_068,Female,1,elevenlabs,0,2,3,4,2,1,3,2
session_014,survey_099,annotator_120,Man,,clip_1956,11,speaker_020,Female,3,elevenlabs,1,3,2,1,3,4,2,3
session_015,survey_104,annotator_054,Woman,,clip_0768,9,speaker_030,Male,2,chatterbox,0,1,2,2,3,2,2,2
session_016,survey_020,annotator_035,Woman,,clip_1116,4,speaker_003,Male,5,coqui_xtts,1,5,3,5,2,1,2,1
session_018,survey_184,annotator_083,Woman,,clip_1347,5,speaker_033,Male,1,coqui_xtts,1,2,1,4,2,2,2,2
session_015,survey_104,annotator_054,Woman,,clip_2041,10,speaker_019,Male,2,chatterbox,1,3,2,4,3,2,3,3
session_017,survey_010,annotator_027,Woman,,clip_0618,8,speaker_004,Male,5,chatterbox,1,3,3,3,2,1,2,1
session_014,survey_099,annotator_120,Man,,clip_0389,13,speaker_047,Female,2,elevenlabs,0,4,3,1,4,3,3,4
session_015,survey_104,annotator_054,Woman,,clip_2104,11,speaker_075,Male,2,chatterbox,1,2,3,3,4,2,2,3
session_017,survey_010,annotator_027,Woman,,clip_1085,9,speaker_085,Male,2,chatterbox,1,4,1,1,2,2,3,2
session_015,survey_104,annotator_054,Woman,,clip_0971,12,speaker_059,Male,3,chatterbox,1,3,3,4,3,3,3,3
session_014,survey_099,annotator_120,Man,,clip_0390,14,speaker_047,Female,2,elevenlabs,1,4,3,2,4,3,2,4
session_017,survey_010,annotator_027,Woman,,clip_1090,10,speaker_085,Male,8,chatterbox,0,2,1,1,2,1,1,1
session_018,survey_184,annotator_083,Woman,,clip_2183,9,speaker_065,Male,5,coqui_xtts,1,4,1,5,2,4,3,4
session_017,survey_010,annotator_027,Woman,,clip_1797,11,speaker_019,Male,5,chatterbox,0,2,1,3,1,1,2,1
session_016,survey_020,annotator_035,Woman,,clip_1592,7,speaker_081,Male,4,coqui_xtts,0,5,5,4,5,3,4,4
session_017,survey_010,annotator_027,Woman,,clip_1091,12,speaker_085,Male,8,chatterbox,1,3,2,3,2,2,1,1
session_016,survey_020,annotator_035,Woman,,clip_1590,8,speaker_081,Male,3,coqui_xtts,0,5,4,4,4,4,4,4
session_018,survey_184,annotator_083,Woman,,clip_1603,11,speaker_081,Male,9,coqui_xtts,1,3,1,4,4,3,2,3
session_017,survey_010,annotator_027,Woman,,clip_0748,13,speaker_026,Male,6,chatterbox,0,2,2,3,1,1,2,2
session_015,survey_104,annotator_054,Woman,,clip_1689,15,speaker_080,Male,1,chatterbox,0,4,3,2,3,3,3,3
session_018,survey_184,annotator_083,Woman,,clip_1175,12,speaker_011,Male,6,coqui_xtts,1,2,1,2,3,2,1,2
session_016,survey_020,annotator_035,Woman,,clip_1485,9,speaker_057,Male,7,coqui_xtts,1,5,4,5,3,1,3,1
session_014,survey_099,annotator_120,Man,,clip_1927,19,speaker_066,Female,9,elevenlabs,0,1,2,2,2,1,2,4
session_018,survey_184,annotator_083,Woman,,clip_1490,13,speaker_058,Male,2,coqui_xtts,0,2,2,3,1,3,3,3
session_014,survey_099,annotator_120,Man,,clip_0522,20,speaker_061,Female,6,elevenlabs,1,3,2,4,3,2,3,4
session_018,survey_184,annotator_083,Woman,,clip_1666,14,speaker_035,Male,1,coqui_xtts,0,1,1,2,2,2,3,4
session_016,survey_020,annotator_035,Woman,,clip_1432,11,speaker_048,Male,2,coqui_xtts,0,5,3,5,3,4,4,4
session_017,survey_010,annotator_027,Woman,,clip_0689,17,speaker_015,Male,1,chatterbox,0,3,1,1,1,2,2,1
session_016,survey_020,annotator_035,Woman,,clip_1496,12,speaker_058,Male,5,coqui_xtts,0,5,5,5,4,5,5,5
session_018,survey_184,annotator_083,Woman,,clip_1174,16,speaker_011,Male,6,coqui_xtts,0,3,2,4,3,4,4,5
session_017,survey_010,annotator_027,Woman,,clip_0690,18,speaker_015,Male,1,chatterbox,1,4,1,1,1,1,2,2
session_016,survey_020,annotator_035,Woman,,clip_1494,13,speaker_058,Male,4,coqui_xtts,0,4,4,5,2,2,1,1
session_018,survey_184,annotator_083,Woman,,clip_1358,18,speaker_034,Male,1,coqui_xtts,0,3,1,1,1,2,2,2
session_017,survey_010,annotator_027,Woman,,clip_0661,19,speaker_011,Male,3,chatterbox,0,2,1,3,1,1,1,1
session_016,survey_020,annotator_035,Woman,,clip_1433,14,speaker_048,Male,2,coqui_xtts,1,5,1,5,3,2,2,1
session_017,survey_010,annotator_027,Woman,,clip_0609,20,speaker_002,Male,8,chatterbox,0,3,1,2,2,1,2,1
session_016,survey_020,annotator_035,Woman,,clip_1115,15,speaker_003,Male,5,coqui_xtts,0,5,4,5,3,4,4,4
session_015,survey_104,annotator_054,Woman,,clip_0952,20,speaker_057,Male,8,chatterbox,0,2,3,2,2,2,3,3
session_016,survey_020,annotator_035,Woman,,clip_1325,17,speaker_031,Male,3,coqui_xtts,1,5,4,5,4,4,4,4
session_010,survey_220,annotator_118,Man,,clip_0777,10,speaker_030,Male,1,chatterbox,1,4,3,4,2,3,2,4
session_021,survey_080,annotator_123,Man,,clip_0235,3,speaker_030,Male,5,elevenlabs,0,4,3,3,4,4,4,3
session_021,survey_080,annotator_123,Man,,clip_1723,4,speaker_075,Male,2,elevenlabs,0,4,4,3,4,4,3,4
session_021,survey_080,annotator_123,Man,,clip_0067,5,speaker_009,Male,3,elevenlabs,0,4,4,3,4,4,3,3
session_021,survey_080,annotator_123,Man,,clip_1953,6,speaker_019,Male,9,elevenlabs,1,4,4,3,3,4,4,3
session_021,survey_080,annotator_123,Man,,clip_0068,7,speaker_009,Male,3,elevenlabs,1,4,4,3,4,4,3,3
session_021,survey_080,annotator_123,Man,,clip_0269,8,speaker_033,Male,1,elevenlabs,0,4,3,4,4,4,3,4
session_021,survey_080,annotator_123,Man,,clip_1775,9,speaker_035,Male,4,elevenlabs,0,4,3,4,4,4,3,4
session_021,survey_080,annotator_123,Man,,clip_0270,10,speaker_033,Male,1,elevenlabs,1,4,3,4,4,4,4,4
session_021,survey_080,annotator_123,Man,,clip_0021,11,speaker_003,Male,4,elevenlabs,0,4,3,3,3,4,3,4
session_021,survey_080,annotator_123,Man,,clip_0309,12,speaker_037,Male,9,elevenlabs,0,4,4,3,4,4,3,3
session_021,survey_080,annotator_123,Man,,clip_2033,13,speaker_075,Male,2,elevenlabs,1,4,3,3,4,4,4,4
session_021,survey_080,annotator_123,Man,,clip_0230,14,speaker_029,Male,8,elevenlabs,1,4,4,3,3,4,3,4
session_021,survey_080,annotator_123,Man,,clip_0229,15,speaker_029,Male,8,elevenlabs,0,4,4,3,3,4,4,3
session_021,survey_080,annotator_123,Man,,clip_1973,16,speaker_035,Male,4,elevenlabs,1,4,3,3,3,4,4,3
session_021,survey_080,annotator_123,Man,,clip_1908,17,speaker_019,Male,9,elevenlabs,0,4,4,3,3,4,4,3
session_021,survey_080,annotator_123,Man,,clip_0022,18,speaker_003,Male,4,elevenlabs,1,4,3,4,3,4,4,3
session_021,survey_080,annotator_123,Man,,clip_0236,19,speaker_030,Male,5,elevenlabs,1,4,3,4,4,3,4,3
session_021,survey_080,annotator_123,Man,,clip_1879,20,speaker_019,Male,8,elevenlabs,0,4,3,4,4,4,4,4
session_019,survey_150,annotator_118,Man,,clip_1537,20,speaker_069,Female,7,coqui_xtts,1,4,3,2,1,4,4,3
session_027,survey_187,annotator_084,Woman,,clip_1041,1,speaker_076,Female,5,chatterbox,1,2,3,5,3,3,3,4
session_027,survey_187,annotator_084,Woman,,clip_2071,2,speaker_041,Female,3,chatterbox,1,3,4,5,3,3,4,5
session_027,survey_187,annotator_084,Woman,,clip_0845,3,speaker_042,Female,6,chatterbox,1,3,4,5,3,3,4,5
session_027,survey_187,annotator_084,Woman,,clip_1025,4,speaker_072,Female,8,chatterbox,1,4,3,5,4,3,4,4
session_027,survey_187,annotator_084,Woman,,clip_2073,5,speaker_051,Female,8,chatterbox,1,1,2,5,2,1,2,1
session_023,survey_175,annotator_051,Woman,,clip_0536,11,speaker_069,Female,2,elevenlabs,1,5,5,5,5,5,5,5
session_024,survey_017,annotator_150,Woman,,clip_0236,4,speaker_030,Male,5,elevenlabs,1,5,1,5,1,2,2,2
session_027,survey_187,annotator_084,Woman,,clip_1007,6,speaker_069,Female,7,chatterbox,1,5,3,5,2,5,5,5
session_027,survey_187,annotator_084,Woman,,clip_0679,7,speaker_014,Female,7,chatterbox,0,2,2,1,1,3,2,3
session_024,survey_017,annotator_150,Woman,,clip_0264,5,speaker_033,Male,5,elevenlabs,1,5,2,1,1,2,1,1
session_027,survey_187,annotator_084,Woman,,clip_1073,8,speaker_083,Female,3,chatterbox,1,5,5,5,3,4,5,5
session_027,survey_187,annotator_084,Woman,,clip_1040,9,speaker_076,Female,5,chatterbox,0,2,2,1,1,2,2,2
session_027,survey_187,annotator_084,Woman,,clip_1760,10,speaker_071,Female,3,chatterbox,0,1,2,1,1,1,2,2
session_027,survey_187,annotator_084,Woman,,clip_1006,11,speaker_069,Female,7,chatterbox,0,4,3,4,1,4,2,3
session_023,survey_175,annotator_051,Woman,,clip_0139,16,speaker_017,Female,5,elevenlabs,0,4,2,2,3,3,3,3
session_027,survey_187,annotator_084,Woman,,clip_0699,12,speaker_017,Female,6,chatterbox,0,3,2,1,2,2,2,2
session_024,survey_017,annotator_150,Woman,,clip_0089,8,speaker_011,Male,7,elevenlabs,0,4,1,5,1,3,2,2
session_027,survey_187,annotator_084,Woman,,clip_0680,13,speaker_014,Female,7,chatterbox,1,3,2,1,3,2,2,2
session_027,survey_187,annotator_084,Woman,,clip_0700,14,speaker_017,Female,6,chatterbox,1,3,2,1,2,2,2,2
session_026,survey_073,annotator_173,Man,,clip_1225,14,speaker_016,Male,5,coqui_xtts,1,3,1,4,1,3,2,2
session_027,survey_187,annotator_084,Woman,,clip_1743,15,speaker_041,Female,3,chatterbox,0,3,3,3,2,2,2,3
session_027,survey_187,annotator_084,Woman,,clip_1072,16,speaker_083,Female,3,chatterbox,0,5,4,3,3,4,3,3
session_027,survey_187,annotator_084,Woman,,clip_0844,17,speaker_042,Female,6,chatterbox,0,3,2,1,2,2,2,2
session_026,survey_073,annotator_173,Man,,clip_1502,17,speaker_058,Male,9,coqui_xtts,0,3,2,2,1,1,1,1
session_027,survey_187,annotator_084,Woman,,clip_1024,18,speaker_072,Female,8,chatterbox,0,4,3,2,3,3,3,3
session_024,survey_017,annotator_150,Woman,,clip_0204,11,speaker_026,Male,5,elevenlabs,1,5,1,5,1,4,3,4
session_027,survey_187,annotator_084,Woman,,clip_1890,19,speaker_051,Female,8,chatterbox,0,4,3,4,4,4,3,4
session_027,survey_187,annotator_084,Woman,,clip_2101,20,speaker_071,Female,3,chatterbox,1,3,3,4,3,3,3,4
session_030,survey_062,annotator_051,Woman,,clip_0237,1,speaker_030,Male,6,elevenlabs,0,3,2,1,2,2,2,1
session_030,survey_062,annotator_051,Woman,,clip_1678,2,speaker_063,Male,1,elevenlabs,0,4,4,5,4,4,4,4
session_030,survey_062,annotator_051,Woman,,clip_1701,3,speaker_035,Male,2,elevenlabs,0,4,4,4,4,3,4,4
session_029,survey_007,annotator_105,Woman,,clip_1956,4,speaker_020,Female,3,elevenlabs,1,5,5,4,4,4,4,4
session_030,survey_062,annotator_051,Woman,,clip_0238,4,speaker_030,Male,6,elevenlabs,1,5,5,5,5,4,4,5
session_025,survey_023,annotator_177,Man,,clip_0875,15,speaker_047,Female,3,chatterbox,1,4,5,4,4,3,3,3
session_030,survey_062,annotator_051,Woman,,clip_2009,5,speaker_063,Male,1,elevenlabs,1,4,4,5,4,4,4,4
session_025,survey_023,annotator_177,Man,,clip_0910,16,speaker_050,Female,4,chatterbox,0,2,2,1,1,3,1,1
session_030,survey_062,annotator_051,Woman,,clip_1716,6,speaker_065,Male,2,elevenlabs,0,2,1,3,2,3,2,2
session_024,survey_017,annotator_150,Woman,,clip_0118,19,speaker_015,Male,7,elevenlabs,1,5,5,1,1,1,2,1
session_029,survey_007,annotator_105,Woman,,clip_1662,8,speaker_020,Female,1,elevenlabs,0,5,4,4,4,3,4,3
session_030,survey_062,annotator_051,Woman,,clip_0259,7,speaker_033,Male,3,elevenlabs,0,3,2,1,2,2,3,3
session_025,survey_023,annotator_177,Man,,clip_0715,17,speaker_021,Female,3,chatterbox,1,2,3,1,1,3,2,2
session_029,survey_007,annotator_105,Woman,,clip_0531,10,speaker_064,Female,6,elevenlabs,0,3,3,3,4,3,3,3
session_030,survey_062,annotator_051,Woman,,clip_0279,8,speaker_034,Male,8,elevenlabs,0,3,2,1,3,3,3,3
session_025,survey_023,annotator_177,Man,,clip_0753,18,speaker_028,Female,2,chatterbox,1,3,4,1,4,2,2,2
session_029,survey_007,annotator_105,Woman,,clip_0454,12,speaker_056,Female,2,elevenlabs,1,2,3,5,3,4,4,3
session_030,survey_062,annotator_051,Woman,,clip_0261,9,speaker_033,Male,4,elevenlabs,0,3,2,1,2,3,3,3
session_029,survey_007,annotator_105,Woman,,clip_0562,13,speaker_072,Female,4,elevenlabs,1,2,2,4,3,3,3,3
session_030,survey_062,annotator_051,Woman,,clip_0171,10,speaker_022,Male,1,elevenlabs,0,3,2,1,2,2,3,3
session_029,survey_007,annotator_105,Woman,,clip_0322,14,speaker_039,Female,7,elevenlabs,1,2,2,4,3,2,3,2
session_030,survey_062,annotator_051,Woman,,clip_2010,11,speaker_065,Male,2,elevenlabs,1,5,3,4,3,3,3,3
session_028,survey_105,annotator_169,Woman,,clip_0964,20,speaker_058,Male,9,chatterbox,0,2,2,3,2,3,3,3
session_030,survey_062,annotator_051,Woman,,clip_0172,12,speaker_022,Male,1,elevenlabs,1,4,2,1,3,2,3,3
session_030,survey_062,annotator_051,Woman,,clip_0260,13,speaker_033,Male,3,elevenlabs,1,4,4,5,4,3,4,4
session_029,survey_007,annotator_105,Woman,,clip_0561,17,speaker_072,Female,4,elevenlabs,0,3,2,4,5,4,4,4
session_030,survey_062,annotator_051,Woman,,clip_0072,14,speaker_009,Male,7,elevenlabs,1,4,3,2,3,5,4,4
session_030,survey_062,annotator_051,Woman,,clip_1971,15,speaker_035,Male,2,elevenlabs,1,4,4,5,5,3,4,4
session_030,survey_062,annotator_051,Woman,,clip_0169,16,speaker_022,Male,9,elevenlabs,0,3,2,2,3,3,3,3
session_030,survey_062,annotator_051,Woman,,clip_0071,17,speaker_009,Male,7,elevenlabs,0,4,4,4,4,4,4,4
session_029,survey_007,annotator_105,Woman,,clip_2000,19,speaker_055,Female,1,elevenlabs,1,3,3,3,4,4,3,3
session_030,survey_062,annotator_051,Woman,,clip_0170,18,speaker_022,Male,9,elevenlabs,1,5,4,4,4,4,4,4
session_030,survey_062,annotator_051,Woman,,clip_0262,20,speaker_033,Male,4,elevenlabs,1,4,4,4,5,4,4,4
session_001,survey_088,annotator_165,Man,,clip_0637,14,speaker_009,Male,3,chatterbox,0,4,4,5,3,3,4,3
session_017,survey_010,annotator_027,Woman,,clip_0617,1,speaker_004,Male,5,chatterbox,0,2,2,3,2,2,2,3
session_011,survey_223,annotator_151,Man,,clip_1526,20,speaker_064,Female,6,coqui_xtts,0,2,1,4,2,1,1,1
session_006,survey_192,annotator_055,Woman,,clip_0385,18,speaker_046,Female,6,elevenlabs,0,2,3,1,3,1,3,1
session_016,survey_020,annotator_035,Woman,,clip_1495,1,speaker_058,Male,4,coqui_xtts,1,5,2,5,2,4,4,4
session_015,survey_104,annotator_054,Woman,,clip_0953,6,speaker_057,Male,8,chatterbox,1,2,2,4,2,3,4,3
session_001,survey_088,annotator_165,Man,,clip_1866,18,speaker_063,Male,7,chatterbox,0,2,2,3,1,2,2,1
session_017,survey_010,annotator_027,Woman,,clip_1084,3,speaker_085,Male,2,chatterbox,0,2,2,2,2,2,1,1
session_016,survey_020,annotator_035,Woman,,clip_1484,2,speaker_057,Male,7,coqui_xtts,0,5,1,5,1,3,3,2
session_001,survey_088,annotator_165,Man,,clip_1090,20,speaker_085,Male,8,chatterbox,0,1,1,1,1,1,1,1
session_017,survey_010,annotator_027,Woman,,clip_0778,4,speaker_031,Male,4,chatterbox,0,2,1,2,1,1,3,2
session_010,survey_220,annotator_118,Man,,clip_2096,12,speaker_067,Male,9,chatterbox,1,1,1,2,3,3,4,3
session_004,survey_182,annotator_072,Woman,,clip_0606,17,speaker_002,Male,6,chatterbox,1,4,3,5,2,1,1,1
session_015,survey_104,annotator_054,Woman,,clip_1082,8,speaker_084,Male,6,chatterbox,0,1,1,2,1,1,2,2
session_010,survey_220,annotator_118,Man,,clip_0664,13,speaker_011,Male,4,chatterbox,1,3,2,4,3,2,2,3
session_016,survey_020,annotator_035,Woman,,clip_1497,3,speaker_058,Male,5,coqui_xtts,1,5,1,4,4,1,3,2
session_017,survey_010,annotator_027,Woman,,clip_0749,6,speaker_026,Male,6,chatterbox,1,2,1,1,1,1,1,1
session_010,survey_220,annotator_118,Man,,clip_0665,15,speaker_011,Male,8,chatterbox,0,4,3,2,3,2,3,2
session_018,survey_184,annotator_083,Woman,,clip_1256,4,speaker_022,Male,4,coqui_xtts,0,3,2,1,3,2,4,3
session_017,survey_010,annotator_027,Woman,,clip_0668,7,speaker_011,Male,9,chatterbox,1,2,1,3,1,2,1,1
session_004,survey_182,annotator_072,Woman,,clip_0728,20,speaker_023,Male,7,chatterbox,0,1,1,1,2,1,1,1
session_009,survey_060,annotator_080,Man,,clip_0897,9,speaker_048,Male,8,chatterbox,1,2,1,4,2,2,3,1
session_014,survey_099,annotator_120,Man,,clip_0414,12,speaker_049,Female,3,elevenlabs,1,4,3,4,3,3,3,2
session_018,survey_184,annotator_083,Woman,,clip_1602,6,speaker_081,Male,9,coqui_xtts,0,1,1,1,3,2,1,1
session_016,survey_020,annotator_035,Woman,,clip_1593,5,speaker_081,Male,4,coqui_xtts,1,2,1,2,2,1,1,1
session_010,survey_220,annotator_118,Man,,clip_0614,18,speaker_003,Male,4,chatterbox,1,1,1,3,2,1,3,1
session_018,survey_184,annotator_083,Woman,,clip_1491,7,speaker_058,Male,2,coqui_xtts,1,4,2,4,1,3,3,3
session_016,survey_020,annotator_035,Woman,,clip_1897,6,speaker_065,Male,8,coqui_xtts,0,4,1,4,2,1,1,1
session_018,survey_184,annotator_083,Woman,,clip_1811,8,speaker_065,Male,5,coqui_xtts,0,2,2,3,2,3,2,3
session_010,survey_220,annotator_118,Man,,clip_0951,20,speaker_057,Male,7,chatterbox,1,1,1,2,3,2,4,2
session_015,survey_104,annotator_054,Woman,,clip_1929,13,speaker_067,Male,9,chatterbox,0,2,1,3,2,2,2,2
session_014,survey_099,annotator_120,Man,,clip_1788,15,speaker_071,Female,4,elevenlabs,0,2,3,2,1,3,2,3
session_018,survey_184,annotator_083,Woman,,clip_1245,10,speaker_018,Male,4,coqui_xtts,1,5,2,5,3,4,4,4
session_009,survey_060,annotator_080,Man,,clip_0662,12,speaker_011,Male,3,chatterbox,1,3,2,4,3,2,3,2
session_015,survey_104,annotator_054,Woman,,clip_1083,14,speaker_084,Male,6,chatterbox,1,2,2,3,2,3,2,2
session_014,survey_099,annotator_120,Man,,clip_2030,16,speaker_071,Female,4,elevenlabs,1,3,2,3,4,3,3,4
session_014,survey_099,annotator_120,Man,,clip_0465,17,speaker_056,Female,1,elevenlabs,0,2,2,3,3,4,4,3
session_017,survey_010,annotator_027,Woman,,clip_0610,14,speaker_002,Male,8,chatterbox,1,4,1,1,1,2,3,2
session_014,survey_099,annotator_120,Man,,clip_2020,18,speaker_066,Female,9,elevenlabs,1,1,1,2,3,2,3,2
session_017,survey_010,annotator_027,Woman,,clip_0667,15,speaker_011,Male,9,chatterbox,0,2,2,4,1,2,2,1
session_016,survey_020,annotator_035,Woman,,clip_1591,10,speaker_081,Male,3,coqui_xtts,1,5,5,5,5,2,4,3
session_017,survey_010,annotator_027,Woman,,clip_0779,16,speaker_031,Male,4,chatterbox,1,3,1,1,2,2,1,2
session_015,survey_104,annotator_054,Woman,,clip_1694,16,speaker_019,Male,2,chatterbox,0,2,3,4,3,3,3,3
session_018,survey_184,annotator_083,Woman,,clip_2175,15,speaker_063,Male,3,coqui_xtts,1,3,1,4,3,2,2,2
session_019,survey_150,annotator_118,Man,,clip_1552,1,speaker_072,Female,8,coqui_xtts,0,1,2,3,1,3,3,2
session_015,survey_104,annotator_054,Woman,,clip_0970,17,speaker_059,Male,3,chatterbox,0,3,1,1,2,3,3,3
session_018,survey_184,annotator_083,Woman,,clip_1346,17,speaker_033,Male,1,coqui_xtts,0,3,1,1,3,4,3,3
session_015,survey_104,annotator_054,Woman,,clip_1724,18,speaker_075,Male,2,chatterbox,0,2,2,1,2,2,2,2
session_009,survey_060,annotator_080,Man,,clip_0644,14,speaker_009,Male,6,chatterbox,1,3,1,3,2,3,2,2
session_018,survey_184,annotator_083,Woman,,clip_1753,19,speaker_063,Male,3,coqui_xtts,0,3,2,4,3,2,3,2
session_015,survey_104,annotator_054,Woman,,clip_0966,19,speaker_058,Male,1,chatterbox,0,3,3,4,4,3,3,3
session_018,survey_184,annotator_083,Woman,,clip_1257,20,speaker_022,Male,4,coqui_xtts,1,3,1,4,4,3,3,3
session_009,survey_060,annotator_080,Man,,clip_0643,17,speaker_009,Male,6,chatterbox,0,4,2,3,1,2,1,1
session_016,survey_020,annotator_035,Woman,,clip_1150,16,speaker_008,Male,9,coqui_xtts,0,5,1,3,3,3,1,1
session_020,survey_098,annotator_083,Woman,,clip_1564,1,speaker_073,Female,7,coqui_xtts,0,2,1,1,1,3,2,2
session_020,survey_098,annotator_083,Woman,,clip_1254,2,speaker_021,Female,7,coqui_xtts,0,2,1,1,1,3,4,4
session_020,survey_098,annotator_083,Woman,,clip_1427,3,speaker_047,Female,5,coqui_xtts,0,4,2,5,3,3,3,2
session_016,survey_020,annotator_035,Woman,,clip_1151,18,speaker_008,Male,9,coqui_xtts,1,5,1,4,3,1,1,1
session_020,survey_098,annotator_083,Woman,,clip_1562,4,speaker_073,Female,5,coqui_xtts,0,3,1,1,2,4,4,5
session_020,survey_098,annotator_083,Woman,,clip_1444,5,speaker_049,Female,6,coqui_xtts,0,3,4,4,3,3,2,3
session_020,survey_098,annotator_083,Woman,,clip_2173,6,speaker_055,Female,4,coqui_xtts,1,4,1,4,3,4,4,5
session_020,survey_098,annotator_083,Woman,,clip_1408,7,speaker_045,Female,9,coqui_xtts,1,3,1,3,2,2,3,4
session_020,survey_098,annotator_083,Woman,,clip_1460,8,speaker_052,Female,7,coqui_xtts,0,3,1,1,2,3,4,4
session_020,survey_098,annotator_083,Woman,,clip_1407,9,speaker_045,Female,9,coqui_xtts,0,4,2,3,4,4,3,4
session_020,survey_098,annotator_083,Woman,,clip_1405,10,speaker_045,Female,8,coqui_xtts,0,3,2,1,2,3,3,5
session_020,survey_098,annotator_083,Woman,,clip_1461,11,speaker_052,Female,7,coqui_xtts,1,4,2,5,2,5,4,5
session_020,survey_098,annotator_083,Woman,,clip_1533,12,speaker_069,Female,3,coqui_xtts,1,4,1,5,3,4,4,5
session_020,survey_098,annotator_083,Woman,,clip_1563,13,speaker_073,Female,5,coqui_xtts,1,4,2,5,3,5,5,5
session_021,survey_080,annotator_123,Man,,clip_0310,1,speaker_037,Male,9,elevenlabs,1,4,3,3,4,4,3,3
session_020,survey_098,annotator_083,Woman,,clip_1782,14,speaker_055,Female,4,coqui_xtts,0,3,1,1,4,4,5,5
session_020,survey_098,annotator_083,Woman,,clip_1406,15,speaker_045,Female,8,coqui_xtts,1,4,2,5,1,3,5,5
session_019,survey_150,annotator_118,Man,,clip_1706,2,speaker_041,Female,2,coqui_xtts,0,3,2,4,3,2,3,3
session_020,survey_098,annotator_083,Woman,,clip_1445,16,speaker_049,Female,6,coqui_xtts,1,3,1,4,3,4,3,3
session_019,survey_150,annotator_118,Man,,clip_2140,3,speaker_027,Female,2,coqui_xtts,1,3,2,2,1,3,2,3
session_019,survey_150,annotator_118,Man,,clip_1536,4,speaker_069,Female,7,coqui_xtts,0,3,2,1,3,2,3,3
session_020,survey_098,annotator_083,Woman,,clip_1565,17,speaker_073,Female,7,coqui_xtts,1,5,2,4,1,5,4,5
session_019,survey_150,annotator_118,Man,,clip_2163,5,speaker_051,Female,6,coqui_xtts,1,3,2,3,4,2,3,2
session_019,survey_150,annotator_118,Man,,clip_2162,6,speaker_041,Female,1,coqui_xtts,1,3,4,4,2,4,3,2
session_019,survey_150,annotator_118,Man,,clip_1553,7,speaker_072,Female,8,coqui_xtts,1,3,4,3,2,3,4,3
session_019,survey_150,annotator_118,Man,,clip_1420,8,speaker_046,Female,7,coqui_xtts,1,1,1,2,3,2,3,2
session_020,survey_098,annotator_083,Woman,,clip_1428,18,speaker_047,Female,5,coqui_xtts,1,4,2,5,2,4,5,5
session_019,survey_150,annotator_118,Man,,clip_1276,9,speaker_025,Female,5,coqui_xtts,0,4,3,2,3,4,2,3
session_019,survey_150,annotator_118,Man,,clip_1277,10,speaker_025,Female,5,coqui_xtts,1,2,2,1,1,3,1,3
session_019,survey_150,annotator_118,Man,,clip_1700,11,speaker_027,Female,2,coqui_xtts,0,3,2,4,2,3,3,2
session_019,survey_150,annotator_118,Man,,clip_1419,12,speaker_046,Female,7,coqui_xtts,0,4,3,2,3,2,4,3
session_020,survey_098,annotator_083,Woman,,clip_1255,19,speaker_021,Female,7,coqui_xtts,1,5,5,5,3,4,4,4
session_019,survey_150,annotator_118,Man,,clip_1837,13,speaker_051,Female,6,coqui_xtts,0,1,2,1,2,3,2,3
session_020,survey_098,annotator_083,Woman,,clip_1532,20,speaker_069,Female,3,coqui_xtts,0,3,2,3,3,3,1,2
session_019,survey_150,annotator_118,Man,,clip_1402,14,speaker_045,Female,3,coqui_xtts,1,2,3,2,3,4,3,3
session_019,survey_150,annotator_118,Man,,clip_1401,15,speaker_045,Female,3,coqui_xtts,0,2,2,3,2,4,2,3
session_019,survey_150,annotator_118,Man,,clip_1670,16,speaker_041,Female,1,coqui_xtts,0,3,3,1,2,3,4,3
session_019,survey_150,annotator_118,Man,,clip_1241,17,speaker_017,Female,1,coqui_xtts,1,3,2,1,3,3,3,3
session_019,survey_150,annotator_118,Man,,clip_2160,18,speaker_041,Female,2,coqui_xtts,1,3,2,4,3,2,4,3
session_019,survey_150,annotator_118,Man,,clip_1240,19,speaker_017,Female,1,coqui_xtts,0,2,3,1,3,2,2,3
session_030,survey_062,annotator_051,Woman,,clip_0280,19,speaker_034,Male,8,elevenlabs,1,4,3,2,3,4,3,3
session_031,survey_063,annotator_037,Man,,clip_0624,2,speaker_005,Male,7,chatterbox,1,4,3,5,4,3,4,3
session_072,survey_180,annotator_157,Man,45-54,clip_2854,2,speaker_065,Male,4,elevenlabs_low_expressiveness,1,5,3,5,4,3,4,3
session_071,survey_176,annotator_075,Woman,55-64,clip_0118,2,speaker_015,Male,7,elevenlabs,1,4,3,1,3,3,2,3
session_055,survey_138,annotator_148,Woman,18-24,clip_1104,9,speaker_001,Male,5,coqui_xtts,1,2,1,2,1,1,1,1
session_097,survey_051,annotator_183,Woman,25-34,clip_2029,1,speaker_071,Female,2,elevenlabs,1,1,2,4,5,1,2,1
session_056,survey_047,annotator_046,Man,55-64,clip_1044,6,speaker_076,Female,1,chatterbox,0,4,1,1,2,3,3,2
session_057,survey_167,annotator_188,Woman,25-34,clip_0823,8,speaker_037,Male,8,chatterbox,1,3,4,5,4,2,2,1
session_097,survey_051,annotator_183,Woman,25-34,clip_0320,2,speaker_039,Female,6,elevenlabs,1,2,1,4,3,2,3,3
session_097,survey_051,annotator_183,Woman,25-34,clip_0382,3,speaker_046,Female,3,elevenlabs,1,4,5,5,4,3,2,2
session_097,survey_051,annotator_183,Woman,25-34,clip_1856,4,speaker_020,Female,7,elevenlabs,0,5,4,3,1,4,5,5
session_055,survey_138,annotator_148,Woman,18-24,clip_1312,15,speaker_029,Male,9,coqui_xtts,0,4,3,4,3,3,3,2
session_097,survey_051,annotator_183,Woman,25-34,clip_1771,5,speaker_020,Female,4,elevenlabs,0,5,3,4,1,5,5,5
session_097,survey_051,annotator_183,Woman,25-34,clip_1959,6,speaker_020,Female,7,elevenlabs,1,5,5,5,1,5,5,5
session_065,survey_193,annotator_144,Man,35-44,clip_2748,16,speaker_054,Male,4,elevenlabs_low_expressiveness,0,1,1,3,1,2,2,1
session_097,survey_051,annotator_183,Woman,25-34,clip_1997,7,speaker_055,Female,5,elevenlabs,1,4,3,5,3,2,3,1
session_054,survey_201,annotator_174,Man,18-24,clip_2554,14,speaker_034,Male,4,elevenlabs_low_expressiveness,1,3,3,2,2,2,2,1
session_097,survey_051,annotator_183,Woman,25-34,clip_0401,8,speaker_047,Female,1,elevenlabs,0,4,3,5,2,2,3,2
session_077,survey_204,annotator_168,Woman,35-44,clip_0001,13,speaker_001,Male,2,elevenlabs,0,2,2,4,1,4,3,1
session_097,survey_051,annotator_183,Woman,25-34,clip_1807,9,speaker_055,Female,5,elevenlabs,0,5,5,1,1,5,5,5
session_097,survey_051,annotator_183,Woman,25-34,clip_0381,10,speaker_046,Female,3,elevenlabs,0,5,2,1,1,5,4,3
session_056,survey_047,annotator_046,Man,55-64,clip_1045,13,speaker_076,Female,1,chatterbox,1,5,1,5,1,5,2,3
session_075,survey_199,annotator_192,Woman,18-24,clip_2553,15,speaker_034,Male,4,elevenlabs_low_expressiveness,0,1,1,1,1,1,1,1
session_074,survey_142,annotator_101,Man,45-54,clip_0225,19,speaker_029,Male,4,elevenlabs,0,3,1,3,1,2,3,2
session_091,survey_131,annotator_073,Woman,65+,clip_1817,9,speaker_068,Female,5,coqui_xtts,0,1,1,2,1,2,2,2
session_097,survey_051,annotator_183,Woman,25-34,clip_0387,11,speaker_046,Female,8,elevenlabs,0,5,2,1,4,3,5,3
session_097,survey_051,annotator_183,Woman,25-34,clip_0402,12,speaker_047,Female,1,elevenlabs,1,3,1,4,1,1,2,1
session_091,survey_131,annotator_073,Woman,65+,clip_1463,10,speaker_053,Female,2,coqui_xtts,1,4,1,4,4,3,3,2
session_095,survey_202,annotator_047,Woman,45-54,clip_1659,6,speaker_012,Female,1,coqui_xtts,0,2,1,2,1,1,1,1
session_097,survey_051,annotator_183,Woman,25-34,clip_0388,13,speaker_046,Female,8,elevenlabs,1,5,3,1,3,4,4,3
session_094,survey_219,annotator_117,Woman,18-24,clip_0974,9,speaker_059,Male,8,chatterbox,0,2,1,3,1,2,2,2
session_091,survey_131,annotator_073,Woman,65+,clip_1410,11,speaker_045,Female,1,coqui_xtts,1,2,1,2,2,1,1,1
session_097,survey_051,annotator_183,Woman,25-34,clip_2021,14,speaker_066,Female,1,elevenlabs,1,3,1,5,1,2,1,1
session_097,survey_051,annotator_183,Woman,25-34,clip_1962,15,speaker_020,Female,1,elevenlabs,1,3,2,2,1,2,2,1
session_091,survey_131,annotator_073,Woman,65+,clip_1611,12,speaker_082,Female,7,coqui_xtts,1,3,3,3,1,3,2,2
session_097,survey_051,annotator_183,Woman,25-34,clip_0319,16,speaker_039,Female,6,elevenlabs,0,5,2,3,1,2,3,2
session_071,survey_176,annotator_075,Woman,55-64,clip_1977,13,speaker_035,Male,1,elevenlabs,1,4,3,4,2,2,2,3
session_091,survey_131,annotator_073,Woman,65+,clip_1462,13,speaker_053,Female,2,coqui_xtts,0,2,1,3,3,2,2,2
session_097,survey_051,annotator_183,Woman,25-34,clip_1957,17,speaker_020,Female,4,elevenlabs,1,3,3,4,2,3,2,1
session_097,survey_051,annotator_183,Woman,25-34,clip_1680,18,speaker_066,Female,1,elevenlabs,0,5,3,1,1,5,5,5
session_091,survey_131,annotator_073,Woman,65+,clip_1409,14,speaker_045,Female,1,coqui_xtts,0,3,1,2,3,2,2,1
session_097,survey_051,annotator_183,Woman,25-34,clip_1721,19,speaker_071,Female,2,elevenlabs,0,3,1,3,1,3,2,1
session_102,survey_212,annotator_085,Woman,45-54,clip_1080,1,speaker_084,Male,5,chatterbox,0,2,1,1,1,2,2,1
session_068,survey_168,annotator_067,Man,45-54,clip_2372,20,speaker_016,Male,8,elevenlabs_low_expressiveness,1,4,1,1,2,3,4,5
session_076,survey_160,annotator_102,Man,18-24,clip_2127,19,speaker_019,Male,2,coqui_xtts,1,4,2,4,1,5,4,4
session_091,survey_131,annotator_073,Woman,65+,clip_1610,15,speaker_082,Female,7,coqui_xtts,0,2,1,2,3,3,3,2
session_097,survey_051,annotator_183,Woman,25-34,clip_1662,20,speaker_020,Female,1,elevenlabs,0,2,1,4,1,1,1,1
session_102,survey_212,annotator_085,Woman,45-54,clip_0893,2,speaker_048,Male,4,chatterbox,1,3,3,1,4,2,3,2
session_102,survey_212,annotator_085,Woman,45-54,clip_0802,3,speaker_034,Male,3,chatterbox,0,2,2,1,1,2,2,1
session_079,survey_170,annotator_108,Woman,35-44,clip_1636,20,speaker_085,Male,6,coqui_xtts,0,2,3,2,3,2,2,3
session_091,survey_131,annotator_073,Woman,65+,clip_1619,16,speaker_083,Female,6,coqui_xtts,1,2,1,2,2,3,3,2
session_102,survey_212,annotator_085,Woman,45-54,clip_1081,4,speaker_084,Male,5,chatterbox,1,3,3,2,2,1,3,2
session_086,survey_074,annotator_112,Woman,35-44,clip_1131,20,speaker_005,Male,6,coqui_xtts,0,1,1,1,1,1,1,1
session_102,survey_212,annotator_085,Woman,45-54,clip_0894,5,speaker_048,Male,5,chatterbox,0,3,2,4,5,2,4,2
session_091,survey_131,annotator_073,Woman,65+,clip_2195,17,speaker_068,Female,5,coqui_xtts,1,4,1,4,2,3,4,3
session_102,survey_212,annotator_085,Woman,45-54,clip_1854,6,speaker_019,Male,7,chatterbox,0,3,1,4,2,1,3,1
session_102,survey_212,annotator_085,Woman,45-54,clip_0691,7,speaker_016,Male,4,chatterbox,0,2,1,1,1,2,2,1
session_091,survey_131,annotator_073,Woman,65+,clip_1618,18,speaker_083,Female,6,coqui_xtts,0,3,1,3,1,2,1,1
session_083,survey_120,annotator_186,Woman,18-24,clip_1601,19,speaker_081,Male,8,coqui_xtts,1,5,3,4,4,2,4,3
session_102,survey_212,annotator_085,Woman,45-54,clip_0949,8,speaker_057,Male,6,chatterbox,1,3,4,4,2,2,3,2
session_071,survey_176,annotator_075,Woman,55-64,clip_0509,19,speaker_060,Male,4,elevenlabs,0,2,2,1,2,2,2,2
session_102,survey_212,annotator_085,Woman,45-54,clip_0687,9,speaker_015,Male,7,chatterbox,0,3,2,1,1,2,2,1
session_091,survey_131,annotator_073,Woman,65+,clip_1518,19,speaker_061,Female,3,coqui_xtts,0,4,1,1,3,2,3,2
session_085,survey_135,annotator_191,Woman,25-34,clip_0175,8,speaker_023,Male,6,elevenlabs,0,3,2,4,2,2,1,1
session_102,survey_212,annotator_085,Woman,45-54,clip_0639,10,speaker_009,Male,4,chatterbox,0,3,2,2,2,2,3,2
session_091,survey_131,annotator_073,Woman,65+,clip_1606,20,speaker_082,Female,2,coqui_xtts,0,3,2,1,3,2,3,2
session_102,survey_212,annotator_085,Woman,45-54,clip_0692,11,speaker_016,Male,4,chatterbox,1,3,3,4,3,2,3,2
session_102,survey_212,annotator_085,Woman,45-54,clip_0761,12,speaker_029,Male,3,chatterbox,1,4,2,4,2,2,4,2
session_092,survey_065,annotator_152,Man,25-34,clip_1998,12,speaker_055,Female,8,elevenlabs,1,5,2,4,2,5,4,4
session_102,survey_212,annotator_085,Woman,45-54,clip_0760,13,speaker_029,Male,3,chatterbox,0,4,2,4,3,2,3,2
session_102,survey_212,annotator_085,Woman,45-54,clip_0640,14,speaker_009,Male,4,chatterbox,1,4,3,5,4,2,4,2
session_102,survey_212,annotator_085,Woman,45-54,clip_2044,15,speaker_019,Male,7,chatterbox,1,5,3,5,3,4,4,3
session_102,survey_212,annotator_085,Woman,45-54,clip_0688,16,speaker_015,Male,7,chatterbox,1,3,2,2,2,2,2,2
session_102,survey_212,annotator_085,Woman,45-54,clip_0892,17,speaker_048,Male,4,chatterbox,0,3,2,4,2,3,3,2
session_092,survey_065,annotator_152,Man,25-34,clip_0193,15,speaker_025,Female,7,elevenlabs,0,3,3,2,1,3,2,2
session_102,survey_212,annotator_085,Woman,45-54,clip_0895,18,speaker_048,Male,5,chatterbox,1,3,2,4,3,3,4,2
session_102,survey_212,annotator_085,Woman,45-54,clip_0803,19,speaker_034,Male,3,chatterbox,1,4,2,3,3,2,4,4
session_102,survey_212,annotator_085,Woman,45-54,clip_0948,20,speaker_057,Male,6,chatterbox,0,2,2,3,3,2,3,2
session_099,survey_034,annotator_010,Man,45-54,clip_0344,19,speaker_043,Female,2,elevenlabs,1,1,2,5,3,1,2,1
session_092,survey_065,annotator_152,Man,25-34,clip_0557,19,speaker_070,Female,7,elevenlabs,0,3,3,2,1,1,1,1
session_031,survey_063,annotator_037,Man,,clip_0619,1,speaker_005,Male,5,chatterbox,0,2,1,2,2,1,1,1
session_031,survey_063,annotator_037,Man,,clip_0620,3,speaker_005,Male,5,chatterbox,1,4,3,5,4,3,4,3
session_031,survey_063,annotator_037,Man,,clip_0891,4,speaker_048,Male,3,chatterbox,1,5,3,5,3,4,4,4
session_031,survey_063,annotator_037,Man,,clip_0817,5,speaker_036,Male,4,chatterbox,1,4,4,5,3,4,4,4
session_031,survey_063,annotator_037,Man,,clip_0804,6,speaker_034,Male,4,chatterbox,0,2,2,3,2,1,1,1
session_031,survey_063,annotator_037,Man,,clip_0599,7,speaker_001,Male,4,chatterbox,0,3,3,4,4,2,2,2
session_031,survey_063,annotator_037,Man,,clip_0731,8,speaker_023,Male,8,chatterbox,1,3,2,1,2,3,3,3
session_031,survey_063,annotator_037,Man,,clip_0600,9,speaker_001,Male,4,chatterbox,1,4,4,4,4,4,4,4
session_031,survey_063,annotator_037,Man,,clip_0805,10,speaker_034,Male,4,chatterbox,1,4,4,5,4,3,4,4
session_031,survey_063,annotator_037,Man,,clip_0811,11,speaker_034,Male,9,chatterbox,1,4,4,5,3,3,2,3
session_031,survey_063,annotator_037,Man,,clip_2062,12,speaker_035,Male,8,chatterbox,1,3,3,4,3,3,3,2
session_032,survey_012,annotator_123,Man,,clip_0250,1,speaker_031,Male,5,elevenlabs,1,4,3,3,4,4,3,4
session_031,survey_063,annotator_037,Man,,clip_0810,13,speaker_034,Male,9,chatterbox,0,2,3,2,4,2,3,2
session_032,survey_012,annotator_123,Man,,clip_0156,2,speaker_018,Male,9,elevenlabs,1,4,4,3,4,4,4,3
session_032,survey_012,annotator_123,Man,,clip_1693,3,speaker_019,Male,2,elevenlabs,0,3,3,4,3,4,3,4
session_031,survey_063,annotator_037,Man,,clip_0730,14,speaker_023,Male,8,chatterbox,0,2,2,2,3,2,2,2
session_032,survey_012,annotator_123,Man,,clip_1949,4,speaker_019,Male,2,elevenlabs,1,4,3,4,4,3,4,4
session_032,survey_012,annotator_123,Man,,clip_2011,5,speaker_065,Male,3,elevenlabs,1,3,4,3,3,4,4,4
session_032,survey_012,annotator_123,Man,,clip_0068,6,speaker_009,Male,3,elevenlabs,1,3,3,4,4,3,4,4
session_031,survey_063,annotator_037,Man,,clip_1661,15,speaker_019,Male,1,chatterbox,0,4,4,5,4,4,4,4
session_032,survey_012,annotator_123,Man,,clip_0228,7,speaker_029,Male,5,elevenlabs,1,4,4,3,4,4,4,4
session_032,survey_012,annotator_123,Man,,clip_0227,8,speaker_029,Male,5,elevenlabs,0,3,4,3,4,4,3,4
session_031,survey_063,annotator_037,Man,,clip_0816,16,speaker_036,Male,4,chatterbox,0,2,2,4,2,2,2,2
session_032,survey_012,annotator_123,Man,,clip_0504,9,speaker_059,Male,9,elevenlabs,1,4,4,3,4,4,4,2
session_031,survey_063,annotator_037,Man,,clip_0890,17,speaker_048,Male,3,chatterbox,0,3,3,4,3,3,3,4
session_032,survey_012,annotator_123,Man,,clip_0067,10,speaker_009,Male,3,elevenlabs,0,4,3,3,4,4,3,3
session_031,survey_063,annotator_037,Man,,clip_2046,18,speaker_019,Male,1,chatterbox,1,4,4,5,3,4,4,3
session_032,survey_012,annotator_123,Man,,clip_1778,11,speaker_038,Male,4,elevenlabs,0,4,4,3,3,4,3,4
session_032,survey_012,annotator_123,Man,,clip_0088,12,speaker_011,Male,3,elevenlabs,1,3,3,4,4,3,4,3
session_032,survey_012,annotator_123,Man,,clip_0249,13,speaker_031,Male,5,elevenlabs,0,3,4,3,4,3,3,4
session_032,survey_012,annotator_123,Man,,clip_0497,14,speaker_059,Male,2,elevenlabs,0,4,3,4,3,4,4,3
session_032,survey_012,annotator_123,Man,,clip_0087,15,speaker_011,Male,3,elevenlabs,0,3,3,4,4,4,3,4
session_032,survey_012,annotator_123,Man,,clip_0503,16,speaker_059,Male,9,elevenlabs,0,3,4,4,3,4,4,4
session_032,survey_012,annotator_123,Man,,clip_0155,17,speaker_018,Male,9,elevenlabs,0,3,4,3,3,4,4,3
session_032,survey_012,annotator_123,Man,,clip_0498,18,speaker_059,Male,2,elevenlabs,1,4,3,3,4,3,3,4
session_032,survey_012,annotator_123,Man,,clip_1978,19,speaker_038,Male,4,elevenlabs,1,4,3,4,4,3,4,3
session_032,survey_012,annotator_123,Man,,clip_1754,20,speaker_065,Male,3,elevenlabs,0,4,3,4,3,3,4,4
session_031,survey_063,annotator_037,Man,,clip_0623,19,speaker_005,Male,7,chatterbox,0,2,2,3,2,2,3,3
session_031,survey_063,annotator_037,Man,,clip_1885,20,speaker_035,Male,8,chatterbox,0,4,4,5,4,4,4,4
session_033,survey_043,annotator_024,Woman,25-34,clip_1117,2,speaker_003,Male,1,coqui_xtts,0,5,3,5,2,4,4,3
session_033,survey_043,annotator_024,Woman,25-34,clip_1811,3,speaker_065,Male,5,coqui_xtts,0,5,1,4,1,5,4,2
session_035,survey_122,annotator_066,Woman,45-54,clip_2288,1,speaker_009,Male,4,elevenlabs_low_expressiveness,1,4,3,5,2,3,3,2
session_033,survey_043,annotator_024,Woman,25-34,clip_2167,4,speaker_054,Male,3,coqui_xtts,1,5,1,5,3,2,5,1
session_034,survey_118,annotator_181,Woman,25-34,clip_0519,4,speaker_061,Female,5,elevenlabs,0,3,3,2,3,2,2,3
session_033,survey_043,annotator_024,Woman,25-34,clip_1748,6,speaker_054,Male,3,coqui_xtts,0,5,4,5,3,2,4,2
session_033,survey_043,annotator_024,Woman,25-34,clip_1110,7,speaker_002,Male,7,coqui_xtts,1,5,5,5,3,5,5,2
session_033,survey_043,annotator_024,Woman,25-34,clip_1437,8,speaker_048,Male,4,coqui_xtts,1,5,4,3,2,5,5,1
session_038,survey_123,annotator_095,Woman,45-54,clip_0307,2,speaker_037,Male,8,elevenlabs,0,2,1,3,3,2,2,2
session_034,survey_118,annotator_181,Woman,25-34,clip_0137,7,speaker_017,Female,4,elevenlabs,0,4,3,1,2,3,3,3
session_033,survey_043,annotator_024,Woman,25-34,clip_1675,10,speaker_054,Male,1,coqui_xtts,0,5,1,2,1,1,3,2
session_034,survey_118,annotator_181,Woman,25-34,clip_0414,8,speaker_049,Female,3,elevenlabs,1,2,2,3,2,1,2,2
session_033,survey_043,annotator_024,Woman,25-34,clip_1796,11,speaker_006,Male,5,coqui_xtts,0,5,4,1,1,5,5,1
session_033,survey_043,annotator_024,Woman,25-34,clip_1159,12,speaker_009,Male,1,coqui_xtts,1,5,1,1,1,5,4,2
session_035,survey_122,annotator_066,Woman,45-54,clip_2599,4,speaker_038,Male,6,elevenlabs_low_expressiveness,0,1,1,2,1,1,1,1
session_033,survey_043,annotator_024,Woman,25-34,clip_1118,13,speaker_003,Male,1,coqui_xtts,1,5,2,5,4,2,5,3
session_033,survey_043,annotator_024,Woman,25-34,clip_1114,14,speaker_003,Male,4,coqui_xtts,1,5,1,1,5,1,4,1
session_034,survey_118,annotator_181,Woman,25-34,clip_0143,11,speaker_017,Female,8,elevenlabs,0,4,3,1,4,3,3,3
session_033,survey_043,annotator_024,Woman,25-34,clip_1113,15,speaker_003,Male,4,coqui_xtts,0,5,1,2,1,5,3,1
session_033,survey_043,annotator_024,Woman,25-34,clip_2121,16,speaker_006,Male,5,coqui_xtts,1,5,1,2,5,3,3,3
session_038,survey_123,annotator_095,Woman,45-54,clip_0473,5,speaker_057,Male,6,elevenlabs,0,3,3,4,3,2,2,2
session_034,survey_118,annotator_181,Woman,25-34,clip_0144,12,speaker_017,Female,8,elevenlabs,1,3,4,2,4,2,3,3
session_035,survey_122,annotator_066,Woman,45-54,clip_2440,7,speaker_023,Male,5,elevenlabs_low_expressiveness,1,2,2,3,2,2,2,1
session_033,survey_043,annotator_024,Woman,25-34,clip_1436,19,speaker_048,Male,4,coqui_xtts,0,2,1,2,5,2,4,2
session_035,survey_122,annotator_066,Woman,45-54,clip_2592,8,speaker_038,Male,2,elevenlabs_low_expressiveness,1,4,3,5,2,3,3,3
session_034,survey_118,annotator_181,Woman,25-34,clip_0183,14,speaker_024,Female,9,elevenlabs,0,3,3,1,3,4,3,3
session_035,survey_122,annotator_066,Woman,45-54,clip_2299,9,speaker_010,Male,3,elevenlabs_low_expressiveness,0,2,1,3,2,2,2,2
session_038,survey_123,annotator_095,Woman,45-54,clip_0474,7,speaker_057,Male,6,elevenlabs,1,4,3,5,3,3,4,2
session_035,survey_122,annotator_066,Woman,45-54,clip_2219,10,speaker_001,Male,5,elevenlabs_low_expressiveness,0,4,3,4,2,2,2,2
session_034,survey_118,annotator_181,Woman,25-34,clip_0429,17,speaker_050,Female,6,elevenlabs,0,3,4,4,4,3,3,3
session_038,survey_123,annotator_095,Woman,45-54,clip_0081,8,speaker_010,Male,4,elevenlabs,0,3,3,1,3,2,3,2
session_035,survey_122,annotator_066,Woman,45-54,clip_2948,12,speaker_075,Male,3,elevenlabs_low_expressiveness,1,5,5,5,1,4,5,5
session_035,survey_122,annotator_066,Woman,45-54,clip_2300,13,speaker_010,Male,3,elevenlabs_low_expressiveness,1,4,3,5,1,3,3,2
session_034,survey_118,annotator_181,Woman,25-34,clip_0520,20,speaker_061,Female,5,elevenlabs,1,3,4,2,4,3,3,3
session_038,survey_123,annotator_095,Woman,45-54,clip_1932,10,speaker_075,Male,9,elevenlabs,0,2,2,1,2,2,2,2
session_035,survey_122,annotator_066,Woman,45-54,clip_2545,15,speaker_033,Male,8,elevenlabs_low_expressiveness,0,3,1,1,1,1,1,1
session_038,survey_123,annotator_095,Woman,45-54,clip_0171,11,speaker_022,Male,1,elevenlabs,0,3,2,1,3,2,3,2
session_038,survey_123,annotator_095,Woman,45-54,clip_0049,12,speaker_005,Male,1,elevenlabs,0,2,1,5,2,2,3,2
session_035,survey_122,annotator_066,Woman,45-54,clip_2591,19,speaker_038,Male,2,elevenlabs_low_expressiveness,0,3,1,2,1,2,1,2
session_038,survey_123,annotator_095,Woman,45-54,clip_0050,13,speaker_005,Male,1,elevenlabs,1,4,2,4,4,2,3,3
session_038,survey_123,annotator_095,Woman,45-54,clip_0043,14,speaker_005,Male,7,elevenlabs,0,2,1,3,2,2,2,1
session_038,survey_123,annotator_095,Woman,45-54,clip_0260,15,speaker_033,Male,3,elevenlabs,1,4,3,5,4,2,4,3
session_037,survey_164,annotator_040,Man,35-44,clip_0331,1,speaker_040,Female,4,elevenlabs,0,2,1,1,2,1,3,1
session_036,survey_200,annotator_166,Man,55-64,clip_1284,1,speaker_026,Male,7,coqui_xtts,0,3,2,1,1,1,1,1
session_037,survey_164,annotator_040,Man,35-44,clip_0140,2,speaker_017,Female,5,elevenlabs,1,3,4,2,2,2,4,2
session_036,survey_200,annotator_166,Man,55-64,clip_2184,2,speaker_065,Male,6,coqui_xtts,1,4,2,1,1,2,1,1
session_037,survey_164,annotator_040,Man,35-44,clip_0454,3,speaker_056,Female,2,elevenlabs,1,3,3,4,3,4,3,3
session_036,survey_200,annotator_166,Man,55-64,clip_2152,3,speaker_035,Male,8,coqui_xtts,1,4,3,1,2,2,2,2
session_037,survey_164,annotator_040,Man,35-44,clip_0586,4,speaker_074,Female,6,elevenlabs,1,4,3,4,4,4,5,3
session_036,survey_200,annotator_166,Man,55-64,clip_1136,4,speaker_005,Male,8,coqui_xtts,1,2,1,1,1,1,1,1
session_036,survey_200,annotator_166,Man,55-64,clip_1123,5,speaker_004,Male,6,coqui_xtts,0,2,1,1,1,1,1,1
session_037,survey_164,annotator_040,Man,35-44,clip_2017,5,speaker_066,Female,5,elevenlabs,1,3,3,2,3,3,3,2
session_036,survey_200,annotator_166,Man,55-64,clip_1306,6,speaker_029,Male,6,coqui_xtts,0,2,2,1,1,1,1,1
session_036,survey_200,annotator_166,Man,55-64,clip_1886,7,speaker_035,Male,8,coqui_xtts,0,2,1,1,1,1,1,1
session_037,survey_164,annotator_040,Man,35-44,clip_0400,6,speaker_047,Female,8,elevenlabs,1,3,3,4,3,4,4,3
session_036,survey_200,annotator_166,Man,55-64,clip_1189,8,speaker_013,Male,6,coqui_xtts,1,3,2,1,1,2,1,1
session_036,survey_200,annotator_166,Man,55-64,clip_1186,9,speaker_013,Male,5,coqui_xtts,0,2,1,1,1,1,1,1
session_037,survey_164,annotator_040,Man,35-44,clip_0559,7,speaker_072,Female,2,elevenlabs,0,3,1,4,3,4,3,3
session_036,survey_200,annotator_166,Man,55-64,clip_1135,10,speaker_005,Male,8,coqui_xtts,0,1,1,1,1,1,1,1
session_036,survey_200,annotator_166,Man,55-64,clip_1111,11,speaker_002,Male,8,coqui_xtts,0,1,1,1,1,1,1,1
session_037,survey_164,annotator_040,Man,35-44,clip_0425,8,speaker_050,Female,4,elevenlabs,0,2,3,3,4,3,3,3
session_036,survey_200,annotator_166,Man,55-64,clip_1505,12,speaker_059,Male,7,coqui_xtts,1,2,2,1,1,2,1,1
session_037,survey_164,annotator_040,Man,35-44,clip_1812,9,speaker_066,Female,5,elevenlabs,0,1,1,1,1,1,1,1
session_036,survey_200,annotator_166,Man,55-64,clip_1285,13,speaker_026,Male,7,coqui_xtts,1,2,2,1,1,1,1,1
session_036,survey_200,annotator_166,Man,55-64,clip_1188,14,speaker_013,Male,6,coqui_xtts,0,2,1,1,1,1,1,1
session_037,survey_164,annotator_040,Man,35-44,clip_1745,10,speaker_051,Female,3,elevenlabs,0,3,3,4,3,4,4,2
session_036,survey_200,annotator_166,Man,55-64,clip_1112,15,speaker_002,Male,8,coqui_xtts,1,3,2,2,2,2,1,1
session_036,survey_200,annotator_166,Man,55-64,clip_1124,16,speaker_004,Male,6,coqui_xtts,1,3,3,2,2,2,1,1
session_037,survey_164,annotator_040,Man,35-44,clip_0399,11,speaker_047,Female,8,elevenlabs,0,4,3,4,4,4,4,4
session_036,survey_200,annotator_166,Man,55-64,clip_1504,17,speaker_059,Male,7,coqui_xtts,0,3,2,2,2,1,1,1
session_036,survey_200,annotator_166,Man,55-64,clip_1187,18,speaker_013,Male,5,coqui_xtts,1,3,2,2,1,1,1,1
session_037,survey_164,annotator_040,Man,35-44,clip_0560,12,speaker_072,Female,2,elevenlabs,1,4,3,5,4,4,4,4
session_036,survey_200,annotator_166,Man,55-64,clip_1842,19,speaker_065,Male,6,coqui_xtts,0,2,1,1,2,1,1,1
session_037,survey_164,annotator_040,Man,35-44,clip_0453,13,speaker_056,Female,2,elevenlabs,0,3,4,3,3,4,3,3
session_036,survey_200,annotator_166,Man,55-64,clip_1307,20,speaker_029,Male,6,coqui_xtts,1,4,2,2,2,2,2,1
session_037,survey_164,annotator_040,Man,35-44,clip_0444,14,speaker_053,Female,6,elevenlabs,1,4,3,4,4,4,5,3
session_037,survey_164,annotator_040,Man,35-44,clip_0139,15,speaker_017,Female,5,elevenlabs,0,3,4,3,3,4,4,2
session_037,survey_164,annotator_040,Man,35-44,clip_0585,16,speaker_074,Female,6,elevenlabs,0,3,3,4,3,3,4,2
session_037,survey_164,annotator_040,Man,35-44,clip_0426,17,speaker_050,Female,4,elevenlabs,1,4,3,3,3,4,4,3
session_037,survey_164,annotator_040,Man,35-44,clip_1987,18,speaker_051,Female,3,elevenlabs,1,4,4,4,3,3,4,4
session_037,survey_164,annotator_040,Man,35-44,clip_0332,19,speaker_040,Female,4,elevenlabs,1,3,3,4,4,3,4,4
session_037,survey_164,annotator_040,Man,35-44,clip_0443,20,speaker_053,Female,6,elevenlabs,0,2,3,3,2,2,4,2
session_071,survey_176,annotator_075,Woman,55-64,clip_1665,4,speaker_035,Male,1,elevenlabs,0,1,1,1,1,2,1,2
session_077,survey_204,annotator_168,Woman,35-44,clip_0483,8,speaker_058,Male,2,elevenlabs,0,1,1,2,1,2,1,1
session_099,survey_034,annotator_010,Man,45-54,clip_0361,1,speaker_044,Female,9,elevenlabs,0,4,1,1,2,3,3,3
session_065,survey_193,annotator_144,Man,35-44,clip_2594,12,speaker_038,Male,3,elevenlabs_low_expressiveness,1,2,2,4,2,1,2,2
session_078,survey_119,annotator_026,Woman,55-64,clip_0348,9,speaker_043,Female,5,elevenlabs,1,5,3,5,1,3,4,4
session_059,survey_111,annotator_006,Man,35-44,clip_1688,12,speaker_079,Female,1,coqui_xtts,0,4,1,4,1,3,2,2
session_073,survey_136,annotator_025,Man,35-44,clip_1730,11,speaker_012,Female,3,elevenlabs,0,2,1,5,1,1,1,1
session_076,survey_160,annotator_102,Man,18-24,clip_1345,6,speaker_033,Male,9,coqui_xtts,1,4,3,4,3,3,3,3
session_072,survey_180,annotator_157,Man,45-54,clip_2296,7,speaker_009,Male,9,elevenlabs_low_expressiveness,1,5,4,5,4,3,4,3
session_073,survey_136,annotator_025,Man,35-44,clip_0436,12,speaker_050,Female,9,elevenlabs,1,5,5,5,3,3,4,4
session_099,survey_034,annotator_010,Man,45-54,clip_0366,2,speaker_045,Female,2,elevenlabs,1,2,1,4,4,1,3,2
session_059,survey_111,annotator_006,Man,35-44,clip_1198,13,speaker_014,Female,3,coqui_xtts,0,4,1,1,1,2,2,2
session_065,survey_193,annotator_144,Man,35-44,clip_2951,15,speaker_075,Male,7,elevenlabs_low_expressiveness,0,1,1,1,1,1,2,1
session_092,survey_065,annotator_152,Man,25-34,clip_0319,2,speaker_039,Female,6,elevenlabs,0,2,4,1,1,2,2,1
session_099,survey_034,annotator_010,Man,45-54,clip_0190,3,speaker_025,Female,4,elevenlabs,1,4,1,5,3,3,4,4
session_076,survey_160,annotator_102,Man,18-24,clip_1317,8,speaker_030,Male,3,coqui_xtts,1,4,2,5,3,3,3,3
session_062,survey_189,annotator_043,Woman,25-34,clip_1789,13,speaker_071,Female,4,chatterbox,0,5,3,1,2,4,4,2
session_059,survey_111,annotator_006,Man,35-44,clip_2142,14,speaker_027,Female,5,coqui_xtts,1,3,1,4,1,3,4,3
session_099,survey_034,annotator_010,Man,45-54,clip_0362,4,speaker_044,Female,9,elevenlabs,1,2,1,5,4,2,3,2
session_092,survey_065,annotator_152,Man,25-34,clip_0318,3,speaker_039,Female,4,elevenlabs,1,5,1,4,1,4,4,5
session_073,survey_136,annotator_025,Man,35-44,clip_0211,16,speaker_028,Female,2,elevenlabs,0,5,2,5,1,3,3,1
session_099,survey_034,annotator_010,Man,45-54,clip_1852,5,speaker_012,Female,7,elevenlabs,0,1,1,4,1,1,1,1
session_099,survey_034,annotator_010,Man,45-54,clip_0570,6,speaker_072,Female,8,elevenlabs,1,5,1,5,3,5,4,4
session_099,survey_034,annotator_010,Man,45-54,clip_0568,7,speaker_072,Female,7,elevenlabs,1,4,2,5,3,4,4,4
session_092,survey_065,annotator_152,Man,25-34,clip_0558,4,speaker_070,Female,7,elevenlabs,1,3,2,3,1,3,2,1
session_099,survey_034,annotator_010,Man,45-54,clip_0343,9,speaker_043,Female,2,elevenlabs,0,1,1,4,1,1,2,2
session_092,survey_065,annotator_152,Man,25-34,clip_1891,6,speaker_055,Female,8,elevenlabs,0,5,1,4,3,3,4,5
session_099,survey_034,annotator_010,Man,45-54,clip_0574,11,speaker_072,Female,1,elevenlabs,1,3,1,5,4,3,4,3
session_092,survey_065,annotator_152,Man,25-34,clip_1881,7,speaker_020,Female,8,elevenlabs,0,5,1,5,1,4,4,4
session_092,survey_065,annotator_152,Man,25-34,clip_1963,8,speaker_027,Female,2,elevenlabs,1,1,5,4,1,5,4,5
session_092,survey_065,annotator_152,Man,25-34,clip_0450,10,speaker_053,Female,9,elevenlabs,1,4,2,4,1,4,3,4
session_092,survey_065,annotator_152,Man,25-34,clip_1699,11,speaker_027,Female,2,elevenlabs,0,5,1,4,1,5,5,5
session_099,survey_034,annotator_010,Man,45-54,clip_0567,15,speaker_072,Female,7,elevenlabs,0,4,1,1,2,3,3,4
session_099,survey_034,annotator_010,Man,45-54,clip_0573,16,speaker_072,Female,1,elevenlabs,0,2,1,2,3,3,3,4
session_092,survey_065,annotator_152,Man,25-34,clip_0317,14,speaker_039,Female,4,elevenlabs,0,5,1,1,1,3,3,2
session_099,survey_034,annotator_010,Man,45-54,clip_0589,17,speaker_074,Female,8,elevenlabs,0,2,1,4,3,2,3,2
session_099,survey_034,annotator_010,Man,45-54,clip_0365,18,speaker_045,Female,2,elevenlabs,0,3,1,1,3,3,3,4
session_092,survey_065,annotator_152,Man,25-34,clip_0320,17,speaker_039,Female,6,elevenlabs,1,1,5,4,2,5,4,5
session_092,survey_065,annotator_152,Man,25-34,clip_0143,18,speaker_017,Female,8,elevenlabs,0,5,1,1,1,3,2,2
session_099,survey_034,annotator_010,Man,45-54,clip_0326,20,speaker_039,Female,9,elevenlabs,1,2,1,5,4,1,3,2
session_092,survey_065,annotator_152,Man,25-34,clip_1947,20,speaker_012,Female,7,elevenlabs,1,2,4,4,2,5,4,5
session_033,survey_043,annotator_024,Woman,25-34,clip_2183,1,speaker_065,Male,5,coqui_xtts,1,5,2,5,2,2,4,2
session_034,survey_118,annotator_181,Woman,25-34,clip_0430,1,speaker_050,Female,6,elevenlabs,1,4,4,5,3,3,3,3
session_034,survey_118,annotator_181,Woman,25-34,clip_1995,2,speaker_055,Female,3,elevenlabs,1,3,4,5,3,3,3,3
session_040,survey_210,annotator_160,Woman,25-34,clip_1994,1,speaker_055,Female,2,elevenlabs,1,4,1,5,1,3,4,3
session_034,survey_118,annotator_181,Woman,25-34,clip_0553,3,speaker_070,Female,5,elevenlabs,0,4,3,2,2,2,3,3
session_038,survey_123,annotator_095,Woman,45-54,clip_2037,1,speaker_075,Male,9,elevenlabs,1,3,2,2,2,3,3,3
session_039,survey_133,annotator_070,Woman,35-44,clip_2195,1,speaker_068,Female,5,coqui_xtts,1,4,1,4,1,2,2,1
session_033,survey_043,annotator_024,Woman,25-34,clip_1435,5,speaker_048,Male,3,coqui_xtts,1,5,1,5,5,1,5,2
session_039,survey_133,annotator_070,Woman,35-44,clip_1417,2,speaker_046,Female,6,coqui_xtts,0,2,1,1,1,1,1,1
session_040,survey_210,annotator_160,Woman,25-34,clip_0593,2,speaker_074,Female,1,elevenlabs,0,3,1,2,1,2,3,2
session_034,survey_118,annotator_181,Woman,25-34,clip_0577,5,speaker_073,Female,4,elevenlabs,0,3,2,2,2,3,2,2
session_039,survey_133,annotator_070,Woman,35-44,clip_2191,3,speaker_066,Female,1,coqui_xtts,1,3,1,4,1,1,2,1
session_034,survey_118,annotator_181,Woman,25-34,clip_0554,6,speaker_070,Female,5,elevenlabs,1,3,2,2,2,2,2,2
session_040,survey_210,annotator_160,Woman,25-34,clip_0554,3,speaker_070,Female,5,elevenlabs,1,3,1,4,1,2,4,3
session_039,survey_133,annotator_070,Woman,35-44,clip_1275,4,speaker_025,Female,2,coqui_xtts,1,3,1,4,1,2,2,1
session_041,survey_019,annotator_022,Man,65+,clip_1877,1,speaker_006,Male,8,elevenlabs,0,2,1,1,2,2,3,1
session_033,survey_043,annotator_024,Woman,25-34,clip_1109,9,speaker_002,Male,7,coqui_xtts,0,5,1,5,2,1,5,1
session_035,survey_122,annotator_066,Woman,45-54,clip_2530,2,speaker_031,Male,4,elevenlabs_low_expressiveness,1,4,1,1,2,2,2,2
session_039,survey_133,annotator_070,Woman,35-44,clip_1396,5,speaker_044,Female,7,coqui_xtts,0,1,1,1,1,1,1,1
session_041,survey_019,annotator_022,Man,65+,clip_0025,2,speaker_003,Male,6,elevenlabs,0,4,3,5,4,4,4,4
session_040,survey_210,annotator_160,Woman,25-34,clip_0333,4,speaker_040,Female,7,elevenlabs,0,4,3,1,1,3,4,2
session_039,survey_133,annotator_070,Woman,35-44,clip_1404,6,speaker_045,Female,7,coqui_xtts,1,2,1,4,1,1,1,1
session_042,survey_067,annotator_164,Woman,55-64,clip_0934,1,speaker_056,Female,3,chatterbox,0,2,1,1,2,2,2,1
session_039,survey_133,annotator_070,Woman,35-44,clip_1416,7,speaker_046,Female,5,coqui_xtts,1,2,1,4,1,1,2,1
session_040,survey_210,annotator_160,Woman,25-34,clip_0553,5,speaker_070,Female,5,elevenlabs,0,2,1,1,1,1,1,1
session_041,survey_019,annotator_022,Man,65+,clip_0223,4,speaker_029,Male,2,elevenlabs,0,4,3,5,3,4,4,4
session_045,survey_141,annotator_092,Woman,55-64,clip_1947,1,speaker_012,Female,7,elevenlabs,1,4,2,5,1,4,2,1
session_044,survey_078,annotator_091,Man,45-54,clip_1886,2,speaker_035,Male,8,coqui_xtts,0,4,2,3,1,1,2,2
session_041,survey_019,annotator_022,Man,65+,clip_0282,5,speaker_034,Male,9,elevenlabs,1,4,4,5,4,3,4,4
session_045,survey_141,annotator_092,Woman,55-64,clip_1730,2,speaker_012,Female,3,elevenlabs,0,1,1,1,1,1,1,1
session_044,survey_078,annotator_091,Man,45-54,clip_1640,3,speaker_085,Male,8,coqui_xtts,0,4,2,1,1,2,1,1
session_039,survey_133,annotator_070,Woman,35-44,clip_1296,10,speaker_028,Female,8,coqui_xtts,0,2,3,3,2,1,1,1
session_044,survey_078,annotator_091,Man,45-54,clip_1289,4,speaker_026,Male,1,coqui_xtts,1,1,4,1,1,1,1,1
session_039,survey_133,annotator_070,Woman,35-44,clip_1297,11,speaker_028,Female,8,coqui_xtts,1,3,1,4,3,2,2,1
session_042,survey_067,annotator_164,Woman,55-64,clip_0903,3,speaker_049,Female,6,chatterbox,1,3,3,4,3,3,3,3
session_041,survey_019,annotator_022,Man,65+,clip_0224,7,speaker_029,Male,2,elevenlabs,1,5,4,5,4,4,4,4
session_039,survey_133,annotator_070,Woman,35-44,clip_1418,12,speaker_046,Female,6,coqui_xtts,1,3,2,2,2,1,1,1
session_041,survey_019,annotator_022,Man,65+,clip_1860,8,speaker_035,Male,7,elevenlabs,0,3,3,4,3,3,4,4
session_039,survey_133,annotator_070,Woman,35-44,clip_1398,13,speaker_044,Female,9,coqui_xtts,0,3,1,1,1,1,1,1
session_042,survey_067,annotator_164,Woman,55-64,clip_0867,4,speaker_046,Female,7,chatterbox,1,3,3,1,3,2,3,2
session_044,survey_078,annotator_091,Man,45-54,clip_2152,6,speaker_035,Male,8,coqui_xtts,1,5,2,5,2,2,2,2
session_041,survey_019,annotator_022,Man,65+,clip_0281,9,speaker_034,Male,9,elevenlabs,0,4,3,3,3,2,3,3
session_040,survey_210,annotator_160,Woman,25-34,clip_1967,10,speaker_027,Female,7,elevenlabs,1,5,4,5,3,4,4,4
session_045,survey_141,annotator_092,Woman,55-64,clip_1965,6,speaker_027,Female,4,elevenlabs,1,4,5,5,1,5,5,5
session_041,survey_019,annotator_022,Man,65+,clip_0410,10,speaker_048,Male,9,elevenlabs,1,2,2,4,3,3,4,4
session_044,survey_078,annotator_091,Man,45-54,clip_2176,8,speaker_063,Male,4,coqui_xtts,1,2,2,3,1,1,1,1
session_045,survey_141,annotator_092,Woman,55-64,clip_2025,7,speaker_068,Female,6,elevenlabs,1,2,5,5,1,5,5,5
session_043,survey_198,annotator_144,Man,35-44,clip_2868,1,speaker_066,Female,6,elevenlabs_low_expressiveness,1,2,1,4,1,4,3,2
session_041,survey_019,annotator_022,Man,65+,clip_1875,11,speaker_075,Male,7,elevenlabs,0,4,3,2,3,3,3,4
session_039,survey_133,annotator_070,Woman,35-44,clip_1415,18,speaker_046,Female,5,coqui_xtts,0,2,1,1,1,1,1,1
session_043,survey_198,annotator_144,Man,35-44,clip_2634,2,speaker_042,Female,8,elevenlabs_low_expressiveness,1,2,1,3,1,4,4,2
session_040,survey_210,annotator_160,Woman,25-34,clip_0334,12,speaker_040,Female,7,elevenlabs,1,5,3,5,3,4,4,3
session_039,survey_133,annotator_070,Woman,35-44,clip_1681,19,speaker_066,Female,1,coqui_xtts,0,2,1,2,2,2,1,1
session_043,survey_198,annotator_144,Man,35-44,clip_2647,3,speaker_044,Female,8,elevenlabs_low_expressiveness,0,4,2,1,1,3,3,2
session_042,survey_067,annotator_164,Woman,55-64,clip_0871,7,speaker_046,Female,9,chatterbox,1,3,2,1,3,2,3,2
session_041,survey_019,annotator_022,Man,65+,clip_0511,14,speaker_060,Male,5,elevenlabs,0,4,3,1,3,3,4,4
session_043,survey_198,annotator_144,Man,35-44,clip_2892,4,speaker_069,Female,5,elevenlabs_low_expressiveness,1,2,2,5,1,4,4,2
session_041,survey_019,annotator_022,Man,65+,clip_0026,15,speaker_003,Male,6,elevenlabs,1,1,3,1,3,3,3,3
session_043,survey_198,annotator_144,Man,35-44,clip_2867,5,speaker_066,Female,6,elevenlabs_low_expressiveness,0,1,1,2,2,1,1,1
session_041,survey_019,annotator_022,Man,65+,clip_0512,16,speaker_060,Male,5,elevenlabs,1,5,3,4,4,3,3,3
session_043,survey_198,annotator_144,Man,35-44,clip_2886,6,speaker_069,Female,2,elevenlabs_low_expressiveness,1,3,3,5,1,5,4,2
session_041,survey_019,annotator_022,Man,65+,clip_0292,17,speaker_036,Male,7,elevenlabs,1,5,3,4,3,4,4,4
session_040,survey_210,annotator_160,Woman,25-34,clip_1858,15,speaker_027,Female,7,elevenlabs,0,5,3,5,1,4,4,4
session_042,survey_067,annotator_164,Woman,55-64,clip_0839,9,speaker_040,Female,3,chatterbox,1,3,2,1,2,2,2,2
session_041,survey_019,annotator_022,Man,65+,clip_1942,18,speaker_006,Male,8,elevenlabs,1,5,3,5,4,3,4,3
session_043,survey_198,annotator_144,Man,35-44,clip_2667,9,speaker_046,Female,4,elevenlabs_low_expressiveness,1,3,2,1,1,4,2,1
session_042,survey_067,annotator_164,Woman,55-64,clip_0902,10,speaker_049,Female,6,chatterbox,0,1,1,4,2,2,1,1
session_043,survey_198,annotator_144,Man,35-44,clip_2940,10,speaker_074,Female,2,elevenlabs_low_expressiveness,1,4,3,5,2,4,3,2
session_041,survey_019,annotator_022,Man,65+,clip_2036,20,speaker_075,Male,7,elevenlabs,1,3,3,1,3,3,3,3
session_042,survey_067,annotator_164,Woman,55-64,clip_0738,11,speaker_025,Female,3,chatterbox,0,2,1,3,1,1,1,1
session_044,survey_078,annotator_091,Man,45-54,clip_1351,11,speaker_034,Male,3,coqui_xtts,1,4,3,4,2,2,2,2
session_043,survey_198,annotator_144,Man,35-44,clip_2885,12,speaker_069,Female,2,elevenlabs_low_expressiveness,0,3,1,4,1,4,3,2
session_043,survey_198,annotator_144,Man,35-44,clip_2883,13,speaker_068,Female,7,elevenlabs_low_expressiveness,0,2,1,2,1,2,2,2
session_044,survey_078,annotator_091,Man,45-54,clip_1262,13,speaker_022,Male,8,coqui_xtts,0,4,1,1,1,1,1,1
session_043,survey_198,annotator_144,Man,35-44,clip_2610,14,speaker_039,Female,3,elevenlabs_low_expressiveness,1,3,2,4,2,2,3,2
session_042,survey_067,annotator_164,Woman,55-64,clip_0714,13,speaker_021,Female,3,chatterbox,0,1,1,4,2,1,1,1
session_042,survey_067,annotator_164,Woman,55-64,clip_0998,14,speaker_069,Female,2,chatterbox,0,3,3,4,2,4,4,4
session_043,survey_198,annotator_144,Man,35-44,clip_2928,15,speaker_072,Female,1,elevenlabs_low_expressiveness,1,3,2,3,2,3,2,2
session_038,survey_123,annotator_095,Woman,45-54,clip_0172,16,speaker_022,Male,1,elevenlabs,1,4,1,2,4,3,3,3
session_043,survey_198,annotator_144,Man,35-44,clip_2891,16,speaker_069,Female,5,elevenlabs_low_expressiveness,0,3,2,3,2,3,2,2
session_043,survey_198,annotator_144,Man,35-44,clip_2666,17,speaker_046,Female,4,elevenlabs_low_expressiveness,0,2,1,1,1,3,2,2
session_042,survey_067,annotator_164,Woman,55-64,clip_0870,16,speaker_046,Female,9,chatterbox,0,2,2,1,2,1,2,1
session_044,survey_078,annotator_091,Man,45-54,clip_1784,16,speaker_063,Male,4,coqui_xtts,0,1,4,4,1,1,1,1
session_044,survey_078,annotator_091,Man,45-54,clip_1641,17,speaker_085,Male,8,coqui_xtts,1,3,1,2,1,2,1,2
session_038,survey_123,annotator_095,Woman,45-54,clip_0493,18,speaker_058,Male,9,elevenlabs,0,4,3,5,2,3,3,3
session_044,survey_078,annotator_091,Man,45-54,clip_1594,18,speaker_081,Male,5,coqui_xtts,0,1,4,4,4,1,1,1
session_043,survey_198,annotator_144,Man,35-44,clip_2609,20,speaker_039,Female,3,elevenlabs_low_expressiveness,0,2,2,2,2,2,2,2
session_038,survey_123,annotator_095,Woman,45-54,clip_0044,19,speaker_005,Male,7,elevenlabs,1,3,3,5,4,3,4,3
session_038,survey_123,annotator_095,Woman,45-54,clip_0308,20,speaker_037,Male,8,elevenlabs,1,4,4,5,3,3,3,3
session_042,survey_067,annotator_164,Woman,55-64,clip_0935,20,speaker_056,Female,3,chatterbox,1,4,4,4,3,4,3,3
session_035,survey_122,annotator_066,Woman,45-54,clip_2280,3,speaker_008,Male,7,elevenlabs_low_expressiveness,1,5,3,5,2,3,3,3
session_044,survey_078,annotator_091,Man,45-54,clip_1263,20,speaker_022,Male,8,coqui_xtts,1,5,1,2,2,4,4,4
session_058,survey_112,annotator_071,Man,25-34,clip_2544,4,speaker_033,Male,5,elevenlabs_low_expressiveness,1,4,4,4,2,3,4,4
session_093,survey_156,annotator_129,Woman,45-54,clip_2802,1,speaker_058,Male,1,elevenlabs_low_expressiveness,1,3,3,3,4,3,4,3
session_065,survey_193,annotator_144,Man,35-44,clip_2749,7,speaker_054,Male,4,elevenlabs_low_expressiveness,1,1,1,4,2,2,2,2
session_093,survey_156,annotator_129,Woman,45-54,clip_2314,2,speaker_011,Male,6,elevenlabs_low_expressiveness,1,4,3,4,3,4,4,3
session_095,survey_202,annotator_047,Woman,45-54,clip_1570,1,speaker_076,Female,3,coqui_xtts,0,3,2,1,2,2,2,2
session_058,survey_112,annotator_071,Man,25-34,clip_2542,10,speaker_033,Male,3,elevenlabs_low_expressiveness,1,5,3,5,4,3,4,4
session_054,survey_201,annotator_174,Man,18-24,clip_2512,5,speaker_030,Male,2,elevenlabs_low_expressiveness,1,3,2,3,3,2,2,2
session_093,survey_156,annotator_129,Woman,45-54,clip_2391,3,speaker_018,Male,8,elevenlabs_low_expressiveness,0,5,4,3,3,4,3,4
session_077,survey_204,annotator_168,Woman,35-44,clip_0209,7,speaker_026,Male,1,elevenlabs,0,1,3,3,2,2,1,1
session_060,survey_053,annotator_135,Man,18-24,clip_0400,13,speaker_047,Female,8,elevenlabs,1,2,3,2,3,3,3,2
session_093,survey_156,annotator_129,Woman,45-54,clip_2396,4,speaker_019,Male,3,elevenlabs_low_expressiveness,1,5,4,3,3,4,3,4
session_074,survey_142,annotator_101,Man,45-54,clip_1679,11,speaker_065,Male,1,elevenlabs,0,4,4,3,1,2,2,2
session_057,survey_167,annotator_188,Woman,25-34,clip_0813,13,speaker_034,Male,1,chatterbox,1,5,4,5,2,4,3,3
session_075,survey_199,annotator_192,Woman,18-24,clip_2235,10,speaker_002,Male,8,elevenlabs_low_expressiveness,0,1,1,1,1,1,1,1
session_093,survey_156,annotator_129,Woman,45-54,clip_2387,5,speaker_018,Male,5,elevenlabs_low_expressiveness,0,5,4,3,3,4,3,5
session_094,survey_219,annotator_117,Woman,18-24,clip_2076,5,speaker_054,Male,3,chatterbox,1,1,1,2,1,2,2,2
session_093,survey_156,annotator_129,Woman,45-54,clip_2539,6,speaker_032,Male,8,elevenlabs_low_expressiveness,0,1,2,1,1,2,1,3
session_054,survey_201,annotator_174,Man,18-24,clip_2686,20,speaker_048,Male,3,elevenlabs_low_expressiveness,0,3,3,3,3,3,2,1
session_077,survey_204,annotator_168,Woman,35-44,clip_0161,15,speaker_022,Male,3,elevenlabs,0,2,1,2,1,1,1,1
session_093,survey_156,annotator_129,Woman,45-54,clip_2569,7,speaker_035,Male,9,elevenlabs_low_expressiveness,0,2,1,1,2,1,1,2
session_093,survey_156,annotator_129,Woman,45-54,clip_2258,8,speaker_005,Male,8,elevenlabs_low_expressiveness,1,4,5,2,3,3,4,3
session_093,survey_156,annotator_129,Woman,45-54,clip_2280,9,speaker_008,Male,7,elevenlabs_low_expressiveness,1,4,3,4,3,3,3,3
session_056,survey_047,annotator_046,Man,55-64,clip_0914,17,speaker_050,Female,7,chatterbox,0,2,1,1,1,2,2,1
session_092,survey_065,annotator_152,Man,25-34,clip_0449,5,speaker_053,Female,9,elevenlabs,0,2,5,4,2,2,3,2
session_093,survey_156,annotator_129,Woman,45-54,clip_2279,10,speaker_008,Male,7,elevenlabs_low_expressiveness,0,3,4,5,4,3,3,3
session_094,survey_219,annotator_117,Woman,18-24,clip_0948,14,speaker_057,Male,6,chatterbox,0,4,1,4,2,4,4,3
session_093,survey_156,annotator_129,Woman,45-54,clip_2392,11,speaker_018,Male,8,elevenlabs_low_expressiveness,1,3,4,3,4,3,4,4
session_093,survey_156,annotator_129,Woman,45-54,clip_2540,12,speaker_032,Male,8,elevenlabs_low_expressiveness,1,4,3,4,5,5,3,3
session_093,survey_156,annotator_129,Woman,45-54,clip_2388,13,speaker_018,Male,5,elevenlabs_low_expressiveness,1,5,5,4,3,3,3,3
session_093,survey_156,annotator_129,Woman,45-54,clip_2395,14,speaker_019,Male,3,elevenlabs_low_expressiveness,0,4,5,5,4,5,3,3
session_093,survey_156,annotator_129,Woman,45-54,clip_2352,15,speaker_015,Male,2,elevenlabs_low_expressiveness,1,5,4,5,5,4,3,4
session_093,survey_156,annotator_129,Woman,45-54,clip_2257,16,speaker_005,Male,8,elevenlabs_low_expressiveness,0,5,4,5,4,5,3,4
session_093,survey_156,annotator_129,Woman,45-54,clip_2313,17,speaker_011,Male,6,elevenlabs_low_expressiveness,0,5,4,3,3,4,4,3
session_099,survey_034,annotator_010,Man,45-54,clip_0189,14,speaker_025,Female,4,elevenlabs,0,4,1,5,2,3,3,3
session_093,survey_156,annotator_129,Woman,45-54,clip_2801,18,speaker_058,Male,1,elevenlabs_low_expressiveness,0,5,4,5,5,4,3,4
session_093,survey_156,annotator_129,Woman,45-54,clip_2570,19,speaker_035,Male,9,elevenlabs_low_expressiveness,1,5,5,4,3,3,3,3
session_093,survey_156,annotator_129,Woman,45-54,clip_2351,20,speaker_015,Male,2,elevenlabs_low_expressiveness,0,5,4,3,4,5,4,3
session_087,survey_045,annotator_062,Woman,25-34,clip_2420,20,speaker_021,Female,4,elevenlabs_low_expressiveness,1,5,4,5,1,4,5,5
session_095,survey_202,annotator_047,Woman,45-54,clip_1928,19,speaker_066,Female,9,coqui_xtts,0,1,1,1,1,1,1,1
session_045,survey_141,annotator_092,Woman,55-64,clip_0157,8,speaker_021,Female,2,elevenlabs,0,2,2,1,1,3,1,1
session_045,survey_141,annotator_092,Woman,55-64,clip_0460,9,speaker_056,Female,5,elevenlabs,1,2,3,5,1,3,2,2
session_045,survey_141,annotator_092,Woman,55-64,clip_0158,10,speaker_021,Female,2,elevenlabs,1,4,5,5,1,5,5,5
session_045,survey_141,annotator_092,Woman,55-64,clip_1852,11,speaker_012,Female,7,elevenlabs,0,1,3,5,1,1,1,1
session_045,survey_141,annotator_092,Woman,55-64,clip_1773,12,speaker_027,Female,4,elevenlabs,0,1,4,5,1,5,2,2
session_045,survey_141,annotator_092,Woman,55-64,clip_0445,13,speaker_053,Female,7,elevenlabs,0,1,3,5,1,1,1,1
session_045,survey_141,annotator_092,Woman,55-64,clip_1945,14,speaker_012,Female,3,elevenlabs,1,3,4,5,1,1,2,2
session_045,survey_141,annotator_092,Woman,55-64,clip_0195,15,speaker_025,Female,1,elevenlabs,0,2,1,5,1,1,1,1
session_045,survey_141,annotator_092,Woman,55-64,clip_0160,16,speaker_021,Female,4,elevenlabs,1,3,4,5,1,4,3,3
session_045,survey_141,annotator_092,Woman,55-64,clip_0196,17,speaker_025,Female,1,elevenlabs,1,1,3,5,1,1,1,1
session_045,survey_141,annotator_092,Woman,55-64,clip_1846,18,speaker_068,Female,6,elevenlabs,0,3,3,5,1,3,2,2
session_045,survey_141,annotator_092,Woman,55-64,clip_0332,19,speaker_040,Female,4,elevenlabs,1,3,2,5,1,2,3,3
session_045,survey_141,annotator_092,Woman,55-64,clip_0446,20,speaker_053,Female,7,elevenlabs,1,1,4,5,1,3,3,3
session_061,survey_172,annotator_114,Man,35-44,clip_2230,12,speaker_002,Male,2,elevenlabs_low_expressiveness,1,4,4,3,4,2,2,4
session_059,survey_111,annotator_006,Man,35-44,clip_2215,10,speaker_079,Female,1,coqui_xtts,1,3,1,3,1,2,3,3
session_091,survey_131,annotator_073,Woman,65+,clip_1612,4,speaker_082,Female,1,coqui_xtts,0,2,1,2,2,1,2,1
session_065,survey_193,annotator_144,Man,35-44,clip_2952,17,speaker_075,Male,7,elevenlabs_low_expressiveness,1,2,2,1,2,4,3,2
session_062,survey_189,annotator_043,Woman,25-34,clip_0734,15,speaker_024,Female,8,chatterbox,0,5,1,3,3,1,2,2
session_062,survey_189,annotator_043,Woman,25-34,clip_0735,20,speaker_024,Female,8,chatterbox,1,2,5,5,2,4,3,2
session_069,survey_218,annotator_012,Man,25-34,clip_2355,17,speaker_015,Male,4,elevenlabs_low_expressiveness,0,3,2,1,2,1,2,1
session_094,survey_219,annotator_117,Woman,18-24,clip_2063,12,speaker_035,Male,9,chatterbox,1,4,3,4,4,4,4,4
session_071,survey_176,annotator_075,Woman,55-64,clip_1941,12,speaker_006,Male,7,elevenlabs,1,4,4,2,2,3,3,3
session_099,survey_034,annotator_010,Man,45-54,clip_1947,12,speaker_012,Female,7,elevenlabs,1,3,1,5,1,3,3,2
session_103,survey_052,annotator_176,Woman,25-34,clip_1766,1,speaker_079,Female,3,coqui_xtts,0,5,1,5,4,3,3,3
session_103,survey_052,annotator_176,Woman,25-34,clip_1677,2,speaker_055,Female,1,coqui_xtts,0,4,1,2,3,2,3,2
session_103,survey_052,annotator_176,Woman,25-34,clip_1294,3,speaker_028,Female,6,coqui_xtts,0,4,3,4,3,3,3,3
session_103,survey_052,annotator_176,Woman,25-34,clip_2209,4,speaker_079,Female,3,coqui_xtts,1,4,2,3,3,3,3,3
session_103,survey_052,annotator_176,Woman,25-34,clip_1295,5,speaker_028,Female,6,coqui_xtts,1,5,2,5,3,3,3,3
session_098,survey_036,annotator_154,Man,65+,clip_0006,19,speaker_001,Male,6,elevenlabs,1,4,3,5,2,4,3,1
session_103,survey_052,annotator_176,Woman,25-34,clip_2196,6,speaker_068,Female,6,coqui_xtts,1,5,2,5,3,3,3,3
session_103,survey_052,annotator_176,Woman,25-34,clip_1241,7,speaker_017,Female,1,coqui_xtts,1,4,1,3,2,3,3,3
session_103,survey_052,annotator_176,Woman,25-34,clip_1528,8,speaker_064,Female,7,coqui_xtts,0,3,1,4,3,3,3,3
session_103,survey_052,annotator_176,Woman,25-34,clip_1621,9,speaker_083,Female,1,coqui_xtts,1,5,1,5,3,3,3,3
session_103,survey_052,annotator_176,Woman,25-34,clip_1299,10,speaker_028,Female,1,coqui_xtts,1,5,2,5,4,3,3,4
session_103,survey_052,annotator_176,Woman,25-34,clip_1814,11,speaker_066,Female,5,coqui_xtts,0,3,1,1,2,2,2,1
session_103,survey_052,annotator_176,Woman,25-34,clip_2187,12,speaker_066,Female,5,coqui_xtts,1,4,1,4,2,2,2,1
session_103,survey_052,annotator_176,Woman,25-34,clip_1579,13,speaker_076,Female,9,coqui_xtts,1,4,2,2,2,3,3,3
session_103,survey_052,annotator_176,Woman,25-34,clip_1578,14,speaker_076,Female,9,coqui_xtts,0,3,1,1,3,3,2,2
session_103,survey_052,annotator_176,Woman,25-34,clip_1529,15,speaker_064,Female,7,coqui_xtts,1,4,2,5,4,3,3,3
session_103,survey_052,annotator_176,Woman,25-34,clip_1298,16,speaker_028,Female,1,coqui_xtts,0,4,1,4,4,3,3,3
session_103,survey_052,annotator_176,Woman,25-34,clip_2174,17,speaker_055,Female,1,coqui_xtts,1,5,2,5,4,4,3,3
session_103,survey_052,annotator_176,Woman,25-34,clip_1620,18,speaker_083,Female,1,coqui_xtts,0,4,1,1,3,3,3,3
session_103,survey_052,annotator_176,Woman,25-34,clip_1240,19,speaker_017,Female,1,coqui_xtts,0,5,1,1,3,4,3,3
session_103,survey_052,annotator_176,Woman,25-34,clip_1847,20,speaker_068,Female,6,coqui_xtts,0,4,2,4,4,4,3,4
session_107,survey_140,annotator_133,Woman,18-24,clip_2302,1,speaker_010,Male,4,elevenlabs_low_expressiveness,1,2,4,4,4,4,4,4
session_038,survey_123,annotator_095,Woman,45-54,clip_0259,3,speaker_033,Male,3,elevenlabs,0,2,1,1,3,2,2,2
session_041,survey_019,annotator_022,Man,65+,clip_0409,3,speaker_048,Male,9,elevenlabs,0,5,4,5,3,3,4,4
session_034,survey_118,annotator_181,Woman,25-34,clip_0184,9,speaker_024,Female,9,elevenlabs,1,4,4,3,3,2,2,2
session_055,survey_138,annotator_148,Woman,18-24,clip_1189,5,speaker_013,Male,6,coqui_xtts,1,3,3,3,3,3,3,3
session_044,survey_078,annotator_091,Man,45-54,clip_1314,1,speaker_029,Male,1,coqui_xtts,0,5,1,5,1,5,5,5
session_034,survey_118,annotator_181,Woman,25-34,clip_0393,10,speaker_047,Female,4,elevenlabs,0,2,2,3,2,2,2,2
session_039,survey_133,annotator_070,Woman,35-44,clip_1399,8,speaker_044,Female,9,coqui_xtts,1,4,3,4,2,2,3,3
session_040,survey_210,annotator_160,Woman,25-34,clip_1676,6,speaker_055,Female,1,elevenlabs,0,4,2,3,1,3,3,3
session_035,survey_122,annotator_066,Woman,45-54,clip_2546,5,speaker_033,Male,8,elevenlabs_low_expressiveness,1,3,1,2,1,2,2,1
session_039,survey_133,annotator_070,Woman,35-44,clip_1274,9,speaker_025,Female,2,coqui_xtts,0,4,1,4,1,1,1,1
session_046,survey_028,annotator_184,Man,25-34,clip_2289,1,speaker_009,Male,6,elevenlabs_low_expressiveness,0,3,1,3,2,2,2,1
session_038,survey_123,annotator_095,Woman,45-54,clip_1893,4,speaker_063,Male,8,elevenlabs,0,2,2,4,2,2,2,1
session_042,survey_067,annotator_164,Woman,55-64,clip_0866,2,speaker_046,Female,7,chatterbox,0,2,1,1,2,2,2,2
session_040,survey_210,annotator_160,Woman,25-34,clip_0112,7,speaker_014,Female,3,elevenlabs,1,4,3,5,2,3,4,4
session_041,survey_019,annotator_022,Man,65+,clip_0291,6,speaker_036,Male,7,elevenlabs,0,3,2,2,2,3,3,3
session_046,survey_028,annotator_184,Man,25-34,clip_2749,2,speaker_054,Male,4,elevenlabs_low_expressiveness,1,4,2,3,3,3,2,2
session_033,survey_043,annotator_024,Woman,25-34,clip_1434,17,speaker_048,Male,3,coqui_xtts,0,5,1,4,5,1,4,3
session_035,survey_122,annotator_066,Woman,45-54,clip_2600,6,speaker_038,Male,6,elevenlabs_low_expressiveness,1,4,3,3,2,3,2,2
session_045,survey_141,annotator_092,Woman,55-64,clip_0159,3,speaker_021,Female,4,elevenlabs,0,1,4,4,1,5,1,1
session_040,survey_210,annotator_160,Woman,25-34,clip_0219,8,speaker_028,Female,9,elevenlabs,0,4,3,5,1,4,3,4
session_033,survey_043,annotator_024,Woman,25-34,clip_2170,18,speaker_054,Male,1,coqui_xtts,1,4,1,5,5,1,2,1
session_046,survey_028,annotator_184,Man,25-34,clip_2466,3,speaker_026,Male,7,elevenlabs_low_expressiveness,1,3,3,4,2,3,3,2
session_047,survey_001,annotator_178,Man,35-44,clip_2937,1,speaker_073,Female,7,elevenlabs_low_expressiveness,0,3,2,1,1,3,3,4
session_045,survey_141,annotator_092,Woman,55-64,clip_0331,4,speaker_040,Female,4,elevenlabs,0,1,1,1,1,1,1,1
session_034,survey_118,annotator_181,Woman,25-34,clip_1749,13,speaker_055,Female,3,elevenlabs,0,2,2,1,4,2,2,2
session_044,survey_078,annotator_091,Man,45-54,clip_1315,5,speaker_029,Male,1,coqui_xtts,1,4,2,3,3,2,2,2
session_047,survey_001,annotator_178,Man,35-44,clip_2910,2,speaker_071,Female,6,elevenlabs_low_expressiveness,1,3,3,3,4,3,3,4
session_040,survey_210,annotator_160,Woman,25-34,clip_0520,9,speaker_061,Female,5,elevenlabs,1,5,3,1,2,3,4,2
session_045,survey_141,annotator_092,Woman,55-64,clip_0459,5,speaker_056,Female,5,elevenlabs,0,3,2,2,1,1,2,1
session_038,survey_123,annotator_095,Woman,45-54,clip_2007,6,speaker_063,Male,8,elevenlabs,1,3,3,4,3,3,3,2
session_046,survey_028,annotator_184,Man,25-34,clip_2465,4,speaker_026,Male,7,elevenlabs_low_expressiveness,0,3,3,3,2,3,2,2
session_039,survey_133,annotator_070,Woman,35-44,clip_1403,14,speaker_045,Female,7,coqui_xtts,0,3,1,1,1,1,1,1
session_048,survey_014,annotator_167,Woman,35-44,clip_1924,1,speaker_063,Male,9,elevenlabs,0,5,2,5,1,5,4,2
session_047,survey_001,annotator_178,Man,35-44,clip_2909,3,speaker_071,Female,6,elevenlabs_low_expressiveness,0,3,1,1,2,2,2,2
session_044,survey_078,annotator_091,Man,45-54,clip_1732,7,speaker_019,Male,3,coqui_xtts,0,1,4,3,3,1,1,1
session_034,survey_118,annotator_181,Woman,25-34,clip_0138,15,speaker_017,Female,4,elevenlabs,1,4,3,1,3,3,3,3
session_046,survey_028,annotator_184,Man,25-34,clip_2427,5,speaker_022,Male,5,elevenlabs_low_expressiveness,0,4,2,1,1,1,1,1
session_039,survey_133,annotator_070,Woman,35-44,clip_1817,15,speaker_068,Female,5,coqui_xtts,0,5,2,5,1,3,3,3
session_048,survey_014,annotator_167,Woman,35-44,clip_0274,2,speaker_034,Male,3,elevenlabs,1,5,1,1,1,3,3,2
session_047,survey_001,annotator_178,Man,35-44,clip_2681,4,speaker_047,Female,7,elevenlabs_low_expressiveness,1,2,3,4,3,1,2,2
session_042,survey_067,annotator_164,Woman,55-64,clip_0715,5,speaker_021,Female,3,chatterbox,1,4,3,5,3,4,4,5
session_039,survey_133,annotator_070,Woman,35-44,clip_1397,16,speaker_044,Female,7,coqui_xtts,1,2,2,3,1,2,1,1
session_046,survey_028,annotator_184,Man,25-34,clip_2778,6,speaker_057,Male,3,elevenlabs_low_expressiveness,1,4,4,5,3,4,4,3
session_040,survey_210,annotator_160,Woman,25-34,clip_2000,11,speaker_055,Female,1,elevenlabs,1,5,2,5,4,2,4,2
session_034,survey_118,annotator_181,Woman,25-34,clip_0578,16,speaker_073,Female,4,elevenlabs,1,4,2,4,2,4,3,3
session_048,survey_014,annotator_167,Woman,35-44,clip_0242,3,speaker_030,Male,8,elevenlabs,1,4,4,4,1,2,3,2
session_035,survey_122,annotator_066,Woman,45-54,clip_2439,11,speaker_023,Male,5,elevenlabs_low_expressiveness,0,2,1,1,1,2,1,1
session_046,survey_028,annotator_184,Man,25-34,clip_2790,8,speaker_058,Male,2,elevenlabs_low_expressiveness,1,1,1,2,2,1,2,1
session_047,survey_001,annotator_178,Man,35-44,clip_2474,7,speaker_027,Female,6,elevenlabs_low_expressiveness,1,4,2,4,3,3,3,3
session_048,survey_014,annotator_167,Woman,35-44,clip_1942,5,speaker_006,Male,8,elevenlabs,1,4,5,3,3,1,3,2
session_046,survey_028,annotator_184,Man,25-34,clip_2603,9,speaker_038,Male,8,elevenlabs_low_expressiveness,0,1,1,3,3,1,2,1
session_047,survey_001,annotator_178,Man,35-44,clip_2680,9,speaker_047,Female,7,elevenlabs_low_expressiveness,0,2,2,3,3,1,3,2
session_048,survey_014,annotator_167,Woman,35-44,clip_0031,6,speaker_004,Male,3,elevenlabs,0,1,4,4,3,1,3,1
session_047,survey_001,annotator_178,Man,35-44,clip_2944,10,speaker_074,Female,7,elevenlabs_low_expressiveness,1,3,3,4,3,1,3,2
session_049,survey_069,annotator_096,Man,35-44,clip_1157,3,speaker_009,Male,7,coqui_xtts,1,3,2,4,3,4,3,3
session_047,survey_001,annotator_178,Man,35-44,clip_2635,11,speaker_043,Female,2,elevenlabs_low_expressiveness,0,4,2,2,2,3,2,3
session_048,survey_014,annotator_167,Woman,35-44,clip_0246,8,speaker_031,Male,3,elevenlabs,1,2,4,2,3,1,3,1
session_046,survey_028,annotator_184,Man,25-34,clip_2862,12,speaker_065,Male,9,elevenlabs_low_expressiveness,1,4,2,5,3,3,3,3
session_048,survey_014,annotator_167,Woman,35-44,clip_0077,9,speaker_009,Male,1,elevenlabs,0,3,3,2,4,2,3,1
session_046,survey_028,annotator_184,Man,25-34,clip_2813,13,speaker_060,Male,3,elevenlabs_low_expressiveness,0,2,2,1,2,1,2,2
session_048,survey_014,annotator_167,Woman,35-44,clip_1838,10,speaker_054,Male,6,elevenlabs,0,1,2,1,4,1,4,1
session_046,survey_028,annotator_184,Man,25-34,clip_2604,14,speaker_038,Male,8,elevenlabs_low_expressiveness,1,2,2,3,2,3,3,1
session_047,survey_001,annotator_178,Man,35-44,clip_2888,15,speaker_069,Female,3,elevenlabs_low_expressiveness,1,3,2,3,2,4,2,4
session_046,survey_028,annotator_184,Man,25-34,clip_2290,15,speaker_009,Male,6,elevenlabs_low_expressiveness,1,5,5,5,4,4,4,3
session_047,survey_001,annotator_178,Man,35-44,clip_2451,16,speaker_025,Female,3,elevenlabs_low_expressiveness,0,3,2,2,2,3,2,3
session_047,survey_001,annotator_178,Man,35-44,clip_2420,17,speaker_021,Female,4,elevenlabs_low_expressiveness,1,4,2,4,2,3,2,3
session_048,survey_014,annotator_167,Woman,35-44,clip_1943,12,speaker_006,Male,9,elevenlabs,1,5,4,5,3,4,3,3
session_046,survey_028,annotator_184,Man,25-34,clip_2814,17,speaker_060,Male,3,elevenlabs_low_expressiveness,1,4,4,5,4,4,4,4
session_049,survey_069,annotator_096,Man,35-44,clip_1598,7,speaker_081,Male,7,coqui_xtts,0,3,1,3,2,2,2,2
session_046,survey_028,annotator_184,Man,25-34,clip_2789,18,speaker_058,Male,2,elevenlabs_low_expressiveness,0,1,1,3,2,2,1,1
session_046,survey_028,annotator_184,Man,25-34,clip_2563,19,speaker_035,Male,5,elevenlabs_low_expressiveness,0,4,2,4,1,1,3,2
session_049,survey_069,annotator_096,Man,35-44,clip_1339,8,speaker_033,Male,6,coqui_xtts,1,2,1,2,1,1,1,1
session_048,survey_014,annotator_167,Woman,35-44,clip_1877,14,speaker_006,Male,8,elevenlabs,0,1,4,2,4,1,3,1
session_049,survey_069,annotator_096,Man,35-44,clip_1510,9,speaker_059,Male,1,coqui_xtts,0,4,1,1,1,2,1,1
session_049,survey_069,annotator_096,Man,35-44,clip_1249,10,speaker_018,Male,7,coqui_xtts,1,4,2,4,4,3,3,3
session_049,survey_069,annotator_096,Man,35-44,clip_1126,11,speaker_005,Male,2,coqui_xtts,1,1,1,2,2,1,1,1
session_048,survey_014,annotator_167,Woman,35-44,clip_0078,18,speaker_009,Male,1,elevenlabs,1,2,2,4,4,3,3,1
session_048,survey_014,annotator_167,Woman,35-44,clip_0032,20,speaker_004,Male,3,elevenlabs,1,2,4,3,3,2,4,2
session_049,survey_069,annotator_096,Man,35-44,clip_1156,13,speaker_009,Male,7,coqui_xtts,0,4,3,4,3,3,3,3
session_049,survey_069,annotator_096,Man,35-44,clip_1165,14,speaker_010,Male,8,coqui_xtts,1,3,2,3,3,2,2,2
session_049,survey_069,annotator_096,Man,35-44,clip_1511,15,speaker_059,Male,1,coqui_xtts,1,4,1,4,4,3,2,2
session_039,survey_133,annotator_070,Woman,35-44,clip_1464,17,speaker_053,Female,7,coqui_xtts,0,1,1,1,1,1,1,1
session_049,survey_069,annotator_096,Man,35-44,clip_1209,17,speaker_015,Male,5,coqui_xtts,1,4,2,4,3,3,3,3
session_049,survey_069,annotator_096,Man,35-44,clip_1164,18,speaker_010,Male,8,coqui_xtts,0,4,2,1,1,3,3,3
session_049,survey_069,annotator_096,Man,35-44,clip_1907,19,speaker_006,Male,9,coqui_xtts,0,3,1,1,1,3,3,3
session_049,survey_069,annotator_096,Man,35-44,clip_1125,20,speaker_005,Male,2,coqui_xtts,0,2,1,3,1,1,1,1
session_069,survey_218,annotator_012,Man,25-34,clip_2294,3,speaker_009,Male,8,elevenlabs_low_expressiveness,1,3,3,5,3,2,3,3
session_058,survey_112,annotator_071,Man,25-34,clip_2389,9,speaker_018,Male,6,elevenlabs_low_expressiveness,0,5,3,5,1,4,4,4
session_078,survey_119,annotator_026,Woman,55-64,clip_0517,6,speaker_061,Female,3,elevenlabs,0,5,3,2,1,3,2,1
session_057,survey_167,annotator_188,Woman,25-34,clip_0710,12,speaker_018,Male,8,chatterbox,0,5,4,5,2,4,4,2
session_054,survey_201,annotator_174,Man,18-24,clip_2695,9,speaker_048,Male,7,elevenlabs_low_expressiveness,1,3,2,4,4,1,3,2
session_077,survey_204,annotator_168,Woman,35-44,clip_0484,11,speaker_058,Male,2,elevenlabs,1,1,2,4,3,4,2,1
session_055,survey_138,annotator_148,Woman,18-24,clip_1474,20,speaker_057,Male,2,coqui_xtts,0,3,3,3,3,3,3,3
session_076,survey_160,annotator_102,Man,18-24,clip_1319,9,speaker_030,Male,4,coqui_xtts,1,4,2,4,1,3,3,3
session_091,survey_131,annotator_073,Woman,65+,clip_1519,8,speaker_061,Female,3,coqui_xtts,1,2,1,3,3,3,3,3
session_094,survey_219,annotator_117,Woman,18-24,clip_0772,7,speaker_030,Male,5,chatterbox,0,3,1,1,1,2,2,2
session_099,survey_034,annotator_010,Man,45-54,clip_0590,8,speaker_074,Female,8,elevenlabs,1,3,1,5,2,2,3,3
session_095,survey_202,annotator_047,Woman,45-54,clip_1556,7,speaker_073,Female,2,coqui_xtts,0,1,1,1,1,1,1,1
session_076,survey_160,annotator_102,Man,18-24,clip_1506,18,speaker_059,Male,8,coqui_xtts,0,5,1,1,1,3,2,1
session_079,survey_170,annotator_108,Woman,35-44,clip_1261,18,speaker_022,Male,7,coqui_xtts,1,4,4,3,2,4,2,3
session_098,survey_036,annotator_154,Man,65+,clip_0050,12,speaker_005,Male,1,elevenlabs,1,3,1,2,1,1,1,1
session_098,survey_036,annotator_154,Man,65+,clip_0301,14,speaker_037,Male,4,elevenlabs,0,5,3,5,2,4,3,1
session_098,survey_036,annotator_154,Man,65+,clip_0251,18,speaker_031,Male,6,elevenlabs,0,2,1,1,1,2,1,1
session_092,survey_065,annotator_152,Man,25-34,clip_0144,13,speaker_017,Female,8,elevenlabs,1,5,1,4,1,5,4,4
session_092,survey_065,annotator_152,Man,25-34,clip_1852,16,speaker_012,Female,7,elevenlabs,0,4,2,2,1,2,2,1
session_082,survey_209,annotator_044,Woman,45-54,clip_2521,12,speaker_030,Male,7,elevenlabs_low_expressiveness,0,1,3,2,1,2,4,2
session_082,survey_209,annotator_044,Woman,45-54,clip_2531,13,speaker_031,Male,6,elevenlabs_low_expressiveness,0,2,3,1,1,3,4,3
session_085,survey_135,annotator_191,Woman,25-34,clip_0033,13,speaker_004,Male,4,elevenlabs,0,5,2,2,1,2,2,2
session_104,survey_217,annotator_069,Man,45-54,clip_1722,1,speaker_071,Female,2,coqui_xtts,0,2,1,3,1,3,2,3
session_104,survey_217,annotator_069,Man,45-54,clip_1235,2,speaker_017,Female,5,coqui_xtts,1,4,1,5,1,3,3,3
session_104,survey_217,annotator_069,Man,45-54,clip_2193,3,speaker_068,Female,2,coqui_xtts,1,4,2,5,1,3,3,3
session_104,survey_217,annotator_069,Man,45-54,clip_1234,4,speaker_017,Female,5,coqui_xtts,0,4,2,1,1,3,2,2
session_104,survey_217,annotator_069,Man,45-54,clip_1232,5,speaker_017,Female,4,coqui_xtts,0,4,2,1,2,2,2,1
session_104,survey_217,annotator_069,Man,45-54,clip_1551,6,speaker_072,Female,2,coqui_xtts,1,4,3,5,3,4,4,3
session_104,survey_217,annotator_069,Man,45-54,clip_1233,7,speaker_017,Female,4,coqui_xtts,1,4,3,4,1,4,4,3
session_104,survey_217,annotator_069,Man,45-54,clip_1616,8,speaker_083,Female,4,coqui_xtts,0,3,4,3,1,3,4,3
session_104,survey_217,annotator_069,Man,45-54,clip_2199,9,speaker_071,Female,2,coqui_xtts,1,3,4,5,2,3,3,4
session_104,survey_217,annotator_069,Man,45-54,clip_2208,10,speaker_077,Female,1,coqui_xtts,1,3,3,5,3,2,3,4
session_104,survey_217,annotator_069,Man,45-54,clip_1617,11,speaker_083,Female,4,coqui_xtts,1,3,1,4,2,3,3,3
session_104,survey_217,annotator_069,Man,45-54,clip_1413,12,speaker_046,Female,3,coqui_xtts,0,3,4,1,1,2,3,2
session_104,survey_217,annotator_069,Man,45-54,clip_1686,13,speaker_077,Female,1,coqui_xtts,0,3,3,2,1,2,3,2
session_104,survey_217,annotator_069,Man,45-54,clip_1414,14,speaker_046,Female,3,coqui_xtts,1,2,2,2,1,2,3,2
session_104,survey_217,annotator_069,Man,45-54,clip_1412,15,speaker_046,Female,2,coqui_xtts,1,3,2,2,1,3,3,3
session_104,survey_217,annotator_069,Man,45-54,clip_1550,16,speaker_072,Female,2,coqui_xtts,0,4,1,4,1,5,5,5
session_104,survey_217,annotator_069,Man,45-54,clip_1720,17,speaker_068,Female,2,coqui_xtts,0,5,4,5,3,3,3,2
session_104,survey_217,annotator_069,Man,45-54,clip_1201,18,speaker_014,Female,6,coqui_xtts,1,4,4,5,1,4,4,4
session_104,survey_217,annotator_069,Man,45-54,clip_1411,19,speaker_046,Female,2,coqui_xtts,0,3,4,1,1,3,3,2
session_104,survey_217,annotator_069,Man,45-54,clip_1200,20,speaker_014,Female,6,coqui_xtts,0,4,3,1,2,2,3,3
session_047,survey_001,annotator_178,Man,35-44,clip_2419,5,speaker_021,Female,4,elevenlabs_low_expressiveness,0,3,2,2,1,2,2,2
session_060,survey_053,annotator_135,Man,18-24,clip_0368,4,speaker_045,Female,3,elevenlabs,1,3,3,2,3,3,3,2
session_091,survey_131,annotator_073,Woman,65+,clip_1238,1,speaker_017,Female,9,coqui_xtts,0,4,1,1,4,3,3,2
session_061,survey_172,annotator_114,Man,35-44,clip_2834,8,speaker_063,Male,5,elevenlabs_low_expressiveness,1,4,3,4,2,2,3,3
session_096,survey_107,annotator_081,Man,45-54,clip_1282,1,speaker_026,Male,4,coqui_xtts,0,1,1,3,1,1,1,1
session_072,survey_180,annotator_157,Man,45-54,clip_2437,4,speaker_023,Male,4,elevenlabs_low_expressiveness,0,4,3,1,3,3,3,2
session_096,survey_107,annotator_081,Man,45-54,clip_2159,2,speaker_038,Male,1,coqui_xtts,1,4,1,4,2,3,3,2
session_054,survey_201,annotator_174,Man,18-24,clip_2233,6,speaker_002,Male,6,elevenlabs_low_expressiveness,0,3,2,1,2,2,2,1
session_065,survey_193,annotator_144,Man,35-44,clip_2252,11,speaker_004,Male,7,elevenlabs_low_expressiveness,1,1,1,5,2,1,2,1
session_096,survey_107,annotator_081,Man,45-54,clip_1328,3,speaker_032,Male,2,coqui_xtts,0,4,1,4,1,3,2,1
session_092,survey_065,annotator_152,Man,25-34,clip_1960,1,speaker_020,Female,8,elevenlabs,1,4,5,2,1,3,3,4
session_061,survey_172,annotator_114,Man,35-44,clip_2564,16,speaker_035,Male,5,elevenlabs_low_expressiveness,1,4,3,2,2,4,3,2
session_096,survey_107,annotator_081,Man,45-54,clip_1644,4,speaker_085,Male,1,coqui_xtts,0,4,1,3,1,2,2,1
session_078,survey_119,annotator_026,Woman,55-64,clip_0316,10,speaker_039,Female,3,elevenlabs,1,5,4,5,1,4,5,5
session_096,survey_107,annotator_081,Man,45-54,clip_2202,5,speaker_075,Male,2,coqui_xtts,1,1,3,4,1,1,1,1
session_055,survey_138,annotator_148,Woman,18-24,clip_1192,18,speaker_013,Male,8,coqui_xtts,0,3,3,3,3,3,3,1
session_074,survey_142,annotator_101,Man,45-54,clip_0226,14,speaker_029,Male,4,elevenlabs,1,5,4,5,2,4,5,4
session_096,survey_107,annotator_081,Man,45-54,clip_1185,6,speaker_013,Male,4,coqui_xtts,1,4,3,4,1,1,1,1
session_096,survey_107,annotator_081,Man,45-54,clip_1499,7,speaker_058,Male,7,coqui_xtts,1,3,2,4,1,1,1,1
session_096,survey_107,annotator_081,Man,45-54,clip_1484,8,speaker_057,Male,7,coqui_xtts,0,4,2,4,1,1,1,1
session_071,survey_176,annotator_075,Woman,55-64,clip_1851,9,speaker_006,Male,7,elevenlabs,0,1,1,1,1,2,1,2
session_096,survey_107,annotator_081,Man,45-54,clip_1498,9,speaker_058,Male,7,coqui_xtts,0,1,2,2,1,1,1,1
session_073,survey_136,annotator_025,Man,35-44,clip_1999,18,speaker_055,Female,9,elevenlabs,1,5,3,5,1,4,2,3
session_096,survey_107,annotator_081,Man,45-54,clip_1102,10,speaker_001,Male,3,coqui_xtts,1,4,3,4,1,1,1,1
session_096,survey_107,annotator_081,Man,45-54,clip_1756,11,speaker_065,Male,3,coqui_xtts,0,4,2,4,1,1,1,1
session_072,survey_180,annotator_157,Man,45-54,clip_2468,14,speaker_026,Male,8,elevenlabs_low_expressiveness,1,5,2,5,3,3,3,2
session_096,survey_107,annotator_081,Man,45-54,clip_1725,12,speaker_075,Male,2,coqui_xtts,0,4,1,1,1,1,1,1
session_076,survey_160,annotator_102,Man,18-24,clip_1344,12,speaker_033,Male,9,coqui_xtts,0,5,1,1,1,2,1,1
session_072,survey_180,annotator_157,Man,45-54,clip_2225,15,speaker_001,Male,8,elevenlabs_low_expressiveness,0,3,3,5,3,3,3,2
session_096,survey_107,annotator_081,Man,45-54,clip_1283,13,speaker_026,Male,4,coqui_xtts,1,4,3,4,1,1,1,1
session_076,survey_160,annotator_102,Man,18-24,clip_1316,13,speaker_030,Male,3,coqui_xtts,0,5,1,2,1,2,1,1
session_096,survey_107,annotator_081,Man,45-54,clip_1184,14,speaker_013,Male,4,coqui_xtts,0,4,3,1,1,1,1,1
session_096,survey_107,annotator_081,Man,45-54,clip_2182,15,speaker_065,Male,3,coqui_xtts,1,4,4,4,1,1,1,1
session_096,survey_107,annotator_081,Man,45-54,clip_1101,16,speaker_001,Male,3,coqui_xtts,0,5,4,4,1,1,1,1
session_096,survey_107,annotator_081,Man,45-54,clip_1668,17,speaker_038,Male,1,coqui_xtts,0,4,2,1,1,1,1,1
session_096,survey_107,annotator_081,Man,45-54,clip_1329,18,speaker_032,Male,2,coqui_xtts,1,4,3,3,1,1,1,1
session_086,survey_074,annotator_112,Woman,35-44,clip_1503,18,speaker_058,Male,9,coqui_xtts,1,2,1,1,1,1,1,1
session_096,survey_107,annotator_081,Man,45-54,clip_1485,19,speaker_057,Male,7,coqui_xtts,1,5,4,4,1,1,1,1
session_096,survey_107,annotator_081,Man,45-54,clip_1645,20,speaker_085,Male,1,coqui_xtts,1,2,2,1,1,1,1,1
session_083,survey_120,annotator_186,Woman,18-24,clip_1841,16,speaker_063,Male,6,coqui_xtts,0,5,2,5,3,2,2,2
session_095,survey_202,annotator_047,Woman,45-54,clip_1919,12,speaker_051,Female,9,coqui_xtts,0,2,1,3,2,1,1,1
session_080,survey_049,annotator_128,Man,18-24,clip_1242,20,speaker_018,Male,3,coqui_xtts,0,2,3,2,3,2,2,2
session_085,survey_135,annotator_191,Woman,25-34,clip_0004,14,speaker_001,Male,4,elevenlabs,1,3,2,1,1,2,2,1
session_082,survey_209,annotator_044,Woman,45-54,clip_2500,17,speaker_029,Male,5,elevenlabs_low_expressiveness,1,3,3,3,3,4,3,3
session_082,survey_209,annotator_044,Woman,45-54,clip_2336,20,speaker_013,Male,5,elevenlabs_low_expressiveness,1,3,2,1,3,3,2,2
session_107,survey_140,annotator_133,Woman,18-24,clip_2834,8,speaker_063,Male,5,elevenlabs_low_expressiveness,1,2,2,4,2,2,2,3
session_107,survey_140,annotator_133,Woman,18-24,clip_2429,10,speaker_022,Male,6,elevenlabs_low_expressiveness,0,3,3,3,3,3,3,3
session_107,survey_140,annotator_133,Woman,18-24,clip_2303,12,speaker_010,Male,7,elevenlabs_low_expressiveness,0,4,5,3,5,5,5,5
session_107,survey_140,annotator_133,Woman,18-24,clip_2582,13,speaker_037,Male,2,elevenlabs_low_expressiveness,1,3,2,4,4,2,2,2
session_107,survey_140,annotator_133,Woman,18-24,clip_2386,15,speaker_018,Male,4,elevenlabs_low_expressiveness,1,3,3,3,3,3,3,3
session_107,survey_140,annotator_133,Woman,18-24,clip_2864,17,speaker_065,Male,1,elevenlabs_low_expressiveness,1,2,2,3,4,3,3,3
session_107,survey_140,annotator_133,Woman,18-24,clip_2581,2,speaker_037,Male,2,elevenlabs_low_expressiveness,0,4,4,3,3,3,3,4
session_107,survey_140,annotator_133,Woman,18-24,clip_2329,3,speaker_013,Male,2,elevenlabs_low_expressiveness,0,3,3,3,3,3,3,3
session_107,survey_140,annotator_133,Woman,18-24,clip_2301,6,speaker_010,Male,4,elevenlabs_low_expressiveness,0,2,3,2,2,4,3,3
session_107,survey_140,annotator_133,Woman,18-24,clip_2561,18,speaker_035,Male,3,elevenlabs_low_expressiveness,0,4,2,4,4,1,3,3
session_107,survey_140,annotator_133,Woman,18-24,clip_2833,20,speaker_063,Male,5,elevenlabs_low_expressiveness,0,4,4,4,4,4,4,4
session_046,survey_028,annotator_184,Man,25-34,clip_2861,7,speaker_065,Male,9,elevenlabs_low_expressiveness,0,4,2,4,1,2,2,2
session_047,survey_001,annotator_178,Man,35-44,clip_2452,6,speaker_025,Female,3,elevenlabs_low_expressiveness,1,3,3,4,3,2,3,2
session_041,survey_019,annotator_022,Man,65+,clip_0267,12,speaker_033,Male,8,elevenlabs,0,2,2,2,3,3,3,3
session_042,survey_067,annotator_164,Woman,55-64,clip_0838,6,speaker_040,Female,3,chatterbox,0,1,1,2,1,1,1,1
session_048,survey_014,annotator_167,Woman,35-44,clip_2008,4,speaker_063,Male,9,elevenlabs,1,3,2,4,1,4,2,2
session_034,survey_118,annotator_181,Woman,25-34,clip_0394,18,speaker_047,Female,4,elevenlabs,1,4,4,4,3,2,3,3
session_049,survey_069,annotator_096,Man,35-44,clip_1248,1,speaker_018,Male,7,coqui_xtts,0,2,1,3,1,1,2,1
session_041,survey_019,annotator_022,Man,65+,clip_1976,13,speaker_035,Male,7,elevenlabs,1,5,3,5,3,3,4,4
session_047,survey_001,annotator_178,Man,35-44,clip_2938,8,speaker_073,Female,7,elevenlabs_low_expressiveness,1,4,2,4,2,3,2,4
session_034,survey_118,annotator_181,Woman,25-34,clip_0413,19,speaker_049,Female,3,elevenlabs,0,4,4,3,2,4,4,4
session_039,survey_133,annotator_070,Woman,35-44,clip_1465,20,speaker_053,Female,7,coqui_xtts,1,5,1,4,1,4,3,3
session_044,survey_078,annotator_091,Man,45-54,clip_1288,9,speaker_026,Male,1,coqui_xtts,0,3,2,3,1,1,1,2
session_040,survey_210,annotator_160,Woman,25-34,clip_0220,13,speaker_028,Female,9,elevenlabs,1,3,1,4,4,2,2,1
session_049,survey_069,annotator_096,Man,35-44,clip_1259,2,speaker_022,Male,6,coqui_xtts,1,1,1,1,1,1,1,1
session_038,survey_123,annotator_095,Woman,45-54,clip_0082,9,speaker_010,Male,4,elevenlabs,1,4,4,5,4,3,4,3
session_035,survey_122,annotator_066,Woman,45-54,clip_2220,14,speaker_001,Male,5,elevenlabs_low_expressiveness,1,5,5,5,2,4,4,4
session_046,survey_028,annotator_184,Man,25-34,clip_2428,10,speaker_022,Male,5,elevenlabs_low_expressiveness,1,4,2,4,3,2,3,2
session_042,survey_067,annotator_164,Woman,55-64,clip_0941,8,speaker_056,Female,9,chatterbox,1,2,2,4,2,1,2,1
session_040,survey_210,annotator_160,Woman,25-34,clip_1711,14,speaker_055,Female,2,elevenlabs,0,4,1,2,1,3,3,4
session_048,survey_014,annotator_167,Woman,35-44,clip_2015,7,speaker_065,Male,8,elevenlabs,1,5,5,5,3,4,4,3
session_044,survey_078,annotator_091,Man,45-54,clip_1350,10,speaker_034,Male,3,coqui_xtts,0,3,1,1,1,1,1,1
session_046,survey_028,annotator_184,Man,25-34,clip_2748,11,speaker_054,Male,4,elevenlabs_low_expressiveness,0,3,2,3,3,2,3,2
session_043,survey_198,annotator_144,Man,35-44,clip_2939,7,speaker_074,Female,2,elevenlabs_low_expressiveness,0,1,1,1,2,1,1,1
session_047,survey_001,annotator_178,Man,35-44,clip_2943,12,speaker_074,Female,7,elevenlabs_low_expressiveness,0,3,2,4,3,2,3,2
session_035,survey_122,annotator_066,Woman,45-54,clip_2529,16,speaker_031,Male,4,elevenlabs_low_expressiveness,0,4,3,1,1,3,3,2
session_049,survey_069,annotator_096,Man,35-44,clip_2124,4,speaker_006,Male,9,coqui_xtts,1,1,1,3,2,1,1,1
session_043,survey_198,annotator_144,Man,35-44,clip_2884,8,speaker_068,Female,7,elevenlabs_low_expressiveness,1,3,3,5,1,4,3,2
session_040,survey_210,annotator_160,Woman,25-34,clip_0111,16,speaker_014,Female,3,elevenlabs,0,5,4,4,4,3,4,3
session_047,survey_001,annotator_178,Man,35-44,clip_2866,13,speaker_066,Female,5,elevenlabs_low_expressiveness,1,3,2,3,4,2,3,2
session_035,survey_122,annotator_066,Woman,45-54,clip_2947,17,speaker_075,Male,3,elevenlabs_low_expressiveness,0,1,1,1,1,1,1,1
session_041,survey_019,annotator_022,Man,65+,clip_0268,19,speaker_033,Male,8,elevenlabs,1,5,3,5,3,3,3,4
session_040,survey_210,annotator_160,Woman,25-34,clip_1995,17,speaker_055,Female,3,elevenlabs,1,5,2,5,4,2,3,2
session_047,survey_001,annotator_178,Man,35-44,clip_2636,14,speaker_043,Female,2,elevenlabs_low_expressiveness,1,4,2,5,3,3,3,4
session_035,survey_122,annotator_066,Woman,45-54,clip_2279,18,speaker_008,Male,7,elevenlabs_low_expressiveness,0,4,2,2,1,2,1,1
session_043,survey_198,annotator_144,Man,35-44,clip_2927,11,speaker_072,Female,1,elevenlabs_low_expressiveness,0,2,1,2,1,3,2,2
session_049,survey_069,annotator_096,Man,35-44,clip_1338,5,speaker_033,Male,6,coqui_xtts,0,4,1,1,1,4,2,2
session_048,survey_014,annotator_167,Woman,35-44,clip_0245,11,speaker_031,Male,3,elevenlabs,0,4,3,1,4,1,4,1
session_040,survey_210,annotator_160,Woman,25-34,clip_0594,18,speaker_074,Female,1,elevenlabs,1,4,1,4,4,3,4,3
session_044,survey_078,annotator_091,Man,45-54,clip_1691,12,speaker_006,Male,2,coqui_xtts,0,4,2,2,2,2,1,1
session_050,survey_174,annotator_137,Woman,35-44,clip_0107,1,speaker_013,Male,1,elevenlabs,0,2,3,1,2,1,2,1
session_042,survey_067,annotator_164,Woman,55-64,clip_0905,12,speaker_049,Female,8,chatterbox,1,2,2,4,4,2,2,1
session_046,survey_028,annotator_184,Man,25-34,clip_2777,16,speaker_057,Male,3,elevenlabs_low_expressiveness,0,3,3,3,2,3,2,3
session_049,survey_069,annotator_096,Man,35-44,clip_1599,6,speaker_081,Male,7,coqui_xtts,1,4,1,4,3,3,2,2
session_035,survey_122,annotator_066,Woman,45-54,clip_2287,20,speaker_009,Male,4,elevenlabs_low_expressiveness,0,3,2,3,1,2,2,1
session_040,survey_210,annotator_160,Woman,25-34,clip_1749,19,speaker_055,Female,3,elevenlabs,0,4,1,3,3,2,3,2
session_047,survey_001,annotator_178,Man,35-44,clip_2887,18,speaker_069,Female,3,elevenlabs_low_expressiveness,0,3,2,4,2,3,2,3
session_033,survey_043,annotator_024,Woman,25-34,clip_1158,20,speaker_009,Male,1,coqui_xtts,0,5,1,1,5,1,1,1
session_050,survey_174,annotator_137,Woman,35-44,clip_1938,2,speaker_006,Male,3,elevenlabs,1,2,2,4,2,1,3,2
session_048,survey_014,annotator_167,Woman,35-44,clip_1895,13,speaker_065,Male,8,elevenlabs,0,2,4,3,2,2,2,1
session_047,survey_001,annotator_178,Man,35-44,clip_2865,19,speaker_066,Female,5,elevenlabs_low_expressiveness,0,1,2,1,1,1,1,1
session_040,survey_210,annotator_160,Woman,25-34,clip_0519,20,speaker_061,Female,5,elevenlabs,0,5,2,1,2,3,2,2
session_050,survey_174,annotator_137,Woman,35-44,clip_0243,3,speaker_030,Male,1,elevenlabs,0,1,1,1,1,1,1,1
session_047,survey_001,annotator_178,Man,35-44,clip_2473,20,speaker_027,Female,6,elevenlabs_low_expressiveness,0,3,2,4,2,2,2,3
session_044,survey_078,annotator_091,Man,45-54,clip_2128,14,speaker_019,Male,3,coqui_xtts,1,3,2,2,1,2,2,2
session_050,survey_174,annotator_137,Woman,35-44,clip_1795,4,speaker_006,Male,5,elevenlabs,0,1,1,1,1,1,1,1
session_046,survey_028,annotator_184,Man,25-34,clip_2564,20,speaker_035,Male,5,elevenlabs_low_expressiveness,1,2,2,3,1,2,3,2
session_042,survey_067,annotator_164,Woman,55-64,clip_0739,15,speaker_025,Female,3,chatterbox,1,3,3,4,4,3,4,4
session_050,survey_174,annotator_137,Woman,35-44,clip_0244,5,speaker_030,Male,1,elevenlabs,1,2,2,3,2,1,2,1
session_048,survey_014,annotator_167,Woman,35-44,clip_0241,15,speaker_030,Male,8,elevenlabs,0,1,3,1,1,1,3,1
session_052,survey_041,annotator_178,Man,35-44,clip_1327,1,speaker_031,Male,4,coqui_xtts,1,3,2,3,3,3,3,2
session_051,survey_091,annotator_092,Woman,55-64,clip_1466,2,speaker_053,Female,8,coqui_xtts,0,2,1,5,1,1,1,1
session_052,survey_041,annotator_178,Man,35-44,clip_1138,2,speaker_005,Male,9,coqui_xtts,1,1,2,3,2,1,1,1
session_051,survey_091,annotator_092,Woman,55-64,clip_1726,3,speaker_077,Female,2,coqui_xtts,0,4,2,3,1,1,3,1
session_050,survey_174,annotator_137,Woman,35-44,clip_0239,9,speaker_030,Male,7,elevenlabs,0,1,1,1,1,1,1,1
session_052,survey_041,annotator_178,Man,35-44,clip_1169,4,speaker_011,Male,3,coqui_xtts,1,2,3,3,3,2,1,1
session_050,survey_174,annotator_137,Woman,35-44,clip_0208,10,speaker_026,Male,9,elevenlabs,1,2,2,2,1,1,2,1
session_051,survey_091,annotator_092,Woman,55-64,clip_1405,5,speaker_045,Female,8,coqui_xtts,0,3,1,1,1,1,1,1
session_051,survey_091,annotator_092,Woman,55-64,clip_1531,6,speaker_064,Female,1,coqui_xtts,1,1,1,5,1,1,1,1
session_050,survey_174,annotator_137,Woman,35-44,clip_1972,12,speaker_035,Male,3,elevenlabs,1,2,1,3,1,1,1,1
session_051,survey_091,annotator_092,Woman,55-64,clip_1530,7,speaker_064,Female,1,coqui_xtts,0,1,2,5,1,1,1,1
session_051,survey_091,annotator_092,Woman,55-64,clip_2189,8,speaker_066,Female,8,coqui_xtts,1,4,1,5,1,3,4,4
session_050,survey_174,annotator_137,Woman,35-44,clip_1727,15,speaker_006,Male,3,elevenlabs,0,1,1,2,1,2,1,1
session_050,survey_174,annotator_137,Woman,35-44,clip_0207,16,speaker_026,Male,9,elevenlabs,0,3,1,4,2,2,2,2
session_051,survey_091,annotator_092,Woman,55-64,clip_2139,10,speaker_020,Female,9,coqui_xtts,1,1,4,5,2,3,3,3
session_050,survey_174,annotator_137,Woman,35-44,clip_0240,17,speaker_030,Male,7,elevenlabs,1,4,1,4,2,4,3,2
session_050,survey_174,annotator_137,Woman,35-44,clip_0039,18,speaker_005,Male,3,elevenlabs,0,1,1,3,2,1,1,1
session_051,survey_091,annotator_092,Woman,55-64,clip_1428,14,speaker_047,Female,5,coqui_xtts,1,5,5,5,3,2,5,5
session_051,survey_091,annotator_092,Woman,55-64,clip_1524,15,speaker_064,Female,5,coqui_xtts,0,1,1,5,1,1,1,1
session_050,survey_174,annotator_137,Woman,35-44,clip_0080,19,speaker_010,Male,2,elevenlabs,1,2,2,2,3,2,2,1
session_051,survey_091,annotator_092,Woman,55-64,clip_1406,18,speaker_045,Female,8,coqui_xtts,1,5,5,5,2,3,5,5
session_051,survey_091,annotator_092,Woman,55-64,clip_2205,20,speaker_077,Female,2,coqui_xtts,1,4,5,5,3,2,5,5
session_050,survey_174,annotator_137,Woman,35-44,clip_1939,20,speaker_006,Male,5,elevenlabs,1,1,2,1,2,2,2,2
session_048,survey_014,annotator_167,Woman,35-44,clip_0273,16,speaker_034,Male,3,elevenlabs,0,1,3,2,2,1,3,1
session_044,survey_078,annotator_091,Man,45-54,clip_2118,15,speaker_006,Male,2,coqui_xtts,1,4,1,4,2,2,2,2
session_050,survey_174,annotator_137,Woman,35-44,clip_0079,6,speaker_010,Male,2,elevenlabs,0,2,2,1,1,1,1,1
session_038,survey_123,annotator_095,Woman,45-54,clip_0494,17,speaker_058,Male,9,elevenlabs,1,4,2,5,3,3,3,3
session_051,survey_091,annotator_092,Woman,55-64,clip_2191,1,speaker_066,Female,1,coqui_xtts,1,1,1,5,1,1,1,1
session_048,survey_014,annotator_167,Woman,35-44,clip_1905,17,speaker_006,Male,9,elevenlabs,0,4,4,2,3,2,4,2
session_043,survey_198,annotator_144,Man,35-44,clip_2648,18,speaker_044,Female,8,elevenlabs_low_expressiveness,1,2,1,3,2,3,2,2
session_050,survey_174,annotator_137,Woman,35-44,clip_0108,7,speaker_013,Male,1,elevenlabs,1,3,2,2,2,2,2,1
session_043,survey_198,annotator_144,Man,35-44,clip_2633,19,speaker_042,Female,8,elevenlabs_low_expressiveness,0,1,1,1,1,1,1,1
session_042,survey_067,annotator_164,Woman,55-64,clip_0999,17,speaker_069,Female,2,chatterbox,1,1,2,4,2,2,2,1
session_048,survey_014,annotator_167,Woman,35-44,clip_1991,19,speaker_054,Male,6,elevenlabs,1,1,3,3,2,1,3,1
session_050,survey_174,annotator_137,Woman,35-44,clip_1838,8,speaker_054,Male,6,elevenlabs,0,2,1,1,1,2,2,1
session_044,survey_078,annotator_091,Man,45-54,clip_1595,19,speaker_081,Male,5,coqui_xtts,1,4,3,4,4,1,2,1
session_042,survey_067,annotator_164,Woman,55-64,clip_0940,18,speaker_056,Female,9,chatterbox,0,2,2,3,1,1,2,1
session_052,survey_041,annotator_178,Man,35-44,clip_1321,3,speaker_030,Male,7,coqui_xtts,1,3,2,4,3,2,3,2
session_051,survey_091,annotator_092,Woman,55-64,clip_1761,4,speaker_071,Female,3,coqui_xtts,0,1,1,1,1,1,1,1
session_052,survey_041,annotator_178,Man,35-44,clip_1168,5,speaker_011,Male,3,coqui_xtts,0,3,3,3,3,2,3,2
session_042,survey_067,annotator_164,Woman,55-64,clip_0904,19,speaker_049,Female,8,chatterbox,0,3,3,4,2,2,3,3
session_049,survey_069,annotator_096,Man,35-44,clip_1208,12,speaker_015,Male,5,coqui_xtts,0,4,2,1,1,2,2,1
session_053,survey_102,annotator_160,Woman,25-34,clip_2424,1,speaker_022,Male,2,elevenlabs_low_expressiveness,1,5,4,5,4,3,4,3
session_052,survey_041,annotator_178,Man,35-44,clip_1302,6,speaker_029,Male,4,coqui_xtts,0,3,3,4,2,2,2,2
session_050,survey_174,annotator_137,Woman,35-44,clip_0040,11,speaker_005,Male,3,elevenlabs,1,3,2,3,2,2,3,2
session_052,survey_041,annotator_178,Man,35-44,clip_1480,7,speaker_057,Male,5,coqui_xtts,0,3,3,4,1,2,1,1
session_053,survey_102,annotator_160,Woman,25-34,clip_2857,2,speaker_065,Male,6,elevenlabs_low_expressiveness,0,4,3,4,2,3,3,2
session_052,survey_041,annotator_178,Man,35-44,clip_1320,8,speaker_030,Male,7,coqui_xtts,0,3,2,2,1,2,2,1
session_050,survey_174,annotator_137,Woman,35-44,clip_1991,13,speaker_054,Male,6,elevenlabs,1,2,2,3,1,2,2,1
session_053,survey_102,annotator_160,Woman,25-34,clip_2520,3,speaker_030,Male,6,elevenlabs_low_expressiveness,1,3,1,5,1,2,1,1
session_052,survey_041,annotator_178,Man,35-44,clip_1497,9,speaker_058,Male,5,coqui_xtts,1,4,3,3,2,1,2,1
session_050,survey_174,annotator_137,Woman,35-44,clip_1739,14,speaker_035,Male,3,elevenlabs,0,1,1,2,1,1,1,1
session_052,survey_041,annotator_178,Man,35-44,clip_1481,10,speaker_057,Male,5,coqui_xtts,1,3,2,4,2,2,2,1
session_053,survey_102,annotator_160,Woman,25-34,clip_2519,4,speaker_030,Male,6,elevenlabs_low_expressiveness,0,2,1,1,1,1,1,1
session_049,survey_069,annotator_096,Man,35-44,clip_1258,16,speaker_022,Male,6,coqui_xtts,0,3,1,1,1,2,2,2
session_051,survey_091,annotator_092,Woman,55-64,clip_1681,9,speaker_066,Female,1,coqui_xtts,0,3,1,5,1,1,3,3
session_053,survey_102,annotator_160,Woman,25-34,clip_2423,5,speaker_022,Male,2,elevenlabs_low_expressiveness,0,4,1,2,1,3,2,1
session_052,survey_041,annotator_178,Man,35-44,clip_1301,11,speaker_029,Male,2,coqui_xtts,1,3,2,3,2,1,2,1
session_053,survey_102,annotator_160,Woman,25-34,clip_2384,6,speaker_018,Male,3,elevenlabs_low_expressiveness,1,5,4,5,5,3,4,2
session_052,survey_041,annotator_178,Man,35-44,clip_1508,12,speaker_059,Male,9,coqui_xtts,0,4,4,3,2,2,2,2
session_051,survey_091,annotator_092,Woman,55-64,clip_1525,11,speaker_064,Female,5,coqui_xtts,1,1,1,5,1,1,1,1
session_053,survey_102,annotator_160,Woman,25-34,clip_2357,7,speaker_015,Male,5,elevenlabs_low_expressiveness,0,4,1,1,1,2,2,1
session_052,survey_041,annotator_178,Man,35-44,clip_1326,13,speaker_031,Male,4,coqui_xtts,0,2,2,2,2,2,2,1
session_051,survey_091,annotator_092,Woman,55-64,clip_1427,12,speaker_047,Female,5,coqui_xtts,0,3,5,5,3,3,4,4
session_053,survey_102,annotator_160,Woman,25-34,clip_2366,8,speaker_015,Male,1,elevenlabs_low_expressiveness,1,5,1,1,1,2,3,2
session_052,survey_041,annotator_178,Man,35-44,clip_1303,14,speaker_029,Male,4,coqui_xtts,1,4,3,4,2,2,2,1
session_051,survey_091,annotator_092,Woman,55-64,clip_1912,13,speaker_020,Female,9,coqui_xtts,0,1,1,5,1,1,1,1
session_052,survey_041,annotator_178,Man,35-44,clip_1646,15,speaker_086,Male,2,coqui_xtts,0,4,2,2,1,3,3,2
session_053,survey_102,annotator_160,Woman,25-34,clip_2395,9,speaker_019,Male,3,elevenlabs_low_expressiveness,0,3,1,4,1,1,1,1
session_052,survey_041,annotator_178,Man,35-44,clip_1300,16,speaker_029,Male,2,coqui_xtts,0,3,2,4,2,2,3,2
session_053,survey_102,annotator_160,Woman,25-34,clip_2383,10,speaker_018,Male,3,elevenlabs_low_expressiveness,0,5,3,5,3,3,3,2
session_053,survey_102,annotator_160,Woman,25-34,clip_2365,11,speaker_015,Male,1,elevenlabs_low_expressiveness,0,4,1,1,3,2,2,1
session_051,survey_091,annotator_092,Woman,55-64,clip_2200,16,speaker_071,Female,3,coqui_xtts,1,5,5,5,2,3,5,5
session_052,survey_041,annotator_178,Man,35-44,clip_1496,17,speaker_058,Male,5,coqui_xtts,0,4,2,3,2,2,2,2
session_053,survey_102,annotator_160,Woman,25-34,clip_2838,12,speaker_063,Male,7,elevenlabs_low_expressiveness,1,4,4,5,3,4,4,3
session_052,survey_041,annotator_178,Man,35-44,clip_1137,18,speaker_005,Male,9,coqui_xtts,0,2,2,3,3,1,1,1
session_051,survey_091,annotator_092,Woman,55-64,clip_1899,17,speaker_066,Female,8,coqui_xtts,0,1,1,1,1,1,1,1
session_053,survey_102,annotator_160,Woman,25-34,clip_2396,13,speaker_019,Male,3,elevenlabs_low_expressiveness,1,3,1,5,1,2,3,2
session_052,survey_041,annotator_178,Man,35-44,clip_1647,19,speaker_086,Male,2,coqui_xtts,1,2,2,4,2,1,2,1
session_052,survey_041,annotator_178,Man,35-44,clip_1509,20,speaker_059,Male,9,coqui_xtts,1,3,3,2,2,2,2,1
session_051,survey_091,annotator_092,Woman,55-64,clip_1467,19,speaker_053,Female,8,coqui_xtts,1,1,3,5,1,2,2,2
session_053,survey_102,annotator_160,Woman,25-34,clip_2246,14,speaker_004,Male,2,elevenlabs_low_expressiveness,1,2,3,4,3,2,3,1
session_053,survey_102,annotator_160,Woman,25-34,clip_2779,15,speaker_057,Male,4,elevenlabs_low_expressiveness,0,4,3,3,3,2,2,1
session_053,survey_102,annotator_160,Woman,25-34,clip_2358,16,speaker_015,Male,5,elevenlabs_low_expressiveness,1,4,4,1,3,2,3,2
session_053,survey_102,annotator_160,Woman,25-34,clip_2245,17,speaker_004,Male,2,elevenlabs_low_expressiveness,0,5,3,4,3,3,3,1
session_053,survey_102,annotator_160,Woman,25-34,clip_2858,18,speaker_065,Male,6,elevenlabs_low_expressiveness,1,5,3,5,2,3,4,2
session_053,survey_102,annotator_160,Woman,25-34,clip_2837,19,speaker_063,Male,7,elevenlabs_low_expressiveness,0,4,3,5,1,3,4,3
session_053,survey_102,annotator_160,Woman,25-34,clip_2780,20,speaker_057,Male,4,elevenlabs_low_expressiveness,1,4,3,5,3,2,4,3
session_059,survey_111,annotator_006,Man,35-44,clip_1279,5,speaker_025,Female,7,coqui_xtts,1,4,1,4,1,2,3,2
session_054,survey_201,annotator_174,Man,18-24,clip_2224,1,speaker_001,Male,7,elevenlabs_low_expressiveness,1,3,4,4,3,3,3,2
session_055,survey_138,annotator_148,Woman,18-24,clip_1313,8,speaker_029,Male,9,coqui_xtts,1,3,1,4,3,3,3,3
session_054,survey_201,annotator_174,Man,18-24,clip_2786,2,speaker_057,Male,7,elevenlabs_low_expressiveness,1,3,4,4,4,2,3,2
session_054,survey_201,annotator_174,Man,18-24,clip_2217,3,speaker_001,Male,4,elevenlabs_low_expressiveness,0,3,3,3,3,3,3,2
session_078,survey_119,annotator_026,Woman,55-64,clip_0532,5,speaker_064,Female,6,elevenlabs,1,5,3,5,1,4,5,5
session_076,survey_160,annotator_102,Man,18-24,clip_1494,3,speaker_058,Male,4,coqui_xtts,0,4,2,3,1,2,2,2
session_054,survey_201,annotator_174,Man,18-24,clip_2755,4,speaker_054,Male,9,elevenlabs_low_expressiveness,1,3,2,2,2,2,2,2
session_057,survey_167,annotator_188,Woman,25-34,clip_0791,9,speaker_032,Male,1,chatterbox,1,3,4,5,2,3,3,2
session_054,survey_201,annotator_174,Man,18-24,clip_2585,7,speaker_037,Male,8,elevenlabs_low_expressiveness,0,3,3,2,2,2,2,2
session_054,survey_201,annotator_174,Man,18-24,clip_2586,8,speaker_037,Male,8,elevenlabs_low_expressiveness,1,3,4,4,3,3,3,2
session_094,survey_219,annotator_117,Woman,18-24,clip_1916,2,speaker_035,Male,9,chatterbox,0,4,1,4,4,3,4,3
session_054,survey_201,annotator_174,Man,18-24,clip_2223,11,speaker_001,Male,7,elevenlabs_low_expressiveness,0,3,3,2,2,2,2,1
session_054,survey_201,annotator_174,Man,18-24,clip_2785,12,speaker_057,Male,7,elevenlabs_low_expressiveness,0,3,3,3,3,3,3,2
session_054,survey_201,annotator_174,Man,18-24,clip_2687,13,speaker_048,Male,3,elevenlabs_low_expressiveness,1,3,3,3,3,3,3,2
session_094,survey_219,annotator_117,Woman,18-24,clip_1055,4,speaker_081,Male,6,chatterbox,1,1,2,5,2,4,4,4
session_054,survey_201,annotator_174,Man,18-24,clip_2218,16,speaker_001,Male,4,elevenlabs_low_expressiveness,1,3,4,4,3,2,2,1
session_054,survey_201,annotator_174,Man,18-24,clip_2694,17,speaker_048,Male,7,elevenlabs_low_expressiveness,0,3,2,2,2,1,3,1
session_054,survey_201,annotator_174,Man,18-24,clip_2511,18,speaker_030,Male,2,elevenlabs_low_expressiveness,0,3,2,1,2,1,3,1
session_054,survey_201,annotator_174,Man,18-24,clip_2754,19,speaker_054,Male,9,elevenlabs_low_expressiveness,0,3,2,1,2,1,2,1
session_094,survey_219,annotator_117,Woman,18-24,clip_0958,8,speaker_058,Male,3,chatterbox,0,3,1,4,1,2,3,3
session_094,survey_219,annotator_117,Woman,18-24,clip_0802,10,speaker_034,Male,3,chatterbox,0,1,1,2,1,2,2,3
session_094,survey_219,annotator_117,Woman,18-24,clip_0803,11,speaker_034,Male,3,chatterbox,1,4,2,5,4,4,5,4
session_094,survey_219,annotator_117,Woman,18-24,clip_1747,13,speaker_054,Male,3,chatterbox,0,3,2,4,3,4,4,3
session_094,survey_219,annotator_117,Woman,18-24,clip_1054,15,speaker_081,Male,6,chatterbox,0,2,2,4,2,4,4,3
session_094,survey_219,annotator_117,Woman,18-24,clip_0975,17,speaker_059,Male,8,chatterbox,1,4,1,5,4,4,4,4
session_094,survey_219,annotator_117,Woman,18-24,clip_0949,18,speaker_057,Male,6,chatterbox,1,5,2,5,3,4,4,3
session_094,survey_219,annotator_117,Woman,18-24,clip_0775,20,speaker_030,Male,7,chatterbox,1,2,1,4,4,4,4,3
session_061,survey_172,annotator_114,Man,35-44,clip_2494,6,speaker_029,Male,2,elevenlabs_low_expressiveness,1,3,4,4,3,2,4,3
session_056,survey_047,annotator_046,Man,55-64,clip_0862,3,speaker_046,Female,5,chatterbox,0,3,3,1,3,3,3,1
session_059,survey_111,annotator_006,Man,35-44,clip_1278,4,speaker_025,Female,7,coqui_xtts,0,3,1,4,1,1,3,1
session_057,survey_167,annotator_188,Woman,25-34,clip_0766,4,speaker_029,Male,9,chatterbox,0,5,3,5,2,2,3,2
session_055,survey_138,annotator_148,Woman,18-24,clip_1500,6,speaker_058,Male,8,coqui_xtts,0,3,3,3,3,3,3,3
session_058,survey_112,annotator_071,Man,25-34,clip_2390,5,speaker_018,Male,6,elevenlabs_low_expressiveness,1,5,3,5,2,5,5,5
session_057,survey_167,annotator_188,Woman,25-34,clip_0641,5,speaker_009,Male,5,chatterbox,0,5,5,5,2,4,4,2
session_056,survey_047,annotator_046,Man,55-64,clip_1663,4,speaker_020,Female,1,chatterbox,0,1,1,3,2,1,2,1
session_060,survey_053,annotator_135,Man,18-24,clip_0221,6,speaker_028,Female,1,elevenlabs,0,3,4,3,2,2,2,2
session_058,survey_112,annotator_071,Man,25-34,clip_2756,6,speaker_054,Male,1,elevenlabs_low_expressiveness,0,5,2,5,3,3,3,3
session_056,survey_047,annotator_046,Man,55-64,clip_1935,1,speaker_079,Female,9,chatterbox,0,4,1,5,3,2,4,2
session_055,survey_138,annotator_148,Woman,18-24,clip_1654,1,speaker_086,Male,1,coqui_xtts,0,1,1,1,1,1,1,1
session_061,survey_172,annotator_114,Man,35-44,clip_2750,1,speaker_054,Male,5,elevenlabs_low_expressiveness,0,2,2,2,3,2,2,2
session_060,survey_053,annotator_135,Man,18-24,clip_0188,2,speaker_025,Female,2,elevenlabs,1,3,2,3,3,2,4,3
session_060,survey_053,annotator_135,Man,18-24,clip_0364,3,speaker_044,Female,1,elevenlabs,1,2,3,2,3,4,3,3
session_057,survey_167,annotator_188,Woman,25-34,clip_1863,2,speaker_038,Male,7,chatterbox,0,2,1,2,1,3,1,1
session_059,survey_111,annotator_006,Man,35-44,clip_2172,2,speaker_055,Female,3,coqui_xtts,1,3,1,4,2,1,3,1
session_061,survey_172,annotator_114,Man,35-44,clip_2493,3,speaker_029,Male,2,elevenlabs_low_expressiveness,0,3,2,3,3,4,3,3
session_055,survey_138,annotator_148,Woman,18-24,clip_2182,3,speaker_065,Male,3,coqui_xtts,1,1,3,3,3,3,1,1
session_057,survey_167,annotator_188,Woman,25-34,clip_0767,3,speaker_029,Male,9,chatterbox,1,4,4,5,4,1,3,2
session_058,survey_112,annotator_071,Man,25-34,clip_2296,3,speaker_009,Male,9,elevenlabs_low_expressiveness,1,5,2,5,2,4,5,4
session_061,survey_172,annotator_114,Man,35-44,clip_2862,5,speaker_065,Male,9,elevenlabs_low_expressiveness,1,4,3,3,4,4,3,3
session_058,survey_112,annotator_071,Man,25-34,clip_2318,7,speaker_011,Male,8,elevenlabs_low_expressiveness,1,5,5,5,5,4,4,4
session_061,survey_172,annotator_114,Man,35-44,clip_2538,7,speaker_032,Male,6,elevenlabs_low_expressiveness,1,4,3,4,4,3,3,3
session_059,survey_111,annotator_006,Man,35-44,clip_1390,7,speaker_043,Female,5,coqui_xtts,0,2,2,1,1,2,3,2
session_056,survey_047,annotator_046,Man,55-64,clip_2107,5,speaker_077,Female,3,chatterbox,1,5,1,5,3,3,4,2
session_060,survey_053,annotator_135,Man,18-24,clip_1780,8,speaker_055,Female,4,elevenlabs,0,3,2,3,4,3,4,3
session_057,survey_167,annotator_188,Woman,25-34,clip_0642,7,speaker_009,Male,5,chatterbox,1,4,4,5,4,1,1,1
session_061,survey_172,annotator_114,Man,35-44,clip_2861,9,speaker_065,Male,9,elevenlabs_low_expressiveness,0,3,3,4,2,2,2,3
session_059,survey_111,annotator_006,Man,35-44,clip_1457,8,speaker_050,Female,1,coqui_xtts,1,3,1,4,1,2,3,2
session_061,survey_172,annotator_114,Man,35-44,clip_2563,10,speaker_035,Male,5,elevenlabs_low_expressiveness,0,3,4,4,2,2,3,2
session_055,survey_138,annotator_148,Woman,18-24,clip_1188,10,speaker_013,Male,6,coqui_xtts,0,3,3,3,3,3,3,2
session_060,survey_053,annotator_135,Man,18-24,clip_0399,9,speaker_047,Female,8,elevenlabs,0,2,2,3,2,3,4,3
session_061,survey_172,annotator_114,Man,35-44,clip_2802,11,speaker_058,Male,1,elevenlabs_low_expressiveness,1,4,3,3,2,2,3,3
session_059,survey_111,annotator_006,Man,35-44,clip_1583,9,speaker_078,Female,7,coqui_xtts,1,4,1,2,1,2,3,2
session_060,survey_053,annotator_135,Man,18-24,clip_0363,10,speaker_044,Female,1,elevenlabs,0,3,4,3,2,3,3,3
session_055,survey_138,annotator_148,Woman,18-24,clip_1475,11,speaker_057,Male,2,coqui_xtts,1,3,2,4,3,3,3,2
session_058,survey_112,annotator_071,Man,25-34,clip_2392,11,speaker_018,Male,8,elevenlabs_low_expressiveness,1,4,4,4,4,4,4,4
session_056,survey_047,annotator_046,Man,55-64,clip_0991,7,speaker_064,Female,3,chatterbox,1,2,4,4,4,2,4,1
session_061,survey_172,annotator_114,Man,35-44,clip_2461,13,speaker_026,Male,5,elevenlabs_low_expressiveness,0,3,3,2,4,3,2,2
session_060,survey_053,annotator_135,Man,18-24,clip_0461,11,speaker_056,Female,7,elevenlabs,0,4,3,2,3,3,4,3
session_060,survey_053,annotator_135,Man,18-24,clip_0367,12,speaker_045,Female,3,elevenlabs,0,3,4,3,4,3,4,3
session_059,survey_111,annotator_006,Man,35-44,clip_1456,11,speaker_050,Female,1,coqui_xtts,0,4,1,1,1,3,3,3
session_057,survey_167,annotator_188,Woman,25-34,clip_0889,10,speaker_048,Male,2,chatterbox,1,2,4,5,3,2,3,1
session_055,survey_138,annotator_148,Woman,18-24,clip_1655,13,speaker_086,Male,1,coqui_xtts,1,3,3,3,3,3,2,2
session_061,survey_172,annotator_114,Man,35-44,clip_2277,15,speaker_008,Male,4,elevenlabs_low_expressiveness,0,3,2,2,2,4,3,4
session_055,survey_138,annotator_148,Woman,18-24,clip_1287,14,speaker_026,Male,8,coqui_xtts,1,3,3,3,3,3,3,3
session_060,survey_053,annotator_135,Man,18-24,clip_0462,14,speaker_056,Female,7,elevenlabs,1,2,3,4,3,3,4,2
session_058,survey_112,annotator_071,Man,25-34,clip_2757,14,speaker_054,Male,1,elevenlabs_low_expressiveness,1,5,5,5,5,5,5,5
session_060,survey_053,annotator_135,Man,18-24,clip_0584,15,speaker_074,Female,3,elevenlabs,1,3,4,3,2,2,4,3
session_058,survey_112,annotator_071,Man,25-34,clip_2509,15,speaker_029,Male,1,elevenlabs_low_expressiveness,0,5,5,5,5,5,5,5
session_056,survey_047,annotator_046,Man,55-64,clip_2115,8,speaker_079,Female,9,chatterbox,1,5,2,5,4,3,4,2
session_055,survey_138,annotator_148,Woman,18-24,clip_1193,16,speaker_013,Male,8,coqui_xtts,1,4,3,3,3,2,3,3
session_060,survey_053,annotator_135,Man,18-24,clip_0222,16,speaker_028,Female,1,elevenlabs,1,4,3,2,3,4,2,3
session_058,survey_112,annotator_071,Man,25-34,clip_2577,16,speaker_036,Male,7,elevenlabs_low_expressiveness,0,2,2,2,1,2,4,4
session_060,survey_053,annotator_135,Man,18-24,clip_1996,17,speaker_055,Female,4,elevenlabs,1,3,4,3,3,2,4,3
session_056,survey_047,annotator_046,Man,55-64,clip_0990,9,speaker_064,Female,3,chatterbox,0,1,1,3,1,1,1,1
session_058,survey_112,annotator_071,Man,25-34,clip_2295,17,speaker_009,Male,9,elevenlabs_low_expressiveness,0,5,5,4,3,5,5,5
session_057,survey_167,annotator_188,Woman,25-34,clip_0622,14,speaker_005,Male,6,chatterbox,1,4,2,5,2,1,2,1
session_055,survey_138,annotator_148,Woman,18-24,clip_1286,19,speaker_026,Male,8,coqui_xtts,0,3,3,3,3,3,3,1
session_058,survey_112,annotator_071,Man,25-34,clip_2317,18,speaker_011,Male,8,elevenlabs_low_expressiveness,0,3,3,5,3,3,3,3
session_057,survey_167,annotator_188,Woman,25-34,clip_0888,15,speaker_048,Male,2,chatterbox,0,1,1,5,2,1,1,1
session_058,survey_112,annotator_071,Man,25-34,clip_2510,19,speaker_029,Male,1,elevenlabs_low_expressiveness,1,5,5,5,5,4,5,5
session_060,survey_053,annotator_135,Man,18-24,clip_0187,20,speaker_025,Female,2,elevenlabs,0,3,4,3,2,2,4,1
session_057,survey_167,annotator_188,Woman,25-34,clip_0822,16,speaker_037,Male,8,chatterbox,0,5,4,1,2,4,3,3
session_056,survey_047,annotator_046,Man,55-64,clip_0915,11,speaker_050,Female,7,chatterbox,1,5,3,5,4,3,5,2
session_057,survey_167,annotator_188,Woman,25-34,clip_0711,17,speaker_018,Male,8,chatterbox,1,5,5,5,4,2,3,3
session_057,survey_167,annotator_188,Woman,25-34,clip_0790,18,speaker_032,Male,1,chatterbox,0,2,4,5,3,3,3,3
session_057,survey_167,annotator_188,Woman,25-34,clip_2069,19,speaker_038,Male,1,chatterbox,1,2,4,5,2,4,3,3
session_057,survey_167,annotator_188,Woman,25-34,clip_1667,20,speaker_038,Male,1,chatterbox,0,2,1,5,4,1,2,1
session_056,survey_047,annotator_046,Man,55-64,clip_0861,14,speaker_046,Female,2,chatterbox,1,4,3,1,3,3,4,2
session_059,survey_111,annotator_006,Man,35-44,clip_1391,16,speaker_043,Female,5,coqui_xtts,1,3,1,3,1,2,2,2
session_056,survey_047,annotator_046,Man,55-64,clip_1687,15,speaker_079,Female,1,chatterbox,0,2,1,3,2,1,2,1
session_056,survey_047,annotator_046,Man,55-64,clip_0740,16,speaker_025,Female,4,chatterbox,0,4,1,5,1,4,3,2
session_059,survey_111,annotator_006,Man,35-44,clip_1277,19,speaker_025,Female,5,coqui_xtts,1,3,1,3,1,1,2,1
session_056,survey_047,annotator_046,Man,55-64,clip_2052,18,speaker_020,Female,1,chatterbox,1,4,1,5,3,3,4,2
session_056,survey_047,annotator_046,Man,55-64,clip_2116,19,speaker_079,Female,1,chatterbox,1,2,1,2,1,1,1,1
session_059,survey_111,annotator_006,Man,35-44,clip_1750,20,speaker_055,Female,3,coqui_xtts,0,4,1,1,1,2,3,2
session_060,survey_053,annotator_135,Man,18-24,clip_0370,1,speaker_045,Female,4,elevenlabs,1,2,3,1,2,3,2,2
session_062,survey_189,annotator_043,Woman,25-34,clip_1008,1,speaker_069,Female,8,chatterbox,0,3,2,4,4,5,3,3
session_074,survey_142,annotator_101,Man,45-54,clip_0168,1,speaker_022,Male,8,elevenlabs,1,4,1,4,2,3,4,4
session_073,survey_136,annotator_025,Man,35-44,clip_1898,1,speaker_066,Female,8,elevenlabs,0,2,1,1,1,1,1,1
session_075,survey_199,annotator_192,Woman,18-24,clip_2366,1,speaker_015,Male,1,elevenlabs_low_expressiveness,1,4,2,2,4,1,4,2
session_074,survey_142,annotator_101,Man,45-54,clip_1731,2,speaker_019,Male,3,elevenlabs,0,4,1,5,3,2,2,3
session_062,survey_189,annotator_043,Woman,25-34,clip_2081,2,speaker_055,Female,9,chatterbox,1,2,1,1,3,2,3,2
session_073,survey_136,annotator_025,Man,35-44,clip_0526,2,speaker_064,Female,2,elevenlabs,1,2,3,5,4,3,4,3
session_075,survey_199,annotator_192,Woman,18-24,clip_2559,2,speaker_035,Male,2,elevenlabs_low_expressiveness,0,4,1,5,2,4,3,3
session_074,survey_142,annotator_101,Man,45-54,clip_0044,3,speaker_005,Male,7,elevenlabs,1,2,3,3,4,1,2,1
session_073,survey_136,annotator_025,Man,35-44,clip_0568,3,speaker_072,Female,7,elevenlabs,1,5,5,5,2,5,5,5
session_062,survey_189,annotator_043,Woman,25-34,clip_0924,3,speaker_053,Female,3,chatterbox,0,1,1,2,1,1,1,1
session_074,survey_142,annotator_101,Man,45-54,clip_0299,4,speaker_037,Male,2,elevenlabs,0,5,3,5,2,3,2,4
session_075,survey_199,annotator_192,Woman,18-24,clip_2560,3,speaker_035,Male,2,elevenlabs_low_expressiveness,1,1,1,1,1,1,1,1
session_073,survey_136,annotator_025,Man,35-44,clip_0212,4,speaker_028,Female,2,elevenlabs,1,5,4,5,3,4,5,5
session_055,survey_138,annotator_148,Woman,18-24,clip_1368,7,speaker_036,Male,9,coqui_xtts,0,1,2,3,2,3,2,3
session_059,survey_111,annotator_006,Man,35-44,clip_1276,6,speaker_025,Female,5,coqui_xtts,0,3,1,4,1,1,3,2
session_062,survey_189,annotator_043,Woman,25-34,clip_0914,4,speaker_050,Female,7,chatterbox,0,3,3,4,3,3,3,2
session_074,survey_142,annotator_101,Man,45-54,clip_0167,5,speaker_022,Male,8,elevenlabs,0,1,2,1,2,2,1,1
session_073,survey_136,annotator_025,Man,35-44,clip_1945,5,speaker_012,Female,3,elevenlabs,1,5,4,5,2,2,3,3
session_075,survey_199,annotator_192,Woman,18-24,clip_2259,4,speaker_006,Male,5,elevenlabs_low_expressiveness,0,2,1,2,3,3,3,4
session_074,survey_142,annotator_101,Man,45-54,clip_0116,6,speaker_015,Male,5,elevenlabs,1,5,3,3,4,3,4,4
session_062,survey_189,annotator_043,Woman,25-34,clip_0925,5,speaker_053,Female,3,chatterbox,1,2,3,3,3,2,3,2
session_073,survey_136,annotator_025,Man,35-44,clip_0338,6,speaker_042,Female,4,elevenlabs,1,5,5,4,4,5,5,2
session_075,survey_199,annotator_192,Woman,18-24,clip_2874,5,speaker_067,Male,9,elevenlabs_low_expressiveness,1,2,2,4,4,2,3,3
session_074,survey_142,annotator_101,Man,45-54,clip_0247,7,speaker_031,Male,4,elevenlabs,0,2,1,1,3,1,1,1
session_062,survey_189,annotator_043,Woman,25-34,clip_1022,6,speaker_072,Female,7,chatterbox,0,4,3,4,3,2,3,2
session_073,survey_136,annotator_025,Man,35-44,clip_1828,7,speaker_027,Female,6,elevenlabs,0,5,2,5,1,4,5,5
session_075,survey_199,annotator_192,Woman,18-24,clip_2698,6,speaker_048,Male,9,elevenlabs_low_expressiveness,0,1,5,4,4,1,3,1
session_074,survey_142,annotator_101,Man,45-54,clip_0248,8,speaker_031,Male,4,elevenlabs,1,5,4,5,2,3,3,3
session_062,survey_189,annotator_043,Woman,25-34,clip_1018,7,speaker_072,Female,5,chatterbox,0,2,3,3,2,2,1,2
session_073,survey_136,annotator_025,Man,35-44,clip_0337,8,speaker_042,Female,4,elevenlabs,0,4,4,3,4,3,1,1
session_074,survey_142,annotator_101,Man,45-54,clip_0021,9,speaker_003,Male,4,elevenlabs,0,4,4,5,4,2,3,2
session_055,survey_138,annotator_148,Woman,18-24,clip_1501,12,speaker_058,Male,8,coqui_xtts,1,3,3,3,3,2,3,3
session_075,survey_199,annotator_192,Woman,18-24,clip_2229,7,speaker_002,Male,2,elevenlabs_low_expressiveness,0,2,1,2,3,1,4,3
session_062,survey_189,annotator_043,Woman,25-34,clip_1060,8,speaker_082,Female,2,chatterbox,0,5,5,3,2,4,4,3
session_073,survey_136,annotator_025,Man,35-44,clip_0435,9,speaker_050,Female,9,elevenlabs,0,5,3,5,2,2,4,1
session_074,survey_142,annotator_101,Man,45-54,clip_0300,10,speaker_037,Male,2,elevenlabs,1,3,5,5,2,1,2,3
session_075,survey_199,annotator_192,Woman,18-24,clip_2554,8,speaker_034,Male,4,elevenlabs_low_expressiveness,1,2,1,5,1,1,1,1
session_062,survey_189,annotator_043,Woman,25-34,clip_1023,9,speaker_072,Female,7,chatterbox,1,2,2,5,3,2,3,2
session_073,survey_136,annotator_025,Man,35-44,clip_2019,10,speaker_066,Female,8,elevenlabs,1,1,1,4,3,1,1,1
session_061,survey_172,annotator_114,Man,35-44,clip_2278,17,speaker_008,Male,4,elevenlabs_low_expressiveness,1,4,3,4,4,2,3,4
session_062,survey_189,annotator_043,Woman,25-34,clip_1923,10,speaker_055,Female,9,chatterbox,0,1,1,2,3,1,1,1
session_095,survey_202,annotator_047,Woman,45-54,clip_1557,2,speaker_073,Female,2,coqui_xtts,1,4,3,5,1,3,3,3
session_075,survey_199,annotator_192,Woman,18-24,clip_2260,9,speaker_006,Male,5,elevenlabs_low_expressiveness,1,4,2,4,4,3,3,3
session_074,survey_142,annotator_101,Man,45-54,clip_0480,12,speaker_057,Male,9,elevenlabs,1,5,3,5,4,1,4,3
session_062,survey_189,annotator_043,Woman,25-34,clip_1061,11,speaker_082,Female,2,chatterbox,1,3,4,5,3,3,4,3
session_055,survey_138,annotator_148,Woman,18-24,clip_1103,17,speaker_001,Male,5,coqui_xtts,0,2,1,2,3,1,2,1
session_074,survey_142,annotator_101,Man,45-54,clip_1950,13,speaker_019,Male,3,elevenlabs,1,5,2,4,3,3,3,2
session_073,survey_136,annotator_025,Man,35-44,clip_0525,13,speaker_064,Female,2,elevenlabs,0,3,4,5,5,1,1,1
session_075,survey_199,annotator_192,Woman,18-24,clip_2699,11,speaker_048,Male,9,elevenlabs_low_expressiveness,1,1,1,5,5,1,4,1
session_073,survey_136,annotator_025,Man,35-44,clip_1966,14,speaker_027,Female,6,elevenlabs,1,5,5,5,2,5,4,3
session_075,survey_199,annotator_192,Woman,18-24,clip_2747,12,speaker_054,Male,3,elevenlabs_low_expressiveness,1,3,3,4,5,2,3,3
session_074,survey_142,annotator_101,Man,45-54,clip_0479,15,speaker_057,Male,9,elevenlabs,0,4,5,5,1,4,4,2
session_074,survey_142,annotator_101,Man,45-54,clip_2016,16,speaker_065,Male,1,elevenlabs,1,4,3,4,5,1,2,3
session_095,survey_202,annotator_047,Woman,45-54,clip_1904,4,speaker_079,Female,8,coqui_xtts,0,4,4,5,3,3,3,3
session_075,survey_199,annotator_192,Woman,18-24,clip_2236,13,speaker_002,Male,8,elevenlabs_low_expressiveness,1,1,1,4,2,2,3,3
session_074,survey_142,annotator_101,Man,45-54,clip_0115,17,speaker_015,Male,5,elevenlabs,0,3,5,2,1,3,2,1
session_073,survey_136,annotator_025,Man,35-44,clip_1922,17,speaker_055,Female,9,elevenlabs,0,4,1,2,1,1,1,1
session_074,survey_142,annotator_101,Man,45-54,clip_0022,18,speaker_003,Male,4,elevenlabs,1,1,4,4,2,1,2,1
session_062,survey_189,annotator_043,Woman,25-34,clip_2102,16,speaker_071,Female,4,chatterbox,1,3,5,4,3,4,4,3
session_095,survey_202,annotator_047,Woman,45-54,clip_1571,5,speaker_076,Female,3,coqui_xtts,1,5,4,5,3,3,3,3
session_075,survey_199,annotator_192,Woman,18-24,clip_2575,16,speaker_036,Male,5,elevenlabs_low_expressiveness,0,1,1,1,1,1,1,1
session_062,survey_189,annotator_043,Woman,25-34,clip_0915,17,speaker_050,Female,7,chatterbox,1,1,2,4,3,2,3,1
session_061,survey_172,annotator_114,Man,35-44,clip_2751,20,speaker_054,Male,5,elevenlabs_low_expressiveness,1,4,3,3,4,3,2,4
session_074,survey_142,annotator_101,Man,45-54,clip_0043,20,speaker_005,Male,7,elevenlabs,0,2,2,3,5,1,1,1
session_062,survey_189,annotator_043,Woman,25-34,clip_0923,18,speaker_052,Female,3,chatterbox,1,3,4,5,3,3,3,3
session_062,survey_189,annotator_043,Woman,25-34,clip_0922,19,speaker_052,Female,3,chatterbox,0,5,3,3,3,2,3,2
session_075,survey_199,annotator_192,Woman,18-24,clip_2365,18,speaker_015,Male,1,elevenlabs_low_expressiveness,0,3,2,1,2,1,3,3
session_075,survey_199,annotator_192,Woman,18-24,clip_2873,19,speaker_067,Male,9,elevenlabs_low_expressiveness,0,3,3,3,2,1,4,3
session_075,survey_199,annotator_192,Woman,18-24,clip_2230,20,speaker_002,Male,2,elevenlabs_low_expressiveness,1,4,5,3,2,1,4,3
session_095,survey_202,annotator_047,Woman,45-54,clip_2164,8,speaker_051,Female,9,coqui_xtts,1,4,3,4,3,2,2,2
session_095,survey_202,annotator_047,Woman,45-54,clip_1382,9,speaker_039,Female,7,coqui_xtts,0,2,1,1,2,1,1,1
session_095,survey_202,annotator_047,Woman,45-54,clip_2126,11,speaker_012,Female,1,coqui_xtts,1,1,1,4,2,1,1,1
session_095,survey_202,annotator_047,Woman,45-54,clip_2190,13,speaker_066,Female,9,coqui_xtts,1,1,1,4,1,1,1,1
session_095,survey_202,annotator_047,Woman,45-54,clip_1431,15,speaker_047,Female,8,coqui_xtts,1,3,2,4,1,2,1,1
session_095,survey_202,annotator_047,Woman,45-54,clip_1383,16,speaker_039,Female,7,coqui_xtts,1,2,2,4,2,2,1,1
session_095,survey_202,annotator_047,Woman,45-54,clip_1388,18,speaker_042,Female,6,coqui_xtts,0,2,1,1,2,1,1,1
session_095,survey_202,annotator_047,Woman,45-54,clip_1389,20,speaker_042,Female,6,coqui_xtts,1,3,2,4,3,1,1,1
session_057,survey_167,annotator_188,Woman,25-34,clip_0621,1,speaker_005,Male,6,chatterbox,0,4,1,1,1,1,2,1
session_063,survey_179,annotator_063,Man,35-44,clip_2861,1,speaker_065,Male,9,elevenlabs_low_expressiveness,0,5,1,5,1,3,1,1
session_067,survey_171,annotator_147,Man,18-24,clip_2027,1,speaker_068,Female,9,elevenlabs,1,4,3,5,3,3,3,3
session_068,survey_168,annotator_067,Man,45-54,clip_2811,1,speaker_060,Male,2,elevenlabs_low_expressiveness,0,4,1,1,2,3,3,5
session_067,survey_171,annotator_147,Man,18-24,clip_0592,2,speaker_074,Female,9,elevenlabs,1,3,4,3,2,3,3,4
session_063,survey_179,annotator_063,Man,35-44,clip_2227,2,speaker_001,Male,9,elevenlabs_low_expressiveness,0,1,1,4,1,1,1,1
session_068,survey_168,annotator_067,Man,45-54,clip_2579,2,speaker_036,Male,9,elevenlabs_low_expressiveness,0,2,1,1,1,2,3,5
session_066,survey_185,annotator_171,Man,45-54,clip_0665,1,speaker_011,Male,8,chatterbox,0,3,1,3,1,1,1,1
session_063,survey_179,annotator_063,Man,35-44,clip_2947,3,speaker_075,Male,3,elevenlabs_low_expressiveness,0,1,1,1,1,2,1,1
session_067,survey_171,annotator_147,Man,18-24,clip_0383,3,speaker_046,Female,4,elevenlabs,0,3,3,2,3,4,3,4
session_068,survey_168,annotator_067,Man,45-54,clip_2247,3,speaker_004,Male,3,elevenlabs_low_expressiveness,0,1,1,5,2,2,2,3
session_063,survey_179,annotator_063,Man,35-44,clip_2840,4,speaker_063,Male,8,elevenlabs_low_expressiveness,1,4,3,5,1,3,1,1
session_067,survey_171,annotator_147,Man,18-24,clip_0344,4,speaker_043,Female,2,elevenlabs,1,3,4,4,2,5,3,4
session_066,survey_185,annotator_171,Man,45-54,clip_1724,2,speaker_075,Male,2,chatterbox,0,3,2,1,3,3,1,1
session_060,survey_053,annotator_135,Man,18-24,clip_0369,5,speaker_045,Female,4,elevenlabs,0,1,2,2,1,2,2,2
session_063,survey_179,annotator_063,Man,35-44,clip_2228,5,speaker_001,Male,9,elevenlabs_low_expressiveness,1,5,4,5,2,3,2,1
session_067,survey_171,annotator_147,Man,18-24,clip_0591,5,speaker_074,Female,9,elevenlabs,0,3,4,2,4,2,4,3
session_063,survey_179,annotator_063,Man,35-44,clip_2835,6,speaker_063,Male,6,elevenlabs_low_expressiveness,0,1,1,4,1,1,1,1
session_069,survey_218,annotator_012,Man,25-34,clip_2799,5,speaker_058,Male,9,elevenlabs_low_expressiveness,0,3,1,5,1,1,2,2
session_068,survey_168,annotator_067,Man,45-54,clip_2812,4,speaker_060,Male,2,elevenlabs_low_expressiveness,1,5,3,5,3,3,3,5
session_066,survey_185,annotator_171,Man,45-54,clip_0720,3,speaker_022,Male,7,chatterbox,0,4,1,1,2,3,2,1
session_060,survey_053,annotator_135,Man,18-24,clip_0583,7,speaker_074,Female,3,elevenlabs,0,3,3,4,2,3,2,4
session_063,survey_179,annotator_063,Man,35-44,clip_2810,7,speaker_059,Male,9,elevenlabs_low_expressiveness,1,5,4,5,2,2,1,1
session_067,survey_171,annotator_147,Man,18-24,clip_2026,6,speaker_068,Female,8,elevenlabs,1,2,4,4,4,2,4,2
session_063,survey_179,annotator_063,Man,35-44,clip_2354,8,speaker_015,Male,3,elevenlabs_low_expressiveness,1,4,2,1,1,3,1,1
session_067,survey_171,annotator_147,Man,18-24,clip_0384,7,speaker_046,Female,4,elevenlabs,1,3,4,2,3,4,3,4
session_068,survey_168,annotator_067,Man,45-54,clip_2522,5,speaker_030,Male,7,elevenlabs_low_expressiveness,1,3,2,5,3,3,4,5
session_066,survey_185,annotator_171,Man,45-54,clip_0977,4,speaker_060,Male,2,chatterbox,1,4,2,5,3,2,2,1
session_063,survey_179,annotator_063,Man,35-44,clip_2948,9,speaker_075,Male,3,elevenlabs_low_expressiveness,1,4,2,5,1,2,1,1
session_067,survey_171,annotator_147,Man,18-24,clip_1970,8,speaker_027,Female,1,elevenlabs,1,3,4,2,3,4,3,4
session_067,survey_171,annotator_147,Man,18-24,clip_0595,9,speaker_076,Female,2,elevenlabs,0,2,3,3,4,2,3,4
session_063,survey_179,annotator_063,Man,35-44,clip_2836,10,speaker_063,Male,6,elevenlabs_low_expressiveness,1,3,2,5,1,2,1,1
session_068,survey_168,annotator_067,Man,45-54,clip_2587,6,speaker_037,Male,9,elevenlabs_low_expressiveness,0,3,2,5,3,2,3,5
session_066,survey_185,annotator_171,Man,45-54,clip_2060,5,speaker_035,Male,4,chatterbox,1,5,1,5,4,4,4,4
session_091,survey_131,annotator_073,Woman,65+,clip_1607,3,speaker_082,Female,2,coqui_xtts,1,5,1,5,3,3,3,2
session_067,survey_171,annotator_147,Man,18-24,clip_0544,10,speaker_069,Female,8,elevenlabs,1,3,3,2,4,3,4,3
session_063,survey_179,annotator_063,Man,35-44,clip_2862,11,speaker_065,Male,9,elevenlabs_low_expressiveness,1,5,1,5,1,2,1,1
session_067,survey_171,annotator_147,Man,18-24,clip_0185,11,speaker_024,Female,1,elevenlabs,0,3,4,2,3,4,2,3
session_068,survey_168,annotator_067,Man,45-54,clip_2578,7,speaker_036,Male,7,elevenlabs_low_expressiveness,1,3,3,5,2,3,4,5
session_066,survey_185,annotator_171,Man,45-54,clip_1097,6,speaker_086,Male,9,chatterbox,0,3,1,1,2,3,2,1
session_063,survey_179,annotator_063,Man,35-44,clip_2532,12,speaker_031,Male,6,elevenlabs_low_expressiveness,1,2,3,4,1,2,2,1
session_067,survey_171,annotator_147,Man,18-24,clip_1664,12,speaker_027,Female,1,elevenlabs,0,3,4,2,3,3,4,2
session_063,survey_179,annotator_063,Man,35-44,clip_2839,13,speaker_063,Male,8,elevenlabs_low_expressiveness,0,5,1,5,1,3,1,1
session_066,survey_185,annotator_171,Man,45-54,clip_0718,7,speaker_022,Male,6,chatterbox,0,2,1,1,1,2,2,1
session_067,survey_171,annotator_147,Man,18-24,clip_0186,13,speaker_024,Female,1,elevenlabs,1,3,4,2,4,3,5,2
session_068,survey_168,annotator_067,Man,45-54,clip_2436,8,speaker_023,Male,3,elevenlabs_low_expressiveness,1,4,3,5,3,3,4,5
session_063,survey_179,annotator_063,Man,35-44,clip_2809,14,speaker_059,Male,9,elevenlabs_low_expressiveness,0,3,1,2,1,3,1,1
session_067,survey_171,annotator_147,Man,18-24,clip_1931,14,speaker_068,Female,9,elevenlabs,0,3,4,2,5,3,4,2
session_091,survey_131,annotator_073,Woman,65+,clip_1584,5,speaker_078,Female,8,coqui_xtts,0,2,1,3,4,1,1,1
session_062,survey_189,annotator_043,Woman,25-34,clip_1009,12,speaker_069,Female,8,chatterbox,1,4,5,5,3,4,3,4
session_067,survey_171,annotator_147,Man,18-24,clip_0351,15,speaker_044,Female,2,elevenlabs,0,3,4,2,3,4,2,3
session_068,survey_168,annotator_067,Man,45-54,clip_2838,9,speaker_063,Male,7,elevenlabs_low_expressiveness,1,3,3,5,3,3,4,5
session_063,survey_179,annotator_063,Man,35-44,clip_2531,15,speaker_031,Male,6,elevenlabs_low_expressiveness,0,5,2,1,1,2,1,1
session_066,survey_185,annotator_171,Man,45-54,clip_0656,8,speaker_010,Male,8,chatterbox,1,5,1,4,4,4,3,2
session_095,survey_202,annotator_047,Woman,45-54,clip_1430,3,speaker_047,Female,8,coqui_xtts,0,4,4,4,4,1,3,2
session_056,survey_047,annotator_046,Man,55-64,clip_1764,10,speaker_077,Female,3,chatterbox,0,4,1,3,2,3,3,2
session_067,survey_171,annotator_147,Man,18-24,clip_0543,16,speaker_069,Female,8,elevenlabs,0,3,4,2,4,2,4,2
session_063,survey_179,annotator_063,Man,35-44,clip_2794,16,speaker_058,Male,5,elevenlabs_low_expressiveness,1,5,2,5,1,2,1,1
session_077,survey_204,annotator_168,Woman,35-44,clip_1690,12,speaker_006,Male,2,elevenlabs,0,2,2,4,2,2,1,1
session_068,survey_168,annotator_067,Man,45-54,clip_2285,10,speaker_009,Male,2,elevenlabs_low_expressiveness,0,3,2,2,2,3,3,5
session_067,survey_171,annotator_147,Man,18-24,clip_1900,17,speaker_068,Female,8,elevenlabs,0,3,4,2,1,2,2,2
session_058,survey_112,annotator_071,Man,25-34,clip_2543,20,speaker_033,Male,5,elevenlabs_low_expressiveness,0,4,2,2,2,2,2,2
session_066,survey_185,annotator_171,Man,45-54,clip_0721,9,speaker_022,Male,7,chatterbox,1,4,1,2,3,3,2,1
session_063,survey_179,annotator_063,Man,35-44,clip_2432,17,speaker_022,Male,7,elevenlabs_low_expressiveness,1,3,1,1,1,2,2,1
session_067,survey_171,annotator_147,Man,18-24,clip_0352,18,speaker_044,Female,2,elevenlabs,1,3,4,2,2,3,2,3
session_068,survey_168,annotator_067,Man,45-54,clip_2435,11,speaker_023,Male,3,elevenlabs_low_expressiveness,0,2,1,1,2,2,3,5
session_067,survey_171,annotator_147,Man,18-24,clip_0343,19,speaker_043,Female,2,elevenlabs,0,3,4,2,3,4,3,4
session_066,survey_185,annotator_171,Man,45-54,clip_0976,10,speaker_060,Male,2,chatterbox,0,4,1,1,2,2,2,1
session_063,survey_179,annotator_063,Man,35-44,clip_2353,18,speaker_015,Male,3,elevenlabs_low_expressiveness,0,4,1,1,1,2,1,1
session_067,survey_171,annotator_147,Man,18-24,clip_0596,20,speaker_076,Female,2,elevenlabs,1,3,4,2,3,3,4,2
session_063,survey_179,annotator_063,Man,35-44,clip_2431,19,speaker_022,Male,7,elevenlabs_low_expressiveness,0,4,1,1,1,2,1,1
session_066,survey_185,annotator_171,Man,45-54,clip_0796,11,speaker_033,Male,4,chatterbox,0,4,1,1,2,2,2,1
session_094,survey_219,annotator_117,Woman,18-24,clip_0959,6,speaker_058,Male,3,chatterbox,1,3,1,3,1,3,4,3
session_063,survey_179,annotator_063,Man,35-44,clip_2793,20,speaker_058,Male,5,elevenlabs_low_expressiveness,0,4,1,5,1,2,1,1
session_066,survey_185,annotator_171,Man,45-54,clip_0719,12,speaker_022,Male,6,chatterbox,1,5,1,5,2,2,3,2
session_066,survey_185,annotator_171,Man,45-54,clip_0811,13,speaker_034,Male,9,chatterbox,1,2,1,1,2,2,2,1
session_068,survey_168,annotator_067,Man,45-54,clip_2577,12,speaker_036,Male,7,elevenlabs_low_expressiveness,0,2,1,1,1,2,3,5
session_066,survey_185,annotator_171,Man,45-54,clip_1776,14,speaker_035,Male,4,chatterbox,0,4,1,3,3,3,2,2
session_068,survey_168,annotator_067,Man,45-54,clip_2588,13,speaker_037,Male,9,elevenlabs_low_expressiveness,1,1,1,1,1,1,1,1
session_066,survey_185,annotator_171,Man,45-54,clip_1098,15,speaker_086,Male,9,chatterbox,1,4,1,1,2,2,1,1
session_068,survey_168,annotator_067,Man,45-54,clip_2286,14,speaker_009,Male,2,elevenlabs_low_expressiveness,1,5,2,5,3,3,4,5
session_066,survey_185,annotator_171,Man,45-54,clip_0666,16,speaker_011,Male,8,chatterbox,1,5,1,5,3,4,2,2
session_068,survey_168,annotator_067,Man,45-54,clip_2521,15,speaker_030,Male,7,elevenlabs_low_expressiveness,0,1,1,1,1,1,1,1
session_066,survey_185,annotator_171,Man,45-54,clip_2104,17,speaker_075,Male,2,chatterbox,1,5,1,5,3,4,3,2
session_068,survey_168,annotator_067,Man,45-54,clip_2371,16,speaker_016,Male,8,elevenlabs_low_expressiveness,0,4,2,1,2,3,3,5
session_066,survey_185,annotator_171,Man,45-54,clip_0655,18,speaker_010,Male,8,chatterbox,0,5,1,1,3,2,2,1
session_068,survey_168,annotator_067,Man,45-54,clip_2837,17,speaker_063,Male,7,elevenlabs_low_expressiveness,0,3,2,4,2,3,4,5
session_066,survey_185,annotator_171,Man,45-54,clip_0810,19,speaker_034,Male,9,chatterbox,0,4,2,1,2,3,2,1
session_068,survey_168,annotator_067,Man,45-54,clip_2580,18,speaker_036,Male,9,elevenlabs_low_expressiveness,1,2,3,5,2,3,4,5
session_066,survey_185,annotator_171,Man,45-54,clip_0797,20,speaker_033,Male,4,chatterbox,1,4,1,3,3,3,2,2
session_068,survey_168,annotator_067,Man,45-54,clip_2248,19,speaker_004,Male,3,elevenlabs_low_expressiveness,1,4,3,5,3,3,4,5
session_064,survey_092,annotator_142,Woman,25-34,clip_1243,1,speaker_018,Male,3,coqui_xtts,1,4,1,4,3,2,4,4
session_064,survey_092,annotator_142,Woman,25-34,clip_1685,2,speaker_075,Male,1,coqui_xtts,0,5,1,1,2,3,4,4
session_064,survey_092,annotator_142,Woman,25-34,clip_1156,3,speaker_009,Male,7,coqui_xtts,0,4,1,1,4,2,3,3
session_064,survey_092,annotator_142,Woman,25-34,clip_1364,4,speaker_036,Male,6,coqui_xtts,0,1,1,1,1,1,1,1
session_069,survey_218,annotator_012,Man,25-34,clip_2503,4,speaker_029,Male,7,elevenlabs_low_expressiveness,0,2,1,3,1,1,1,1
session_064,survey_092,annotator_142,Woman,25-34,clip_1805,5,speaker_038,Male,5,coqui_xtts,0,3,1,4,2,4,4,3
session_064,survey_092,annotator_142,Woman,25-34,clip_1514,6,speaker_060,Male,9,coqui_xtts,0,3,1,1,4,3,3,3
session_064,survey_092,annotator_142,Woman,25-34,clip_1285,7,speaker_026,Male,7,coqui_xtts,1,4,1,1,1,2,2,2
session_058,survey_112,annotator_071,Man,25-34,clip_2284,12,speaker_008,Male,9,elevenlabs_low_expressiveness,1,3,3,5,1,3,3,3
session_064,survey_092,annotator_142,Woman,25-34,clip_1437,8,speaker_048,Male,4,coqui_xtts,1,2,3,4,4,2,3,2
session_064,survey_092,annotator_142,Woman,25-34,clip_1284,9,speaker_026,Male,7,coqui_xtts,0,5,1,5,1,3,3,4
session_064,survey_092,annotator_142,Woman,25-34,clip_1203,10,speaker_015,Male,2,coqui_xtts,1,4,1,4,2,3,3,3
session_061,survey_172,annotator_114,Man,35-44,clip_2462,19,speaker_026,Male,5,elevenlabs_low_expressiveness,1,4,3,4,3,4,2,2
session_064,survey_092,annotator_142,Woman,25-34,clip_2155,11,speaker_038,Male,5,coqui_xtts,1,4,1,5,3,4,4,4
session_064,survey_092,annotator_142,Woman,25-34,clip_1242,12,speaker_018,Male,3,coqui_xtts,0,2,1,4,2,2,2,2
session_060,survey_053,annotator_135,Man,18-24,clip_0587,19,speaker_074,Female,7,elevenlabs,0,3,4,3,2,2,4,2
session_091,survey_131,annotator_073,Woman,65+,clip_1613,6,speaker_082,Female,1,coqui_xtts,1,5,1,4,4,2,4,1
session_064,survey_092,annotator_142,Woman,25-34,clip_1202,13,speaker_015,Male,2,coqui_xtts,0,5,1,1,2,3,3,3
session_064,survey_092,annotator_142,Woman,25-34,clip_1222,14,speaker_016,Male,4,coqui_xtts,0,4,1,1,2,4,3,3
session_064,survey_092,annotator_142,Woman,25-34,clip_1436,15,speaker_048,Male,4,coqui_xtts,0,2,1,5,3,2,2,2
session_064,survey_092,annotator_142,Woman,25-34,clip_2204,16,speaker_075,Male,1,coqui_xtts,1,1,1,4,2,1,1,1
session_064,survey_092,annotator_142,Woman,25-34,clip_1365,17,speaker_036,Male,6,coqui_xtts,1,5,1,5,3,3,4,4
session_071,survey_176,annotator_075,Woman,55-64,clip_1762,10,speaker_075,Male,3,elevenlabs,0,1,1,1,1,1,1,1
session_064,survey_092,annotator_142,Woman,25-34,clip_1223,18,speaker_016,Male,4,coqui_xtts,1,3,3,3,3,3,3,3
session_059,survey_111,annotator_006,Man,35-44,clip_1199,15,speaker_014,Female,3,coqui_xtts,1,3,1,2,1,2,3,2
session_064,survey_092,annotator_142,Woman,25-34,clip_1157,19,speaker_009,Male,7,coqui_xtts,1,5,1,5,4,3,4,4
session_073,survey_136,annotator_025,Man,35-44,clip_1757,20,speaker_068,Female,3,elevenlabs,0,5,5,5,3,4,4,3
session_064,survey_092,annotator_142,Woman,25-34,clip_1515,20,speaker_060,Male,9,coqui_xtts,1,2,2,4,3,1,3,2
session_059,survey_111,annotator_006,Man,35-44,clip_1299,17,speaker_028,Female,1,coqui_xtts,1,4,1,4,1,1,2,1
session_059,survey_111,annotator_006,Man,35-44,clip_1800,18,speaker_027,Female,5,coqui_xtts,0,4,1,4,1,3,3,3
session_069,survey_218,annotator_012,Man,25-34,clip_2526,19,speaker_030,Male,1,elevenlabs_low_expressiveness,1,2,2,4,3,1,2,1
session_101,survey_155,annotator_088,Man,25-34,clip_2032,1,speaker_071,Female,7,elevenlabs,1,2,1,4,1,5,3,3
session_101,survey_155,annotator_088,Man,25-34,clip_0431,2,speaker_050,Female,7,elevenlabs,0,2,1,1,1,2,3,1
session_083,survey_120,annotator_186,Woman,18-24,clip_2130,15,speaker_019,Male,5,coqui_xtts,1,5,1,5,1,2,3,2
session_101,survey_155,annotator_088,Man,25-34,clip_0195,3,speaker_025,Female,1,elevenlabs,0,4,1,4,1,4,3,2
session_101,survey_155,annotator_088,Man,25-34,clip_0358,4,speaker_044,Female,7,elevenlabs,1,4,2,3,3,2,4,1
session_101,survey_155,annotator_088,Man,25-34,clip_1988,5,speaker_051,Female,6,elevenlabs,1,2,4,3,1,4,3,1
session_101,survey_155,annotator_088,Man,25-34,clip_0357,6,speaker_044,Female,7,elevenlabs,0,2,1,1,3,1,2,1
session_101,survey_155,annotator_088,Man,25-34,clip_0114,7,speaker_014,Female,7,elevenlabs,1,4,2,3,1,3,3,1
session_101,survey_155,annotator_088,Man,25-34,clip_0215,8,speaker_028,Female,6,elevenlabs,0,2,3,2,1,3,3,1
session_101,survey_155,annotator_088,Man,25-34,clip_0432,9,speaker_050,Female,7,elevenlabs,1,4,2,4,1,3,2,1
session_101,survey_155,annotator_088,Man,25-34,clip_0142,10,speaker_017,Female,7,elevenlabs,1,3,2,1,1,3,3,1
session_101,survey_155,annotator_088,Man,25-34,clip_0196,11,speaker_025,Female,1,elevenlabs,1,5,3,4,3,3,4,1
session_101,survey_155,annotator_088,Man,25-34,clip_1682,12,speaker_068,Female,1,elevenlabs,0,2,2,1,1,2,3,1
session_101,survey_155,annotator_088,Man,25-34,clip_1836,13,speaker_051,Female,6,elevenlabs,0,2,1,1,1,2,2,1
session_101,survey_155,annotator_088,Man,25-34,clip_1967,14,speaker_027,Female,7,elevenlabs,1,5,3,5,1,5,5,3
session_101,survey_155,annotator_088,Man,25-34,clip_2028,15,speaker_068,Female,1,elevenlabs,1,5,3,4,1,4,4,2
session_101,survey_155,annotator_088,Man,25-34,clip_1873,16,speaker_071,Female,7,elevenlabs,0,3,1,1,1,3,3,1
session_101,survey_155,annotator_088,Man,25-34,clip_0113,17,speaker_014,Female,7,elevenlabs,0,3,1,1,1,3,3,1
session_101,survey_155,annotator_088,Man,25-34,clip_0141,18,speaker_017,Female,7,elevenlabs,0,5,1,1,2,4,3,1
session_101,survey_155,annotator_088,Man,25-34,clip_0216,19,speaker_028,Female,6,elevenlabs,1,3,3,3,1,3,3,1
session_101,survey_155,annotator_088,Man,25-34,clip_1858,20,speaker_027,Female,7,elevenlabs,0,4,1,2,1,3,2,1
session_085,survey_135,annotator_191,Woman,25-34,clip_0272,16,speaker_034,Male,2,elevenlabs,1,5,3,2,2,3,2,2
session_065,survey_193,annotator_144,Man,35-44,clip_2796,4,speaker_058,Male,6,elevenlabs_low_expressiveness,1,1,2,2,1,2,2,2
session_077,survey_204,annotator_168,Woman,35-44,clip_0301,2,speaker_037,Male,4,elevenlabs,0,2,4,5,3,4,3,1
session_078,survey_119,annotator_026,Woman,55-64,clip_0536,2,speaker_069,Female,2,elevenlabs,1,5,4,5,1,4,5,5
session_058,survey_112,annotator_071,Man,25-34,clip_2283,1,speaker_008,Male,9,elevenlabs_low_expressiveness,0,4,3,4,2,2,3,4
session_071,survey_176,annotator_075,Woman,55-64,clip_0045,1,speaker_005,Male,8,elevenlabs,0,1,1,2,1,1,1,2
session_065,survey_193,annotator_144,Man,35-44,clip_2251,5,speaker_004,Male,7,elevenlabs_low_expressiveness,0,1,1,2,2,2,2,2
session_059,survey_111,annotator_006,Man,35-44,clip_1298,1,speaker_028,Female,1,coqui_xtts,0,3,1,3,1,1,3,3
session_077,survey_204,annotator_168,Woman,35-44,clip_0125,3,speaker_016,Male,6,elevenlabs,0,4,3,1,2,4,2,1
session_065,survey_193,annotator_144,Man,35-44,clip_2369,1,speaker_016,Male,7,elevenlabs_low_expressiveness,0,1,1,1,1,2,2,2
session_065,survey_193,annotator_144,Man,35-44,clip_2370,3,speaker_016,Male,7,elevenlabs_low_expressiveness,1,3,2,3,2,3,3,2
session_078,survey_119,annotator_026,Woman,55-64,clip_0347,1,speaker_043,Female,5,elevenlabs,0,3,1,3,1,1,1,1
session_076,survey_160,annotator_102,Man,18-24,clip_1100,1,speaker_001,Male,2,coqui_xtts,1,4,1,4,2,3,4,3
session_078,survey_119,annotator_026,Woman,55-64,clip_0334,3,speaker_040,Female,7,elevenlabs,1,5,3,4,1,3,4,5
session_076,survey_160,annotator_102,Man,18-24,clip_2158,2,speaker_038,Male,8,coqui_xtts,1,4,3,5,1,5,4,4
session_077,survey_204,annotator_168,Woman,35-44,clip_0126,4,speaker_016,Male,6,elevenlabs,1,4,4,5,2,4,2,1
session_078,survey_119,annotator_026,Woman,55-64,clip_1990,4,speaker_051,Female,1,elevenlabs,1,1,1,4,1,1,1,1
session_082,survey_209,annotator_044,Woman,45-54,clip_2757,1,speaker_054,Male,1,elevenlabs_low_expressiveness,1,3,2,1,1,2,4,2
session_069,survey_218,annotator_012,Man,25-34,clip_2505,6,speaker_029,Male,8,elevenlabs_low_expressiveness,0,4,1,2,2,2,2,2
session_077,survey_204,annotator_168,Woman,35-44,clip_0494,5,speaker_058,Male,9,elevenlabs,1,5,3,5,4,3,3,2
session_072,survey_180,annotator_157,Man,45-54,clip_2693,3,speaker_048,Male,6,elevenlabs_low_expressiveness,1,5,4,5,4,3,4,3
session_069,survey_218,annotator_012,Man,25-34,clip_2356,7,speaker_015,Male,4,elevenlabs_low_expressiveness,1,3,2,1,2,2,2,2
session_077,survey_204,annotator_168,Woman,35-44,clip_0002,6,speaker_001,Male,2,elevenlabs,1,2,4,5,4,3,2,1
session_071,survey_176,annotator_075,Woman,55-64,clip_2034,3,speaker_075,Male,3,elevenlabs,1,4,4,4,4,3,4,4
session_069,survey_218,annotator_012,Man,25-34,clip_2264,8,speaker_006,Male,7,elevenlabs_low_expressiveness,1,2,2,1,2,2,2,2
session_076,survey_160,annotator_102,Man,18-24,clip_1476,4,speaker_057,Male,3,coqui_xtts,0,5,4,5,2,4,3,3
session_065,survey_193,annotator_144,Man,35-44,clip_2495,10,speaker_029,Male,3,elevenlabs_low_expressiveness,0,3,2,5,2,3,2,2
session_078,survey_119,annotator_026,Woman,55-64,clip_0315,7,speaker_039,Female,3,elevenlabs,0,5,2,1,1,3,1,1
session_072,survey_180,annotator_157,Man,45-54,clip_2248,5,speaker_004,Male,3,elevenlabs_low_expressiveness,1,5,4,5,4,3,4,3
session_078,survey_119,annotator_026,Woman,55-64,clip_1948,8,speaker_012,Female,1,elevenlabs,1,5,3,4,1,4,3,3
session_072,survey_180,annotator_157,Man,45-54,clip_2788,6,speaker_057,Male,8,elevenlabs_low_expressiveness,1,5,3,5,3,3,3,3
session_076,survey_160,annotator_102,Man,18-24,clip_1318,5,speaker_030,Male,4,coqui_xtts,0,3,1,2,2,2,2,2
session_071,survey_176,annotator_075,Woman,55-64,clip_0510,5,speaker_060,Male,4,elevenlabs,1,3,3,1,2,3,3,3
session_069,survey_218,annotator_012,Man,25-34,clip_2285,9,speaker_009,Male,2,elevenlabs_low_expressiveness,0,2,2,3,2,2,2,2
session_065,survey_193,annotator_144,Man,35-44,clip_2496,14,speaker_029,Male,3,elevenlabs_low_expressiveness,1,2,2,5,2,2,2,2
session_077,survey_204,annotator_168,Woman,35-44,clip_1937,10,speaker_006,Male,2,elevenlabs,1,1,3,5,3,4,1,1
session_069,survey_218,annotator_012,Man,25-34,clip_2506,10,speaker_029,Male,8,elevenlabs_low_expressiveness,1,2,2,4,1,1,1,1
session_071,survey_176,annotator_075,Woman,55-64,clip_0250,6,speaker_031,Male,5,elevenlabs,1,2,2,1,2,2,2,3
session_069,survey_218,annotator_012,Man,25-34,clip_2504,11,speaker_029,Male,7,elevenlabs_low_expressiveness,1,4,3,5,3,2,3,3
session_072,survey_180,annotator_157,Man,45-54,clip_2438,8,speaker_023,Male,4,elevenlabs_low_expressiveness,1,5,4,5,4,3,4,3
session_078,survey_119,annotator_026,Woman,55-64,clip_1657,11,speaker_012,Female,1,elevenlabs,0,1,2,3,1,1,2,1
session_076,survey_160,annotator_102,Man,18-24,clip_1477,7,speaker_057,Male,3,coqui_xtts,1,4,4,5,3,4,4,4
session_069,survey_218,annotator_012,Man,25-34,clip_2237,12,speaker_002,Male,1,elevenlabs_low_expressiveness,0,3,1,1,2,2,2,2
session_078,survey_119,annotator_026,Woman,55-64,clip_0518,12,speaker_061,Female,3,elevenlabs,1,5,4,5,1,4,5,5
session_071,survey_176,annotator_075,Woman,55-64,clip_1954,7,speaker_019,Male,1,elevenlabs,1,4,4,4,4,3,4,4
session_072,survey_180,annotator_157,Man,45-54,clip_2247,9,speaker_004,Male,3,elevenlabs_low_expressiveness,0,5,4,3,4,3,3,2
session_069,survey_218,annotator_012,Man,25-34,clip_2293,13,speaker_009,Male,8,elevenlabs_low_expressiveness,0,2,2,4,2,2,2,2
session_065,survey_193,annotator_144,Man,35-44,clip_2593,18,speaker_038,Male,3,elevenlabs_low_expressiveness,0,2,1,4,2,2,2,2
session_072,survey_180,annotator_157,Man,45-54,clip_2787,10,speaker_057,Male,8,elevenlabs_low_expressiveness,0,5,3,5,3,3,4,2
session_078,survey_119,annotator_026,Woman,55-64,clip_0380,13,speaker_045,Female,9,elevenlabs,1,3,2,5,1,1,2,1
session_065,survey_193,annotator_144,Man,35-44,clip_2352,19,speaker_015,Male,2,elevenlabs_low_expressiveness,1,3,2,1,2,4,2,2
session_072,survey_180,annotator_157,Man,45-54,clip_2692,11,speaker_048,Male,6,elevenlabs_low_expressiveness,0,5,4,5,4,3,4,2
session_069,survey_218,annotator_012,Man,25-34,clip_2605,15,speaker_038,Male,9,elevenlabs_low_expressiveness,0,2,2,2,2,2,2,2
session_077,survey_204,annotator_168,Woman,35-44,clip_0302,14,speaker_037,Male,4,elevenlabs,1,3,2,5,2,4,2,2
session_072,survey_180,annotator_157,Man,45-54,clip_2841,12,speaker_063,Male,1,elevenlabs_low_expressiveness,0,5,3,5,3,3,3,2
session_076,survey_160,annotator_102,Man,18-24,clip_1495,10,speaker_058,Male,4,coqui_xtts,1,4,3,4,2,3,3,3
session_072,survey_180,annotator_157,Man,45-54,clip_2853,13,speaker_065,Male,4,elevenlabs_low_expressiveness,0,3,2,3,1,3,2,1
session_076,survey_160,annotator_102,Man,18-24,clip_1889,11,speaker_038,Male,8,coqui_xtts,0,4,3,2,1,3,2,2
session_077,survey_204,annotator_168,Woman,35-44,clip_0128,16,speaker_016,Male,7,elevenlabs,1,3,3,4,3,4,2,2
session_069,survey_218,annotator_012,Man,25-34,clip_2525,16,speaker_030,Male,1,elevenlabs_low_expressiveness,0,2,1,2,2,1,1,1
session_071,survey_176,annotator_075,Woman,55-64,clip_0249,11,speaker_031,Male,5,elevenlabs,0,1,1,1,1,2,2,2
session_077,survey_204,annotator_168,Woman,35-44,clip_0210,17,speaker_026,Male,1,elevenlabs,1,3,1,4,4,3,2,2
session_072,survey_180,annotator_157,Man,45-54,clip_2526,16,speaker_030,Male,1,elevenlabs_low_expressiveness,1,3,2,3,3,2,3,2
session_077,survey_204,annotator_168,Woman,35-44,clip_0493,19,speaker_058,Male,9,elevenlabs,0,1,2,4,2,4,2,1
session_076,survey_160,annotator_102,Man,18-24,clip_1507,14,speaker_059,Male,8,coqui_xtts,1,5,4,5,3,3,4,4
session_069,survey_218,annotator_012,Man,25-34,clip_2800,18,speaker_058,Male,9,elevenlabs_low_expressiveness,1,4,3,5,2,3,4,3
session_072,survey_180,annotator_157,Man,45-54,clip_2295,18,speaker_009,Male,9,elevenlabs_low_expressiveness,0,5,3,2,3,3,3,2
session_076,survey_160,annotator_102,Man,18-24,clip_1243,15,speaker_018,Male,3,coqui_xtts,1,4,2,3,2,2,3,3
session_072,survey_180,annotator_157,Man,45-54,clip_2525,19,speaker_030,Male,1,elevenlabs_low_expressiveness,0,2,2,2,1,2,2,1
session_076,survey_160,annotator_102,Man,18-24,clip_1099,16,speaker_001,Male,2,coqui_xtts,0,4,4,4,2,5,4,4
session_069,survey_218,annotator_012,Man,25-34,clip_2263,20,speaker_006,Male,7,elevenlabs_low_expressiveness,0,3,1,3,2,2,2,1
session_076,survey_160,annotator_102,Man,18-24,clip_1242,17,speaker_018,Male,3,coqui_xtts,0,2,1,3,2,2,2,2
session_071,survey_176,annotator_075,Woman,55-64,clip_0304,14,speaker_037,Male,5,elevenlabs,1,5,5,5,5,4,4,4
session_071,survey_176,annotator_075,Woman,55-64,clip_0166,15,speaker_022,Male,6,elevenlabs,1,3,2,1,2,2,2,2
session_071,survey_176,annotator_075,Woman,55-64,clip_1660,16,speaker_019,Male,1,elevenlabs,0,4,3,4,4,3,3,3
session_071,survey_176,annotator_075,Woman,55-64,clip_0117,17,speaker_015,Male,7,elevenlabs,0,1,1,1,1,2,1,1
session_071,survey_176,annotator_075,Woman,55-64,clip_0046,18,speaker_005,Male,8,elevenlabs,1,5,5,5,5,5,5,5
session_071,survey_176,annotator_075,Woman,55-64,clip_0303,20,speaker_037,Male,5,elevenlabs,0,5,5,5,5,5,5,5
session_069,survey_218,annotator_012,Man,25-34,clip_2606,1,speaker_038,Male,9,elevenlabs_low_expressiveness,1,2,2,4,2,1,2,2
session_061,survey_172,annotator_114,Man,35-44,clip_2229,2,speaker_002,Male,2,elevenlabs_low_expressiveness,0,3,2,2,2,3,2,2
session_065,survey_193,annotator_144,Man,35-44,clip_2351,6,speaker_015,Male,2,elevenlabs_low_expressiveness,0,1,1,1,1,2,2,1
session_061,survey_172,annotator_114,Man,35-44,clip_2801,14,speaker_058,Male,1,elevenlabs_low_expressiveness,0,3,2,2,4,3,4,4
session_065,survey_193,annotator_144,Man,35-44,clip_2795,13,speaker_058,Male,6,elevenlabs_low_expressiveness,0,1,1,3,2,1,2,1
session_073,survey_136,annotator_025,Man,35-44,clip_2022,15,speaker_068,Female,3,elevenlabs,1,5,5,5,2,5,4,4
session_054,survey_201,annotator_174,Man,18-24,clip_2234,15,speaker_002,Male,6,elevenlabs_low_expressiveness,1,3,4,4,3,2,2,1
session_078,survey_119,annotator_026,Woman,55-64,clip_1999,14,speaker_055,Female,9,elevenlabs,1,5,3,5,1,3,3,4
session_078,survey_119,annotator_026,Woman,55-64,clip_1922,15,speaker_055,Female,9,elevenlabs,0,5,2,1,1,3,1,1
session_078,survey_119,annotator_026,Woman,55-64,clip_0379,16,speaker_045,Female,9,elevenlabs,0,5,2,1,1,3,2,1
session_078,survey_119,annotator_026,Woman,55-64,clip_1671,17,speaker_051,Female,1,elevenlabs,0,5,4,5,1,4,4,5
session_078,survey_119,annotator_026,Woman,55-64,clip_0535,18,speaker_069,Female,2,elevenlabs,0,5,3,5,1,4,5,5
session_078,survey_119,annotator_026,Woman,55-64,clip_0531,19,speaker_064,Female,6,elevenlabs,0,5,4,5,1,3,5,5
session_077,survey_204,annotator_168,Woman,35-44,clip_1973,18,speaker_035,Male,4,elevenlabs,1,3,1,5,2,4,3,2
session_078,survey_119,annotator_026,Woman,55-64,clip_0333,20,speaker_040,Female,7,elevenlabs,0,5,1,1,1,3,1,2
session_072,survey_180,annotator_157,Man,45-54,clip_2226,17,speaker_001,Male,8,elevenlabs_low_expressiveness,1,5,3,1,3,3,3,2
session_100,survey_100,annotator_140,Man,45-54,clip_1516,1,speaker_060,Male,1,coqui_xtts,0,3,2,1,2,2,2,1
session_100,survey_100,annotator_140,Man,45-54,clip_1221,2,speaker_016,Male,3,coqui_xtts,1,1,1,2,1,3,2,1
session_076,survey_160,annotator_102,Man,18-24,clip_1695,20,speaker_019,Male,2,coqui_xtts,0,4,4,4,3,3,4,4
session_100,survey_100,annotator_140,Man,45-54,clip_1487,3,speaker_057,Male,9,coqui_xtts,1,3,1,3,2,2,2,1
session_100,survey_100,annotator_140,Man,45-54,clip_1600,4,speaker_081,Male,8,coqui_xtts,0,1,1,1,2,1,1,1
session_100,survey_100,annotator_140,Man,45-54,clip_1220,5,speaker_016,Male,3,coqui_xtts,0,1,2,1,2,3,3,1
session_095,survey_202,annotator_047,Woman,45-54,clip_2213,14,speaker_079,Female,8,coqui_xtts,1,2,1,4,1,2,1,1
session_100,survey_100,annotator_140,Man,45-54,clip_1626,6,speaker_084,Male,5,coqui_xtts,0,1,1,1,1,2,2,1
session_087,survey_045,annotator_062,Woman,25-34,clip_2615,15,speaker_039,Female,6,elevenlabs_low_expressiveness,0,5,2,5,1,2,4,4
session_100,survey_100,annotator_140,Man,45-54,clip_1517,7,speaker_060,Male,1,coqui_xtts,1,4,3,3,3,3,4,2
session_087,survey_045,annotator_062,Woman,25-34,clip_2906,16,speaker_071,Female,3,elevenlabs_low_expressiveness,1,5,1,1,1,2,3,3
session_087,survey_045,annotator_062,Woman,25-34,clip_2446,18,speaker_024,Female,2,elevenlabs_low_expressiveness,1,5,2,4,1,2,4,4
session_100,survey_100,annotator_140,Man,45-54,clip_1438,8,speaker_048,Male,7,coqui_xtts,0,1,2,5,3,3,3,2
session_095,survey_202,annotator_047,Woman,45-54,clip_2207,17,speaker_077,Female,9,coqui_xtts,1,4,4,4,3,3,4,3
session_100,survey_100,annotator_140,Man,45-54,clip_1627,9,speaker_084,Male,5,coqui_xtts,1,1,1,2,2,2,2,1
session_100,survey_100,annotator_140,Man,45-54,clip_1121,10,speaker_004,Male,5,coqui_xtts,0,5,4,4,4,3,3,2
session_082,survey_209,annotator_044,Woman,45-54,clip_2567,11,speaker_035,Male,8,elevenlabs_low_expressiveness,0,2,2,3,3,3,3,3
session_100,survey_100,annotator_140,Man,45-54,clip_1178,11,speaker_011,Male,9,coqui_xtts,0,5,4,5,4,3,4,2
session_100,survey_100,annotator_140,Man,45-54,clip_1486,12,speaker_057,Male,9,coqui_xtts,0,5,4,4,4,2,4,1
session_100,survey_100,annotator_140,Man,45-54,clip_1334,13,speaker_033,Male,3,coqui_xtts,0,3,2,3,3,3,3,1
session_100,survey_100,annotator_140,Man,45-54,clip_2179,14,speaker_063,Male,8,coqui_xtts,1,4,3,5,4,4,3,2
session_100,survey_100,annotator_140,Man,45-54,clip_1335,15,speaker_033,Male,3,coqui_xtts,1,5,5,5,4,3,4,2
session_100,survey_100,annotator_140,Man,45-54,clip_1894,16,speaker_063,Male,8,coqui_xtts,0,4,4,5,4,3,3,1
session_100,survey_100,annotator_140,Man,45-54,clip_1601,17,speaker_081,Male,8,coqui_xtts,1,5,3,5,4,3,4,2
session_100,survey_100,annotator_140,Man,45-54,clip_1439,18,speaker_048,Male,7,coqui_xtts,1,5,5,4,4,3,3,2
session_100,survey_100,annotator_140,Man,45-54,clip_1179,19,speaker_011,Male,9,coqui_xtts,1,4,4,4,3,3,3,1
session_100,survey_100,annotator_140,Man,45-54,clip_1122,20,speaker_004,Male,5,coqui_xtts,1,5,4,5,3,3,3,1
session_085,survey_135,annotator_191,Woman,25-34,clip_0176,18,speaker_023,Male,6,elevenlabs,1,3,3,1,3,2,2,3
session_055,survey_138,annotator_148,Woman,18-24,clip_1369,2,speaker_036,Male,9,coqui_xtts,1,1,1,1,1,1,1,1
session_058,survey_112,annotator_071,Man,25-34,clip_2391,2,speaker_018,Male,8,elevenlabs_low_expressiveness,0,1,4,4,1,2,4,2
session_065,survey_193,annotator_144,Man,35-44,clip_2423,2,speaker_022,Male,2,elevenlabs_low_expressiveness,0,1,1,1,1,2,1,1
session_056,survey_047,annotator_046,Man,55-64,clip_0860,2,speaker_046,Female,2,chatterbox,0,4,4,1,2,4,3,1
session_059,survey_111,annotator_006,Man,35-44,clip_1582,3,speaker_078,Female,7,coqui_xtts,0,2,1,2,1,2,3,1
session_055,survey_138,annotator_148,Woman,18-24,clip_1756,4,speaker_065,Male,3,coqui_xtts,0,3,1,1,1,3,1,1
session_072,survey_180,annotator_157,Man,45-54,clip_2467,1,speaker_026,Male,8,elevenlabs_low_expressiveness,0,4,2,4,3,3,3,2
session_080,survey_049,annotator_128,Man,18-24,clip_1652,1,speaker_086,Male,9,coqui_xtts,0,2,2,1,3,2,2,1
session_081,survey_068,annotator_187,Man,35-44,clip_0818,1,speaker_036,Male,9,chatterbox,0,1,1,1,1,1,2,2
session_084,survey_003,annotator_001,Man,35-44,clip_2442,1,speaker_023,Male,6,elevenlabs_low_expressiveness,1,4,2,5,1,2,4,4
session_084,survey_003,annotator_001,Man,35-44,clip_2527,2,speaker_031,Male,3,elevenlabs_low_expressiveness,0,2,1,1,3,1,1,1
session_081,survey_068,annotator_187,Man,35-44,clip_0762,2,speaker_029,Male,4,chatterbox,0,2,3,4,2,2,3,2
session_080,survey_049,annotator_128,Man,18-24,clip_1113,2,speaker_003,Male,4,coqui_xtts,0,3,3,2,3,3,3,2
session_084,survey_003,annotator_001,Man,35-44,clip_2784,3,speaker_057,Male,6,elevenlabs_low_expressiveness,1,5,3,5,1,3,2,2
session_081,survey_068,annotator_187,Man,35-44,clip_1906,3,speaker_006,Male,9,chatterbox,0,2,2,4,3,3,2,2
session_057,survey_167,annotator_188,Woman,25-34,clip_2067,6,speaker_038,Male,7,chatterbox,1,4,3,5,3,3,4,2
session_080,survey_049,annotator_128,Man,18-24,clip_1379,3,speaker_037,Male,1,coqui_xtts,1,4,3,4,3,3,4,2
session_084,survey_003,annotator_001,Man,35-44,clip_2460,4,speaker_026,Male,4,elevenlabs_low_expressiveness,1,5,2,5,1,3,5,3
session_079,survey_170,annotator_108,Woman,35-44,clip_1637,1,speaker_085,Male,6,coqui_xtts,1,2,1,3,1,2,2,3
session_081,survey_068,annotator_187,Man,35-44,clip_0782,4,speaker_032,Male,2,chatterbox,0,2,3,3,4,3,3,3
session_084,survey_003,annotator_001,Man,35-44,clip_2528,5,speaker_031,Male,3,elevenlabs_low_expressiveness,1,4,1,1,2,2,1,1
session_091,survey_131,annotator_073,Woman,65+,clip_1585,2,speaker_078,Female,8,coqui_xtts,1,3,2,5,3,2,3,2
session_081,survey_068,annotator_187,Man,35-44,clip_2088,5,speaker_065,Male,4,chatterbox,1,1,1,1,1,2,1,1
session_084,survey_003,annotator_001,Man,35-44,clip_2235,6,speaker_002,Male,8,elevenlabs_low_expressiveness,0,5,1,1,1,2,1,1
session_080,survey_049,annotator_128,Man,18-24,clip_1106,4,speaker_001,Male,7,coqui_xtts,1,2,3,3,3,3,2,2
session_079,survey_170,annotator_108,Woman,35-44,clip_1725,2,speaker_075,Male,2,coqui_xtts,0,2,1,4,1,2,3,4
session_081,survey_068,annotator_187,Man,35-44,clip_2062,6,speaker_035,Male,8,chatterbox,1,1,2,4,3,2,2,2
session_080,survey_049,annotator_128,Man,18-24,clip_1653,5,speaker_086,Male,9,coqui_xtts,1,1,2,1,2,2,2,1
session_079,survey_170,annotator_108,Woman,35-44,clip_1131,3,speaker_005,Male,6,coqui_xtts,0,1,1,2,1,2,2,1
session_094,survey_219,annotator_117,Woman,18-24,clip_0774,1,speaker_030,Male,7,chatterbox,0,1,1,1,1,2,3,2
session_081,survey_068,annotator_187,Man,35-44,clip_0957,7,speaker_058,Male,2,chatterbox,1,1,1,2,3,2,2,2
session_080,survey_049,annotator_128,Man,18-24,clip_1105,6,speaker_001,Male,7,coqui_xtts,0,4,3,3,4,4,3,2
session_058,survey_112,annotator_071,Man,25-34,clip_2541,13,speaker_033,Male,3,elevenlabs_low_expressiveness,0,5,5,2,3,4,4,4
session_079,survey_170,annotator_108,Woman,35-44,clip_1478,4,speaker_057,Male,4,coqui_xtts,0,2,1,2,1,1,2,2
session_084,survey_003,annotator_001,Man,35-44,clip_2783,7,speaker_057,Male,6,elevenlabs_low_expressiveness,0,5,3,5,1,4,5,5
session_081,survey_068,annotator_187,Man,35-44,clip_0657,8,speaker_010,Male,9,chatterbox,0,4,5,5,4,5,4,4
session_077,survey_204,annotator_168,Woman,35-44,clip_0127,9,speaker_016,Male,7,elevenlabs,0,1,1,1,1,2,1,1
session_080,survey_049,annotator_128,Man,18-24,clip_1114,7,speaker_003,Male,4,coqui_xtts,1,3,3,2,4,3,2,2
session_084,survey_003,annotator_001,Man,35-44,clip_2696,8,speaker_048,Male,8,elevenlabs_low_expressiveness,0,3,1,3,1,1,1,1
session_079,survey_170,annotator_108,Woman,35-44,clip_1160,5,speaker_010,Male,2,coqui_xtts,0,4,1,4,3,2,2,4
session_084,survey_003,annotator_001,Man,35-44,clip_2236,9,speaker_002,Male,8,elevenlabs_low_expressiveness,1,4,1,2,1,1,3,3
session_081,survey_068,annotator_187,Man,35-44,clip_1053,9,speaker_081,Male,3,chatterbox,1,4,5,5,4,3,3,4
session_080,survey_049,annotator_128,Man,18-24,clip_2216,8,speaker_080,Male,4,coqui_xtts,1,4,2,3,4,3,2,2
session_079,survey_170,annotator_108,Woman,35-44,clip_1132,6,speaker_005,Male,6,coqui_xtts,1,5,1,4,2,4,3,4
session_084,survey_003,annotator_001,Man,35-44,clip_2338,10,speaker_013,Male,7,elevenlabs_low_expressiveness,1,5,4,5,1,4,4,2
session_060,survey_053,annotator_135,Man,18-24,clip_0588,18,speaker_074,Female,7,elevenlabs,1,3,2,3,4,2,2,3
session_081,survey_068,annotator_187,Man,35-44,clip_0783,10,speaker_032,Male,2,chatterbox,1,2,1,3,3,2,2,2
session_084,survey_003,annotator_001,Man,35-44,clip_2441,11,speaker_023,Male,6,elevenlabs_low_expressiveness,0,3,1,1,1,1,1,1
session_079,survey_170,annotator_108,Woman,35-44,clip_1352,7,speaker_034,Male,6,coqui_xtts,0,2,1,3,1,2,3,2
session_080,survey_049,annotator_128,Man,18-24,clip_1328,9,speaker_032,Male,2,coqui_xtts,0,3,3,2,3,4,2,2
session_084,survey_003,annotator_001,Man,35-44,clip_2697,12,speaker_048,Male,8,elevenlabs_low_expressiveness,1,4,2,4,3,1,2,1
session_081,survey_068,annotator_187,Man,35-44,clip_1786,11,speaker_065,Male,4,chatterbox,0,1,2,3,2,2,2,2
session_079,survey_170,annotator_108,Woman,35-44,clip_1353,8,speaker_034,Male,6,coqui_xtts,1,4,3,4,3,2,3,2
session_084,survey_003,annotator_001,Man,35-44,clip_2337,13,speaker_013,Male,7,elevenlabs_low_expressiveness,0,5,3,5,1,2,4,2
session_080,survey_049,annotator_128,Man,18-24,clip_1154,10,speaker_009,Male,4,coqui_xtts,0,2,3,2,3,2,3,2
session_069,survey_218,annotator_012,Man,25-34,clip_2238,14,speaker_002,Male,1,elevenlabs_low_expressiveness,1,3,2,4,2,2,2,3
session_081,survey_068,annotator_187,Man,35-44,clip_1885,12,speaker_035,Male,8,chatterbox,0,1,1,2,1,1,2,1
session_079,survey_170,annotator_108,Woman,35-44,clip_1777,9,speaker_035,Male,4,coqui_xtts,0,2,1,3,2,3,2,3
session_084,survey_003,annotator_001,Man,35-44,clip_2798,14,speaker_058,Male,7,elevenlabs_low_expressiveness,1,4,4,5,2,4,3,2
session_081,survey_068,annotator_187,Man,35-44,clip_1059,13,speaker_081,Male,9,chatterbox,1,3,3,5,4,3,4,3
session_084,survey_003,annotator_001,Man,35-44,clip_2368,15,speaker_016,Male,5,elevenlabs_low_expressiveness,1,5,3,2,1,1,3,1
session_080,survey_049,annotator_128,Man,18-24,clip_1894,11,speaker_063,Male,8,coqui_xtts,0,1,2,3,2,2,2,1
session_084,survey_003,annotator_001,Man,35-44,clip_2367,16,speaker_016,Male,5,elevenlabs_low_expressiveness,0,3,1,2,1,1,2,1
session_081,survey_068,annotator_187,Man,35-44,clip_0956,14,speaker_058,Male,2,chatterbox,0,1,1,3,1,2,2,2
session_079,survey_170,annotator_108,Woman,35-44,clip_1492,10,speaker_058,Male,3,coqui_xtts,0,4,2,4,1,2,2,2
session_080,survey_049,annotator_128,Man,18-24,clip_1243,12,speaker_018,Male,3,coqui_xtts,1,3,2,3,4,3,3,2
session_084,survey_003,annotator_001,Man,35-44,clip_2459,17,speaker_026,Male,4,elevenlabs_low_expressiveness,0,2,2,5,1,3,4,2
session_084,survey_003,annotator_001,Man,35-44,clip_2260,18,speaker_006,Male,5,elevenlabs_low_expressiveness,1,5,5,4,2,4,5,3
session_081,survey_068,annotator_187,Man,35-44,clip_1058,15,speaker_081,Male,9,chatterbox,0,2,3,3,2,2,2,2
session_084,survey_003,annotator_001,Man,35-44,clip_2797,19,speaker_058,Male,7,elevenlabs_low_expressiveness,0,3,1,5,1,2,4,2
session_081,survey_068,annotator_187,Man,35-44,clip_0819,16,speaker_036,Male,9,chatterbox,1,2,2,3,2,4,2,2
session_080,survey_049,annotator_128,Man,18-24,clip_1329,13,speaker_032,Male,2,coqui_xtts,1,4,3,3,4,3,3,2
session_079,survey_170,annotator_108,Woman,35-44,clip_1479,11,speaker_057,Male,4,coqui_xtts,1,1,3,2,1,2,3,2
session_081,survey_068,annotator_187,Man,35-44,clip_2039,17,speaker_006,Male,9,chatterbox,1,1,1,3,2,2,2,2
session_080,survey_049,annotator_128,Man,18-24,clip_1187,14,speaker_013,Male,5,coqui_xtts,1,4,3,2,3,3,3,2
session_081,survey_068,annotator_187,Man,35-44,clip_1052,18,speaker_081,Male,3,chatterbox,0,3,3,4,3,2,3,3
session_079,survey_170,annotator_108,Woman,35-44,clip_1493,12,speaker_058,Male,3,coqui_xtts,1,2,1,4,2,3,3,4
session_081,survey_068,annotator_187,Man,35-44,clip_0658,19,speaker_010,Male,9,chatterbox,1,2,2,3,2,3,3,3
session_080,survey_049,annotator_128,Man,18-24,clip_2179,15,speaker_063,Male,8,coqui_xtts,1,1,2,1,2,2,2,1
session_081,survey_068,annotator_187,Man,35-44,clip_0763,20,speaker_029,Male,4,chatterbox,1,3,2,3,3,3,3,3
session_079,survey_170,annotator_108,Woman,35-44,clip_2202,13,speaker_075,Male,2,coqui_xtts,1,2,3,2,1,2,1,1
session_080,survey_049,annotator_128,Man,18-24,clip_1378,16,speaker_037,Male,1,coqui_xtts,0,5,4,3,4,3,4,3
session_099,survey_034,annotator_010,Man,45-54,clip_0325,10,speaker_039,Female,9,elevenlabs,0,3,1,2,1,3,2,2
session_079,survey_170,annotator_108,Woman,35-44,clip_2150,14,speaker_035,Male,5,coqui_xtts,1,3,4,3,2,2,4,3
session_080,survey_049,annotator_128,Man,18-24,clip_1155,17,speaker_009,Male,4,coqui_xtts,1,3,3,2,3,4,2,2
session_079,survey_170,annotator_108,Woman,35-44,clip_1802,15,speaker_035,Male,5,coqui_xtts,0,2,2,3,1,1,2,2
session_080,survey_049,annotator_128,Man,18-24,clip_1186,18,speaker_013,Male,5,coqui_xtts,0,2,3,2,3,2,3,2
session_079,survey_170,annotator_108,Woman,35-44,clip_1161,16,speaker_010,Male,2,coqui_xtts,1,4,3,4,1,2,3,4
session_080,survey_049,annotator_128,Man,18-24,clip_1794,19,speaker_080,Male,4,coqui_xtts,0,3,2,3,4,3,3,2
session_079,survey_170,annotator_108,Woman,35-44,clip_2149,17,speaker_035,Male,4,coqui_xtts,1,4,3,4,2,3,3,4
session_079,survey_170,annotator_108,Woman,35-44,clip_1260,19,speaker_022,Male,7,coqui_xtts,0,1,2,1,1,2,1,2
session_084,survey_003,annotator_001,Man,35-44,clip_2259,20,speaker_006,Male,5,elevenlabs_low_expressiveness,0,2,1,1,1,2,3,1
session_061,survey_172,annotator_114,Man,35-44,clip_2537,4,speaker_032,Male,6,elevenlabs_low_expressiveness,0,4,4,4,3,4,3,4
session_083,survey_120,annotator_186,Woman,18-24,clip_2153,1,speaker_035,Male,9,coqui_xtts,1,3,2,5,1,3,4,3
session_086,survey_074,annotator_112,Woman,35-44,clip_1132,1,speaker_005,Male,6,coqui_xtts,1,3,1,3,1,2,1,1
session_086,survey_074,annotator_112,Woman,35-44,clip_1907,2,speaker_006,Male,9,coqui_xtts,0,1,1,1,1,1,1,1
session_065,survey_193,annotator_144,Man,35-44,clip_2424,8,speaker_022,Male,2,elevenlabs_low_expressiveness,1,2,2,4,1,3,2,2
session_085,survey_135,annotator_191,Woman,25-34,clip_0097,1,speaker_013,Male,2,elevenlabs,0,3,1,1,1,4,2,1
session_083,survey_120,annotator_186,Woman,18-24,clip_1798,2,speaker_019,Male,5,coqui_xtts,0,5,1,4,1,1,2,2
session_086,survey_074,annotator_112,Woman,35-44,clip_1867,3,speaker_063,Male,7,coqui_xtts,0,3,1,2,1,1,1,1
session_065,survey_193,annotator_144,Man,35-44,clip_2373,9,speaker_016,Male,1,elevenlabs_low_expressiveness,0,1,1,2,1,2,2,2
session_086,survey_074,annotator_112,Woman,35-44,clip_1354,4,speaker_034,Male,7,coqui_xtts,0,1,1,1,1,1,1,1
session_086,survey_074,annotator_112,Woman,35-44,clip_1725,5,speaker_075,Male,2,coqui_xtts,0,2,1,1,1,1,1,1
session_083,survey_120,annotator_186,Woman,18-24,clip_1864,3,speaker_038,Male,7,coqui_xtts,0,5,2,2,1,3,4,3
session_086,survey_074,annotator_112,Woman,35-44,clip_1654,6,speaker_086,Male,1,coqui_xtts,0,3,1,1,1,1,1,1
session_057,survey_167,annotator_188,Woman,25-34,clip_0812,11,speaker_034,Male,1,chatterbox,0,4,2,1,1,2,3,2
session_083,survey_120,annotator_186,Woman,18-24,clip_1361,4,speaker_036,Male,3,coqui_xtts,1,1,1,1,1,1,1,1
session_085,survey_135,annotator_191,Woman,25-34,clip_1851,2,speaker_006,Male,7,elevenlabs,0,1,1,1,4,2,2,2
session_098,survey_036,annotator_154,Man,65+,clip_0476,1,speaker_057,Male,7,elevenlabs,1,4,3,5,1,4,4,1
session_086,survey_074,annotator_112,Woman,35-44,clip_1177,7,speaker_011,Male,7,coqui_xtts,1,1,1,1,1,1,1,1
session_083,survey_120,annotator_186,Woman,18-24,clip_1360,5,speaker_036,Male,3,coqui_xtts,0,4,2,2,2,3,1,1
session_094,survey_219,annotator_117,Woman,18-24,clip_0650,3,speaker_010,Male,3,chatterbox,1,1,1,4,3,2,3,3
session_083,survey_120,annotator_186,Woman,18-24,clip_1917,6,speaker_035,Male,9,coqui_xtts,0,3,2,3,3,3,3,2
session_086,survey_074,annotator_112,Woman,35-44,clip_2124,8,speaker_006,Male,9,coqui_xtts,1,1,1,1,1,1,1,1
session_082,survey_209,annotator_044,Woman,45-54,clip_2756,3,speaker_054,Male,1,elevenlabs_low_expressiveness,0,1,2,1,3,2,3,3
session_098,survey_036,annotator_154,Man,65+,clip_2003,2,speaker_063,Male,3,elevenlabs,1,2,1,2,1,1,1,1
session_086,survey_074,annotator_112,Woman,35-44,clip_1502,9,speaker_058,Male,9,coqui_xtts,0,1,1,1,1,1,1,1
session_091,survey_131,annotator_073,Woman,65+,clip_1239,7,speaker_017,Female,9,coqui_xtts,1,2,2,3,3,3,2,2
session_083,survey_120,annotator_186,Woman,18-24,clip_1173,7,speaker_011,Male,5,coqui_xtts,1,4,1,4,4,2,3,2
session_086,survey_074,annotator_112,Woman,35-44,clip_1176,10,speaker_011,Male,7,coqui_xtts,0,3,1,2,1,1,2,1
session_085,survey_135,annotator_191,Woman,25-34,clip_0003,3,speaker_001,Male,4,elevenlabs,0,3,2,2,3,2,2,1
session_056,survey_047,annotator_046,Man,55-64,clip_0741,12,speaker_025,Female,4,chatterbox,1,5,1,5,2,4,3,3
session_098,survey_036,annotator_154,Man,65+,clip_0106,3,speaker_013,Male,9,elevenlabs,1,5,3,5,2,4,3,1
session_075,survey_199,annotator_192,Woman,18-24,clip_2576,14,speaker_036,Male,5,elevenlabs_low_expressiveness,1,2,2,4,3,2,1,3
session_082,survey_209,annotator_044,Woman,45-54,clip_2297,4,speaker_010,Male,2,elevenlabs_low_expressiveness,0,1,1,1,2,1,4,1
session_083,survey_120,annotator_186,Woman,18-24,clip_2177,8,speaker_063,Male,6,coqui_xtts,1,4,3,4,1,3,4,2
session_098,survey_036,annotator_154,Man,65+,clip_1752,4,speaker_063,Male,3,elevenlabs,0,2,1,4,1,1,1,1
session_073,survey_136,annotator_025,Man,35-44,clip_0567,19,speaker_072,Female,7,elevenlabs,0,5,4,4,2,2,2,1
session_075,survey_199,annotator_192,Woman,18-24,clip_2746,17,speaker_054,Male,3,elevenlabs_low_expressiveness,0,3,2,1,2,1,2,3
session_085,survey_135,annotator_191,Woman,25-34,clip_0271,4,speaker_034,Male,2,elevenlabs,0,1,1,1,2,2,2,1
session_098,survey_036,annotator_154,Man,65+,clip_0278,5,speaker_034,Male,7,elevenlabs,1,5,3,1,1,4,3,1
session_082,survey_209,annotator_044,Woman,45-54,clip_2503,5,speaker_029,Male,7,elevenlabs_low_expressiveness,0,1,2,1,2,1,2,2
session_083,survey_120,annotator_186,Woman,18-24,clip_1264,9,speaker_022,Male,9,coqui_xtts,0,5,2,2,2,4,4,3
session_098,survey_036,annotator_154,Man,65+,clip_0302,6,speaker_037,Male,4,elevenlabs,1,5,4,5,2,4,4,1
session_086,survey_074,annotator_112,Woman,35-44,clip_1223,11,speaker_016,Male,4,coqui_xtts,1,3,1,3,2,2,3,3
session_083,survey_120,annotator_186,Woman,18-24,clip_1600,10,speaker_081,Male,8,coqui_xtts,0,5,2,2,2,4,4,2
session_086,survey_074,annotator_112,Woman,35-44,clip_1655,12,speaker_086,Male,1,coqui_xtts,1,2,1,1,1,1,1,1
session_098,survey_036,annotator_154,Man,65+,clip_0277,7,speaker_034,Male,7,elevenlabs,0,4,2,1,1,2,2,1
session_077,survey_204,annotator_168,Woman,35-44,clip_0162,20,speaker_022,Male,3,elevenlabs,1,4,3,1,2,2,1,1
session_082,survey_209,annotator_044,Woman,45-54,clip_2551,6,speaker_034,Male,3,elevenlabs_low_expressiveness,0,1,1,1,2,1,2,1
session_085,survey_135,annotator_191,Woman,25-34,clip_1795,5,speaker_006,Male,5,elevenlabs,0,2,2,1,1,2,2,1
session_086,survey_074,annotator_112,Woman,35-44,clip_1166,13,speaker_011,Male,2,coqui_xtts,0,3,2,2,2,1,2,2
session_083,survey_120,annotator_186,Woman,18-24,clip_1247,11,speaker_018,Male,5,coqui_xtts,1,5,1,4,2,2,3,2
session_098,survey_036,annotator_154,Man,65+,clip_0230,8,speaker_029,Male,8,elevenlabs,1,4,3,4,2,3,3,1
session_056,survey_047,annotator_046,Man,55-64,clip_0863,20,speaker_046,Female,5,chatterbox,1,3,3,1,1,2,3,2
session_098,survey_036,annotator_154,Man,65+,clip_0049,9,speaker_005,Male,1,elevenlabs,0,1,1,1,1,1,1,1
session_083,survey_120,annotator_186,Woman,18-24,clip_1246,12,speaker_018,Male,5,coqui_xtts,0,5,3,3,2,2,3,2
session_086,survey_074,annotator_112,Woman,35-44,clip_2178,14,speaker_063,Male,7,coqui_xtts,1,2,1,2,1,1,2,2
session_086,survey_074,annotator_112,Woman,35-44,clip_1167,15,speaker_011,Male,2,coqui_xtts,1,1,1,1,1,1,1,1
session_083,survey_120,annotator_186,Woman,18-24,clip_1265,13,speaker_022,Male,9,coqui_xtts,1,4,4,3,2,3,4,2
session_082,survey_209,annotator_044,Woman,45-54,clip_2499,7,speaker_029,Male,5,elevenlabs_low_expressiveness,0,3,3,2,1,2,3,3
session_085,survey_135,annotator_191,Woman,25-34,clip_0016,6,speaker_002,Male,7,elevenlabs,1,4,3,1,1,2,3,2
session_086,survey_074,annotator_112,Woman,35-44,clip_2202,16,speaker_075,Male,2,coqui_xtts,1,1,1,1,1,1,1,1
session_098,survey_036,annotator_154,Man,65+,clip_0252,10,speaker_031,Male,6,elevenlabs,1,5,5,5,4,4,4,1
session_086,survey_074,annotator_112,Woman,35-44,clip_1355,17,speaker_034,Male,7,coqui_xtts,1,2,1,1,1,1,1,1
session_098,survey_036,annotator_154,Man,65+,clip_0037,11,speaker_004,Male,7,elevenlabs,0,4,3,4,3,3,3,1
session_083,survey_120,annotator_186,Woman,18-24,clip_2157,14,speaker_038,Male,7,coqui_xtts,1,5,2,2,3,2,3,2
session_099,survey_034,annotator_010,Man,45-54,clip_0569,13,speaker_072,Female,8,elevenlabs,0,3,1,4,1,1,2,3
session_082,survey_209,annotator_044,Woman,45-54,clip_2568,8,speaker_035,Male,8,elevenlabs_low_expressiveness,1,4,3,3,1,4,3,3
session_086,survey_074,annotator_112,Woman,35-44,clip_1222,19,speaker_016,Male,4,coqui_xtts,0,1,1,1,1,3,1,1
session_098,survey_036,annotator_154,Man,65+,clip_0475,13,speaker_057,Male,7,elevenlabs,0,4,3,5,2,3,2,1
session_085,survey_135,annotator_191,Woman,25-34,clip_0015,7,speaker_002,Male,7,elevenlabs,0,2,3,1,1,2,2,1
session_083,survey_120,annotator_186,Woman,18-24,clip_1206,17,speaker_015,Male,4,coqui_xtts,0,5,1,1,1,4,4,2
session_083,survey_120,annotator_186,Woman,18-24,clip_1207,18,speaker_015,Male,4,coqui_xtts,1,5,2,5,2,4,3,2
session_098,survey_036,annotator_154,Man,65+,clip_0038,15,speaker_004,Male,7,elevenlabs,1,5,4,5,3,4,3,1
session_083,survey_120,annotator_186,Woman,18-24,clip_1172,20,speaker_011,Male,5,coqui_xtts,0,5,3,5,4,2,4,2
session_098,survey_036,annotator_154,Man,65+,clip_0005,16,speaker_001,Male,6,elevenlabs,0,2,1,5,1,3,3,1
session_098,survey_036,annotator_154,Man,65+,clip_0105,17,speaker_013,Male,9,elevenlabs,0,3,2,3,1,3,2,1
session_082,survey_209,annotator_044,Woman,45-54,clip_2532,10,speaker_031,Male,6,elevenlabs_low_expressiveness,1,4,2,2,3,2,3,3
session_098,survey_036,annotator_154,Man,65+,clip_0229,20,speaker_029,Male,8,elevenlabs,0,2,2,5,1,2,3,1
session_085,survey_135,annotator_191,Woman,25-34,clip_1939,9,speaker_006,Male,5,elevenlabs,1,2,3,1,1,2,1,1
session_085,survey_135,annotator_191,Woman,25-34,clip_0200,10,speaker_026,Male,3,elevenlabs,1,2,2,1,1,2,2,1
session_085,survey_135,annotator_191,Woman,25-34,clip_0407,11,speaker_048,Male,7,elevenlabs,0,1,1,2,1,1,1,1
session_085,survey_135,annotator_191,Woman,25-34,clip_0034,12,speaker_004,Male,4,elevenlabs,1,5,2,2,1,2,2,1
session_082,survey_209,annotator_044,Woman,45-54,clip_2522,14,speaker_030,Male,7,elevenlabs_low_expressiveness,1,4,2,4,3,2,4,3
session_082,survey_209,annotator_044,Woman,45-54,clip_2504,15,speaker_029,Male,7,elevenlabs_low_expressiveness,1,4,2,4,2,3,3,3
session_082,survey_209,annotator_044,Woman,45-54,clip_2335,16,speaker_013,Male,5,elevenlabs_low_expressiveness,0,3,2,3,3,3,4,3
session_085,survey_135,annotator_191,Woman,25-34,clip_0408,15,speaker_048,Male,7,elevenlabs,1,3,2,1,1,2,2,2
session_082,survey_209,annotator_044,Woman,45-54,clip_2604,18,speaker_038,Male,8,elevenlabs_low_expressiveness,1,2,1,3,3,4,2,2
session_082,survey_209,annotator_044,Woman,45-54,clip_2298,19,speaker_010,Male,2,elevenlabs_low_expressiveness,1,4,3,4,3,4,3,4
session_085,survey_135,annotator_191,Woman,25-34,clip_1941,17,speaker_006,Male,7,elevenlabs,1,3,2,2,2,2,2,2
session_085,survey_135,annotator_191,Woman,25-34,clip_0098,19,speaker_013,Male,2,elevenlabs,1,3,2,2,1,2,2,2
session_085,survey_135,annotator_191,Woman,25-34,clip_0199,20,speaker_026,Male,3,elevenlabs,0,1,1,1,2,1,1,1
session_077,survey_204,annotator_168,Woman,35-44,clip_1775,1,speaker_035,Male,4,elevenlabs,0,4,3,5,3,4,3,3
session_069,survey_218,annotator_012,Man,25-34,clip_2286,2,speaker_009,Male,2,elevenlabs_low_expressiveness,1,4,2,5,4,3,4,2
session_088,survey_077,annotator_124,Man,35-44,clip_0268,1,speaker_033,Male,8,elevenlabs,1,4,3,3,4,3,3,4
session_087,survey_045,annotator_062,Woman,25-34,clip_2611,1,speaker_039,Female,4,elevenlabs_low_expressiveness,0,5,1,3,1,1,3,4
session_088,survey_077,annotator_124,Man,35-44,clip_0030,2,speaker_003,Male,1,elevenlabs,1,4,3,4,4,4,2,3
session_089,survey_061,annotator_185,Woman,35-44,clip_0905,1,speaker_049,Female,8,chatterbox,1,2,2,3,1,3,2,2
session_090,survey_089,annotator_029,Man,65+,clip_0340,1,speaker_042,Female,7,elevenlabs,1,4,2,1,2,2,3,2
session_087,survey_045,annotator_062,Woman,25-34,clip_2618,2,speaker_039,Female,8,elevenlabs_low_expressiveness,1,5,4,5,1,4,4,5
session_089,survey_061,annotator_185,Woman,35-44,clip_2058,2,speaker_027,Female,9,chatterbox,1,4,1,4,2,3,4,4
session_058,survey_112,annotator_071,Man,25-34,clip_2578,8,speaker_036,Male,7,elevenlabs_low_expressiveness,1,3,2,5,1,5,4,4
session_090,survey_089,annotator_029,Man,65+,clip_0380,2,speaker_045,Female,9,elevenlabs,1,4,3,4,2,3,3,3
session_088,survey_077,annotator_124,Man,35-44,clip_2013,3,speaker_065,Male,5,elevenlabs,1,4,3,3,4,4,3,4
session_089,survey_061,annotator_185,Woman,35-44,clip_0853,3,speaker_044,Female,8,chatterbox,1,4,3,1,1,1,1,1
session_088,survey_077,annotator_124,Man,35-44,clip_0255,4,speaker_032,Male,9,elevenlabs,0,4,3,3,3,2,4,4
session_087,survey_045,annotator_062,Woman,25-34,clip_2473,3,speaker_027,Female,6,elevenlabs_low_expressiveness,0,5,1,3,1,3,2,3
session_090,survey_089,annotator_029,Man,65+,clip_0555,3,speaker_070,Female,6,elevenlabs,0,1,1,1,1,1,1,1
session_088,survey_077,annotator_124,Man,35-44,clip_0029,5,speaker_003,Male,1,elevenlabs,0,4,4,3,4,3,4,4
session_088,survey_077,annotator_124,Man,35-44,clip_1887,6,speaker_038,Male,8,elevenlabs,0,4,3,3,2,3,3,4
session_089,survey_061,annotator_185,Woman,35-44,clip_0933,4,speaker_056,Female,2,chatterbox,1,2,2,2,1,2,1,1
session_087,survey_045,annotator_062,Woman,25-34,clip_2419,4,speaker_021,Female,4,elevenlabs_low_expressiveness,0,3,1,1,1,2,2,2
session_090,survey_089,annotator_029,Man,65+,clip_0192,4,speaker_025,Female,5,elevenlabs,1,4,4,4,4,3,4,4
session_087,survey_045,annotator_062,Woman,25-34,clip_2474,5,speaker_027,Female,6,elevenlabs_low_expressiveness,1,5,5,5,1,4,4,3
session_089,survey_061,annotator_185,Woman,35-44,clip_0921,5,speaker_052,Female,2,chatterbox,1,2,1,1,2,2,3,3
session_088,survey_077,annotator_124,Man,35-44,clip_0083,7,speaker_010,Male,7,elevenlabs,0,4,3,3,3,4,3,3
session_088,survey_077,annotator_124,Man,35-44,clip_0084,8,speaker_010,Male,7,elevenlabs,1,4,4,3,3,4,4,3
session_090,survey_089,annotator_029,Man,65+,clip_0445,5,speaker_053,Female,7,elevenlabs,0,3,2,3,3,2,3,3
session_087,survey_045,annotator_062,Woman,25-34,clip_2617,6,speaker_039,Female,8,elevenlabs_low_expressiveness,0,4,1,3,2,2,3,3
session_082,survey_209,annotator_044,Woman,45-54,clip_2552,2,speaker_034,Male,3,elevenlabs_low_expressiveness,1,4,4,3,1,3,4,5
session_088,survey_077,annotator_124,Man,35-44,clip_1679,9,speaker_065,Male,1,elevenlabs,0,3,3,4,4,4,3,3
session_089,survey_061,annotator_185,Woman,35-44,clip_0829,6,speaker_039,Female,4,chatterbox,1,4,1,4,2,3,3,3
session_061,survey_172,annotator_114,Man,35-44,clip_2833,18,speaker_063,Male,5,elevenlabs_low_expressiveness,0,4,3,3,4,3,4,4
session_087,survey_045,annotator_062,Woman,25-34,clip_2627,7,speaker_041,Female,2,elevenlabs_low_expressiveness,0,5,1,4,2,2,3,3
session_088,survey_077,annotator_124,Man,35-44,clip_0481,10,speaker_057,Male,1,elevenlabs,0,4,4,3,3,4,3,4
session_090,survey_089,annotator_029,Man,65+,clip_1664,6,speaker_027,Female,1,elevenlabs,0,3,2,3,2,2,2,2
session_054,survey_201,annotator_174,Man,18-24,clip_2553,10,speaker_034,Male,4,elevenlabs_low_expressiveness,0,3,2,1,1,1,2,1
session_087,survey_045,annotator_062,Woman,25-34,clip_2905,8,speaker_071,Female,3,elevenlabs_low_expressiveness,0,5,1,3,1,1,3,3
session_088,survey_077,annotator_124,Man,35-44,clip_0103,11,speaker_013,Male,8,elevenlabs,0,4,3,4,4,4,3,4
session_089,survey_061,annotator_185,Woman,35-44,clip_1074,7,speaker_083,Female,9,chatterbox,0,3,2,2,2,3,2,2
session_088,survey_077,annotator_124,Man,35-44,clip_0257,12,speaker_033,Male,2,elevenlabs,0,4,3,3,3,4,4,3
session_090,survey_089,annotator_029,Man,65+,clip_0358,7,speaker_044,Female,7,elevenlabs,1,4,4,3,4,3,4,4
session_088,survey_077,annotator_124,Man,35-44,clip_0104,13,speaker_013,Male,8,elevenlabs,1,4,4,4,3,3,4,3
session_089,survey_061,annotator_185,Woman,35-44,clip_0834,8,speaker_039,Female,9,chatterbox,0,4,2,4,2,2,2,3
session_088,survey_077,annotator_124,Man,35-44,clip_0267,14,speaker_033,Male,8,elevenlabs,0,4,4,3,4,4,3,4
session_088,survey_077,annotator_124,Man,35-44,clip_1982,15,speaker_038,Male,8,elevenlabs,1,4,4,3,4,4,3,3
session_087,survey_045,annotator_062,Woman,25-34,clip_2737,9,speaker_053,Female,2,elevenlabs_low_expressiveness,1,5,1,4,2,1,3,3
session_090,survey_089,annotator_029,Man,65+,clip_0339,8,speaker_042,Female,7,elevenlabs,0,1,1,1,1,1,1,1
session_062,survey_189,annotator_043,Woman,25-34,clip_1019,14,speaker_072,Female,5,chatterbox,1,2,2,5,4,1,2,2
session_071,survey_176,annotator_075,Woman,55-64,clip_0165,8,speaker_022,Male,6,elevenlabs,0,1,1,1,1,1,1,1
session_087,survey_045,annotator_062,Woman,25-34,clip_2616,10,speaker_039,Female,6,elevenlabs_low_expressiveness,1,5,5,5,1,4,4,4
session_090,survey_089,annotator_029,Man,65+,clip_0446,9,speaker_053,Female,7,elevenlabs,1,5,5,5,3,4,4,5
session_087,survey_045,annotator_062,Woman,25-34,clip_2612,11,speaker_039,Female,4,elevenlabs_low_expressiveness,1,5,5,5,1,4,4,4
session_065,survey_193,annotator_144,Man,35-44,clip_2374,20,speaker_016,Male,1,elevenlabs_low_expressiveness,1,2,1,1,2,3,3,2
session_088,survey_077,annotator_124,Man,35-44,clip_0482,16,speaker_057,Male,1,elevenlabs,1,4,3,3,3,4,3,3
session_089,survey_061,annotator_185,Woman,35-44,clip_0852,9,speaker_044,Female,8,chatterbox,0,4,2,2,2,1,2,1
session_088,survey_077,annotator_124,Man,35-44,clip_0256,17,speaker_032,Male,9,elevenlabs,1,4,4,3,4,4,3,4
session_090,survey_089,annotator_029,Man,65+,clip_0556,10,speaker_070,Female,6,elevenlabs,1,5,5,5,3,5,4,5
session_087,survey_045,annotator_062,Woman,25-34,clip_2346,12,speaker_014,Female,3,elevenlabs_low_expressiveness,1,5,1,3,2,1,2,2
session_088,survey_077,annotator_124,Man,35-44,clip_0258,18,speaker_033,Male,2,elevenlabs,1,4,3,3,3,4,3,3
session_089,survey_061,annotator_185,Woman,35-44,clip_2050,10,speaker_020,Female,6,chatterbox,1,3,2,2,1,2,2,2
session_088,survey_077,annotator_124,Man,35-44,clip_2016,19,speaker_065,Male,1,elevenlabs,1,4,4,3,4,4,3,4
session_090,survey_089,annotator_029,Man,65+,clip_0357,11,speaker_044,Female,7,elevenlabs,0,2,1,1,2,1,1,1
session_088,survey_077,annotator_124,Man,35-44,clip_1810,20,speaker_065,Male,5,elevenlabs,0,3,4,4,4,3,3,4
session_087,survey_045,annotator_062,Woman,25-34,clip_2736,13,speaker_053,Female,2,elevenlabs_low_expressiveness,0,5,1,4,1,1,3,3
session_089,survey_061,annotator_185,Woman,35-44,clip_1075,11,speaker_083,Female,9,chatterbox,1,4,2,4,1,4,4,4
session_090,survey_089,annotator_029,Man,65+,clip_0379,12,speaker_045,Female,9,elevenlabs,0,4,2,1,1,1,1,1
session_089,survey_061,annotator_185,Woman,35-44,clip_0932,12,speaker_056,Female,2,chatterbox,0,2,2,1,2,2,1,1
session_090,survey_089,annotator_029,Man,65+,clip_0184,13,speaker_024,Female,9,elevenlabs,1,5,4,5,3,4,4,5
session_089,survey_061,annotator_185,Woman,35-44,clip_1826,13,speaker_020,Female,6,chatterbox,0,4,3,4,1,4,4,4
session_090,survey_089,annotator_029,Man,65+,clip_0183,14,speaker_024,Female,9,elevenlabs,0,1,1,1,1,1,1,1
session_089,survey_061,annotator_185,Woman,35-44,clip_0835,14,speaker_039,Female,9,chatterbox,1,4,2,4,3,2,3,2
session_090,survey_089,annotator_029,Man,65+,clip_0057,15,speaker_007,Female,6,elevenlabs,0,2,1,1,1,1,1,1
session_089,survey_061,annotator_185,Woman,35-44,clip_0904,15,speaker_049,Female,8,chatterbox,0,4,4,4,3,4,4,4
session_090,survey_089,annotator_029,Man,65+,clip_1970,16,speaker_027,Female,1,elevenlabs,1,5,5,5,4,4,4,5
session_089,survey_061,annotator_185,Woman,35-44,clip_0996,16,speaker_064,Female,1,chatterbox,0,4,3,4,4,2,4,4
session_089,survey_061,annotator_185,Woman,35-44,clip_0997,17,speaker_064,Female,1,chatterbox,1,3,2,3,3,2,2,2
session_090,survey_089,annotator_029,Man,65+,clip_0191,17,speaker_025,Female,5,elevenlabs,0,4,3,4,3,2,3,3
session_072,survey_180,annotator_157,Man,45-54,clip_2842,20,speaker_063,Male,1,elevenlabs_low_expressiveness,1,5,2,5,2,3,3,1
session_090,survey_089,annotator_029,Man,65+,clip_0058,18,speaker_007,Female,6,elevenlabs,1,4,3,3,2,2,2,2
session_089,survey_061,annotator_185,Woman,35-44,clip_0828,18,speaker_039,Female,4,chatterbox,0,4,4,1,3,2,2,3
session_089,survey_061,annotator_185,Woman,35-44,clip_0920,19,speaker_052,Female,2,chatterbox,0,4,2,3,2,2,2,3
session_090,survey_089,annotator_029,Man,65+,clip_0216,19,speaker_028,Female,6,elevenlabs,1,5,5,5,3,5,4,4
session_089,survey_061,annotator_185,Woman,35-44,clip_1914,20,speaker_027,Female,9,chatterbox,0,4,4,4,3,3,3,3
session_087,survey_045,annotator_062,Woman,25-34,clip_2445,14,speaker_024,Female,2,elevenlabs_low_expressiveness,0,5,1,4,1,2,3,4
session_094,survey_219,annotator_117,Woman,18-24,clip_0649,16,speaker_010,Male,3,chatterbox,0,4,2,5,4,4,4,4
session_090,survey_089,annotator_029,Man,65+,clip_0215,20,speaker_028,Female,6,elevenlabs,0,2,2,2,2,1,2,1
session_095,survey_202,annotator_047,Woman,45-54,clip_1934,10,speaker_077,Female,9,coqui_xtts,0,2,1,1,2,1,1,1
session_094,survey_219,annotator_117,Woman,18-24,clip_0773,19,speaker_030,Male,5,chatterbox,1,3,1,4,2,3,3,3
session_092,survey_065,annotator_152,Man,25-34,clip_0194,9,speaker_025,Female,7,elevenlabs,1,4,2,4,1,4,4,4
session_082,survey_209,annotator_044,Woman,45-54,clip_2603,9,speaker_038,Male,8,elevenlabs_low_expressiveness,0,1,1,1,2,1,3,3
session_087,survey_045,annotator_062,Woman,25-34,clip_2345,17,speaker_014,Female,3,elevenlabs_low_expressiveness,0,5,1,1,1,2,4,4
session_087,survey_045,annotator_062,Woman,25-34,clip_2628,19,speaker_041,Female,2,elevenlabs_low_expressiveness,1,5,1,2,1,2,4,4
session_107,survey_140,annotator_133,Woman,18-24,clip_2330,4,speaker_013,Male,2,elevenlabs_low_expressiveness,1,3,3,3,3,3,3,3
session_107,survey_140,annotator_133,Woman,18-24,clip_2385,5,speaker_018,Male,4,elevenlabs_low_expressiveness,0,2,3,3,3,4,4,3
session_119,survey_057,annotator_127,Woman,35-44,clip_2079,3,speaker_055,Female,4,chatterbox,1,4,4,3,4,4,4,3
session_160,survey_215,annotator_109,Man,25-34,clip_0855,1,speaker_045,Female,2,chatterbox,1,3,1,3,1,2,2,1
session_119,survey_057,annotator_127,Woman,35-44,clip_0912,5,speaker_050,Female,5,chatterbox,0,3,4,4,3,3,3,4
session_119,survey_057,annotator_127,Woman,35-44,clip_1023,7,speaker_072,Female,7,chatterbox,1,3,4,4,3,4,4,3
session_119,survey_057,annotator_127,Woman,35-44,clip_1781,9,speaker_055,Female,4,chatterbox,0,3,4,4,3,4,4,3
session_119,survey_057,annotator_127,Woman,35-44,clip_1002,10,speaker_069,Female,4,chatterbox,0,4,3,4,4,4,3,4
session_119,survey_057,annotator_127,Woman,35-44,clip_0698,12,speaker_017,Female,4,chatterbox,1,4,3,4,4,4,3,4
session_119,survey_057,annotator_127,Woman,35-44,clip_2055,14,speaker_027,Female,4,chatterbox,1,4,4,3,4,4,4,4
session_119,survey_057,annotator_127,Woman,35-44,clip_0756,16,speaker_028,Female,8,chatterbox,0,4,3,4,4,4,4,3
session_119,survey_057,annotator_127,Woman,35-44,clip_1933,17,speaker_077,Female,9,chatterbox,0,3,4,4,3,4,4,4
session_119,survey_057,annotator_127,Woman,35-44,clip_0757,19,speaker_028,Female,8,chatterbox,1,4,4,4,3,3,4,4
session_119,survey_057,annotator_127,Woman,35-44,clip_1022,1,speaker_072,Female,7,chatterbox,0,4,3,3,4,4,3,4
session_119,survey_057,annotator_127,Woman,35-44,clip_1774,2,speaker_027,Female,4,chatterbox,0,4,3,4,4,4,3,4
session_127,survey_005,annotator_031,Woman,35-44,clip_0212,3,speaker_028,Female,2,elevenlabs,1,5,1,5,2,2,3,2
session_129,survey_203,annotator_117,Woman,18-24,clip_2326,12,speaker_012,Female,7,elevenlabs_low_expressiveness,1,4,1,4,1,5,4,4
session_129,survey_203,annotator_117,Woman,18-24,clip_2882,13,speaker_068,Female,6,elevenlabs_low_expressiveness,1,4,1,5,3,4,5,4
session_127,survey_005,annotator_031,Woman,35-44,clip_0583,6,speaker_074,Female,3,elevenlabs,0,5,1,5,2,1,3,1
session_129,survey_203,annotator_117,Woman,18-24,clip_2733,15,speaker_052,Female,6,elevenlabs_low_expressiveness,1,4,1,5,1,3,3,2
session_129,survey_203,annotator_117,Woman,18-24,clip_2325,16,speaker_012,Female,7,elevenlabs_low_expressiveness,0,1,1,3,1,1,1,1
session_129,survey_203,annotator_117,Woman,18-24,clip_2665,17,speaker_046,Female,2,elevenlabs_low_expressiveness,1,5,1,1,3,4,4,3
session_127,survey_005,annotator_031,Woman,35-44,clip_0534,9,speaker_064,Female,1,elevenlabs,1,5,1,5,3,1,3,1
session_127,survey_005,annotator_031,Woman,35-44,clip_0055,10,speaker_007,Female,5,elevenlabs,0,5,1,1,1,2,2,2
session_127,survey_005,annotator_031,Woman,35-44,clip_0341,11,speaker_042,Female,8,elevenlabs,0,5,1,1,1,2,1,2
session_127,survey_005,annotator_031,Woman,35-44,clip_0325,12,speaker_039,Female,9,elevenlabs,0,5,1,2,1,1,1,1
session_127,survey_005,annotator_031,Woman,35-44,clip_0326,13,speaker_039,Female,9,elevenlabs,1,3,2,4,2,1,2,1
session_127,survey_005,annotator_031,Woman,35-44,clip_1843,15,speaker_066,Female,6,elevenlabs,0,5,1,1,1,1,1,1
session_127,survey_005,annotator_031,Woman,35-44,clip_0522,17,speaker_061,Female,6,elevenlabs,1,5,1,1,1,2,2,2
session_127,survey_005,annotator_031,Woman,35-44,clip_0447,19,speaker_053,Female,8,elevenlabs,0,5,1,4,1,2,2,2
session_127,survey_005,annotator_031,Woman,35-44,clip_0056,20,speaker_007,Female,5,elevenlabs,1,5,1,2,1,1,1,1
session_125,survey_076,annotator_126,Non-binary,35-44,clip_1589,2,speaker_078,Female,1,coqui_xtts,1,4,4,5,3,4,4,5
session_125,survey_076,annotator_126,Non-binary,35-44,clip_2136,4,speaker_020,Female,3,coqui_xtts,1,4,4,5,4,3,4,4
session_125,survey_076,annotator_126,Non-binary,35-44,clip_1588,6,speaker_078,Female,1,coqui_xtts,0,5,5,5,3,4,4,5
session_125,survey_076,annotator_126,Non-binary,35-44,clip_1398,8,speaker_044,Female,9,coqui_xtts,0,3,3,3,3,4,3,4
session_125,survey_076,annotator_126,Non-binary,35-44,clip_1544,9,speaker_070,Female,4,coqui_xtts,0,4,3,3,2,2,3,3
session_125,survey_076,annotator_126,Non-binary,35-44,clip_1146,11,speaker_007,Female,7,coqui_xtts,1,4,3,5,3,4,4,4
session_125,survey_076,annotator_126,Non-binary,35-44,clip_1545,13,speaker_070,Female,4,coqui_xtts,1,3,3,4,2,3,3,3
session_125,survey_076,annotator_126,Non-binary,35-44,clip_1145,15,speaker_007,Female,7,coqui_xtts,0,4,3,2,3,4,4,4
session_125,survey_076,annotator_126,Non-binary,35-44,clip_1231,16,speaker_017,Female,2,coqui_xtts,1,4,4,5,4,4,4,4
session_125,survey_076,annotator_126,Non-binary,35-44,clip_1399,18,speaker_044,Female,9,coqui_xtts,1,4,4,4,3,3,4,4
session_125,survey_076,annotator_126,Non-binary,35-44,clip_1735,20,speaker_020,Female,3,coqui_xtts,0,3,3,2,2,3,3,3
session_128,survey_021,annotator_060,Woman,45-54,clip_0371,2,speaker_045,Female,5,elevenlabs,0,3,2,2,3,4,3,3
session_128,survey_021,annotator_060,Woman,45-54,clip_0438,4,speaker_052,Female,2,elevenlabs,1,5,4,5,4,5,4,4
session_128,survey_021,annotator_060,Woman,45-54,clip_0537,6,speaker_069,Female,3,elevenlabs,0,4,4,5,4,4,4,3
session_126,survey_040,annotator_111,Woman,35-44,clip_1623,1,speaker_084,Male,3,coqui_xtts,1,4,3,4,2,4,3,3
session_128,survey_021,annotator_060,Woman,45-54,clip_0524,8,speaker_061,Female,1,elevenlabs,1,4,4,4,3,4,4,3
session_126,survey_040,annotator_111,Woman,35-44,clip_2157,2,speaker_038,Male,7,coqui_xtts,1,4,2,4,4,3,4,4
session_128,survey_021,annotator_060,Woman,45-54,clip_0530,11,speaker_064,Female,5,elevenlabs,1,4,4,5,5,4,4,3
session_128,survey_021,annotator_060,Woman,45-54,clip_0437,12,speaker_052,Female,2,elevenlabs,0,4,4,3,3,4,4,3
session_126,survey_040,annotator_111,Woman,35-44,clip_1332,4,speaker_032,Male,1,coqui_xtts,0,4,3,4,3,4,4,4
session_128,survey_021,annotator_060,Woman,45-54,clip_0416,14,speaker_049,Female,7,elevenlabs,1,4,4,4,3,4,4,3
session_126,survey_040,annotator_111,Woman,35-44,clip_2129,6,speaker_019,Male,4,coqui_xtts,1,4,2,3,2,3,2,3
session_126,survey_040,annotator_111,Woman,35-44,clip_1250,8,speaker_018,Male,8,coqui_xtts,0,2,3,4,4,4,4,4
session_126,survey_040,annotator_111,Woman,35-44,clip_1864,9,speaker_038,Male,7,coqui_xtts,0,2,2,2,1,1,3,2
session_126,survey_040,annotator_111,Woman,35-44,clip_1341,11,speaker_033,Male,7,coqui_xtts,1,5,4,5,4,5,4,4
session_126,survey_040,annotator_111,Woman,35-44,clip_1605,13,speaker_081,Male,1,coqui_xtts,1,2,1,3,4,4,4,4
session_126,survey_040,annotator_111,Woman,35-44,clip_1107,15,speaker_002,Male,2,coqui_xtts,0,3,3,3,2,2,4,4
session_126,survey_040,annotator_111,Woman,35-44,clip_1333,16,speaker_032,Male,1,coqui_xtts,1,5,4,5,3,4,4,5
session_126,survey_040,annotator_111,Woman,35-44,clip_1210,18,speaker_015,Male,6,coqui_xtts,0,4,2,1,2,2,3,2
session_126,survey_040,annotator_111,Woman,35-44,clip_1191,20,speaker_013,Male,7,coqui_xtts,1,4,3,4,3,4,3,3
session_129,survey_203,annotator_117,Woman,18-24,clip_2470,3,speaker_027,Female,3,elevenlabs_low_expressiveness,1,4,2,5,1,4,4,4
session_129,survey_203,annotator_117,Woman,18-24,clip_2477,5,speaker_027,Female,8,elevenlabs_low_expressiveness,0,3,1,5,1,4,4,3
session_129,survey_203,annotator_117,Woman,18-24,clip_2664,7,speaker_046,Female,2,elevenlabs_low_expressiveness,0,3,1,1,1,3,4,3
session_129,survey_203,annotator_117,Woman,18-24,clip_2761,8,speaker_055,Female,9,elevenlabs_low_expressiveness,0,1,1,1,1,2,2,2
session_129,survey_203,annotator_117,Woman,18-24,clip_2870,10,speaker_066,Female,7,elevenlabs_low_expressiveness,1,4,1,2,1,4,3,3
session_128,survey_021,annotator_060,Woman,45-54,clip_0323,15,speaker_039,Female,8,elevenlabs,0,4,3,3,3,4,4,3
session_128,survey_021,annotator_060,Woman,45-54,clip_0415,17,speaker_049,Female,7,elevenlabs,0,3,3,4,2,3,3,2
session_128,survey_021,annotator_060,Woman,45-54,clip_0324,18,speaker_039,Female,8,elevenlabs,1,4,4,4,3,5,4,3
session_128,survey_021,annotator_060,Woman,45-54,clip_2031,20,speaker_071,Female,5,elevenlabs,1,4,3,2,2,4,4,3
session_107,survey_140,annotator_133,Woman,18-24,clip_2304,7,speaker_010,Male,7,elevenlabs_low_expressiveness,1,3,3,3,3,3,3,3
session_128,survey_021,annotator_060,Woman,45-54,clip_0221,1,speaker_028,Female,1,elevenlabs,0,3,4,2,4,3,3,2
session_130,survey_154,annotator_049,Woman,35-44,clip_2189,1,speaker_066,Female,8,coqui_xtts,1,3,1,4,3,2,2,2
session_130,survey_154,annotator_049,Woman,35-44,clip_1686,2,speaker_077,Female,1,coqui_xtts,0,4,5,3,1,3,5,3
session_130,survey_154,annotator_049,Woman,35-44,clip_1390,3,speaker_043,Female,5,coqui_xtts,0,2,3,2,2,4,4,4
session_130,survey_154,annotator_049,Woman,35-44,clip_1391,4,speaker_043,Female,5,coqui_xtts,1,4,3,5,2,3,4,3
session_130,survey_154,annotator_049,Woman,35-44,clip_1142,5,speaker_007,Female,2,coqui_xtts,1,4,4,5,3,4,4,5
session_130,survey_154,annotator_049,Woman,35-44,clip_1381,6,speaker_039,Female,2,coqui_xtts,1,5,3,5,2,4,4,5
session_130,survey_154,annotator_049,Woman,35-44,clip_1238,7,speaker_017,Female,9,coqui_xtts,0,5,4,1,3,3,4,3
session_130,survey_154,annotator_049,Woman,35-44,clip_2215,8,speaker_079,Female,1,coqui_xtts,1,3,1,5,3,2,4,3
session_130,survey_154,annotator_049,Woman,35-44,clip_1380,9,speaker_039,Female,2,coqui_xtts,0,3,2,3,4,3,4,4
session_130,survey_154,annotator_049,Woman,35-44,clip_1850,10,speaker_079,Female,6,coqui_xtts,0,4,4,5,4,3,4,4
session_130,survey_154,annotator_049,Woman,35-44,clip_1576,11,speaker_076,Female,8,coqui_xtts,0,4,1,2,2,4,4,4
session_130,survey_154,annotator_049,Woman,35-44,clip_1577,12,speaker_076,Female,8,coqui_xtts,1,4,5,5,4,2,2,2
session_130,survey_154,annotator_049,Woman,35-44,clip_2212,13,speaker_079,Female,6,coqui_xtts,1,4,2,3,2,4,4,3
session_130,survey_154,annotator_049,Woman,35-44,clip_1239,14,speaker_017,Female,9,coqui_xtts,1,4,4,3,2,3,3,3
session_130,survey_154,annotator_049,Woman,35-44,clip_1141,15,speaker_007,Female,2,coqui_xtts,0,4,2,1,3,3,3,3
session_130,survey_154,annotator_049,Woman,35-44,clip_2214,16,speaker_079,Female,9,coqui_xtts,1,3,2,5,1,4,4,4
session_130,survey_154,annotator_049,Woman,35-44,clip_2208,17,speaker_077,Female,1,coqui_xtts,1,3,2,4,4,2,2,1
session_130,survey_154,annotator_049,Woman,35-44,clip_1688,18,speaker_079,Female,1,coqui_xtts,0,5,4,5,4,3,3,3
session_130,survey_154,annotator_049,Woman,35-44,clip_1936,19,speaker_079,Female,9,coqui_xtts,0,5,3,5,3,4,3,3
session_130,survey_154,annotator_049,Woman,35-44,clip_1899,20,speaker_066,Female,8,coqui_xtts,0,1,1,1,1,1,2,1
session_159,survey_139,annotator_136,Man,45-54,clip_2113,3,speaker_079,Female,6,chatterbox,1,4,4,5,3,4,4,3
session_160,survey_215,annotator_109,Man,25-34,clip_0840,5,speaker_040,Female,7,chatterbox,0,4,3,4,1,4,4,1
session_169,survey_006,annotator_076,Man,25-34,clip_1916,3,speaker_035,Male,9,chatterbox,0,2,2,2,1,4,4,3
session_160,survey_215,annotator_109,Man,25-34,clip_1737,12,speaker_027,Female,3,chatterbox,0,4,1,4,1,2,4,1
session_169,survey_006,annotator_076,Man,25-34,clip_0645,4,speaker_009,Male,7,chatterbox,0,4,2,5,1,4,4,3
session_169,survey_006,annotator_076,Man,25-34,clip_1086,5,speaker_085,Male,5,chatterbox,0,2,1,3,1,3,2,2
session_169,survey_006,annotator_076,Man,25-34,clip_0707,6,speaker_018,Male,5,chatterbox,1,3,3,5,1,4,4,3
session_169,survey_006,annotator_076,Man,25-34,clip_1087,7,speaker_085,Male,5,chatterbox,1,5,4,5,2,3,3,3
session_169,survey_006,annotator_076,Man,25-34,clip_1834,8,speaker_038,Male,6,chatterbox,0,2,3,5,1,4,3,3
session_169,survey_006,annotator_076,Man,25-34,clip_2088,9,speaker_065,Male,4,chatterbox,1,5,2,5,1,4,5,4
session_169,survey_006,annotator_076,Man,25-34,clip_0647,10,speaker_009,Male,1,chatterbox,0,4,4,4,1,3,4,3
session_169,survey_006,annotator_076,Man,25-34,clip_0706,11,speaker_018,Male,5,chatterbox,0,4,3,5,1,3,3,3
session_169,survey_006,annotator_076,Man,25-34,clip_1786,12,speaker_065,Male,4,chatterbox,0,2,1,2,1,2,2,1
session_169,survey_006,annotator_076,Man,25-34,clip_0648,13,speaker_009,Male,1,chatterbox,1,2,3,2,1,2,2,2
session_169,survey_006,annotator_076,Man,25-34,clip_0704,14,speaker_018,Male,3,chatterbox,0,2,2,4,1,4,3,2
session_169,survey_006,annotator_076,Man,25-34,clip_2063,15,speaker_035,Male,9,chatterbox,1,4,4,5,2,4,4,4
session_169,survey_006,annotator_076,Man,25-34,clip_0780,16,speaker_031,Male,7,chatterbox,0,3,3,1,2,3,3,3
session_169,survey_006,annotator_076,Man,25-34,clip_0710,17,speaker_018,Male,8,chatterbox,0,4,4,5,3,4,3,3
session_169,survey_006,annotator_076,Man,25-34,clip_2066,18,speaker_038,Male,6,chatterbox,1,3,2,4,1,4,3,3
session_169,survey_006,annotator_076,Man,25-34,clip_0646,19,speaker_009,Male,7,chatterbox,1,4,5,5,2,4,4,3
session_169,survey_006,annotator_076,Man,25-34,clip_0711,20,speaker_018,Male,8,chatterbox,1,3,2,4,2,4,3,3
session_186,survey_004,annotator_196,Man,35-44,clip_0088,2,speaker_011,Male,3,elevenlabs,1,3,2,4,2,2,3,2
session_186,survey_004,annotator_196,Man,35-44,clip_0497,3,speaker_059,Male,2,elevenlabs,0,2,3,4,2,2,2,2
session_186,survey_004,annotator_196,Man,35-44,clip_0087,4,speaker_011,Male,3,elevenlabs,0,4,2,2,2,2,2,2
session_186,survey_004,annotator_196,Man,35-44,clip_0174,5,speaker_023,Male,4,elevenlabs,1,2,3,2,2,2,2,2
session_186,survey_004,annotator_196,Man,35-44,clip_0498,6,speaker_059,Male,2,elevenlabs,1,1,1,1,1,1,2,1
session_186,survey_004,annotator_196,Man,35-44,clip_0298,7,speaker_036,Male,1,elevenlabs,1,1,2,2,1,1,2,2
session_186,survey_004,annotator_196,Man,35-44,clip_1769,8,speaker_019,Male,4,elevenlabs,0,2,2,3,2,2,2,2
session_186,survey_004,annotator_196,Man,35-44,clip_0283,9,speaker_036,Male,2,elevenlabs,0,2,2,1,2,2,2,2
session_186,survey_004,annotator_196,Man,35-44,clip_0284,10,speaker_036,Male,2,elevenlabs,1,2,3,4,2,3,2,2
session_186,survey_004,annotator_196,Man,35-44,clip_0297,11,speaker_036,Male,1,elevenlabs,0,2,2,1,2,2,2,2
session_186,survey_004,annotator_196,Man,35-44,clip_1723,12,speaker_075,Male,2,elevenlabs,0,2,2,1,2,2,2,2
session_186,survey_004,annotator_196,Man,35-44,clip_0173,13,speaker_023,Male,4,elevenlabs,0,3,2,1,2,2,2,2
session_186,survey_004,annotator_196,Man,35-44,clip_0062,14,speaker_008,Male,4,elevenlabs,1,3,2,3,2,2,2,2
session_186,survey_004,annotator_196,Man,35-44,clip_0061,15,speaker_008,Male,4,elevenlabs,0,2,2,1,2,2,2,2
session_186,survey_004,annotator_196,Man,35-44,clip_0403,16,speaker_048,Male,5,elevenlabs,0,2,2,3,2,2,2,2
session_186,survey_004,annotator_196,Man,35-44,clip_2033,17,speaker_075,Male,2,elevenlabs,1,2,2,3,2,2,2,2
session_129,survey_203,annotator_117,Woman,18-24,clip_2704,1,speaker_049,Female,6,elevenlabs_low_expressiveness,0,3,1,4,2,4,4,4
session_125,survey_076,annotator_126,Non-binary,35-44,clip_2190,1,speaker_066,Female,9,coqui_xtts,1,1,2,4,3,2,3,3
session_131,survey_145,annotator_059,Woman,45-54,clip_2716,1,speaker_050,Female,7,elevenlabs_low_expressiveness,0,2,1,1,1,1,1,1
session_132,survey_159,annotator_107,Woman,18-24,clip_0341,1,speaker_042,Female,8,elevenlabs,0,4,3,4,3,4,5,3
session_131,survey_145,annotator_059,Woman,45-54,clip_2899,2,speaker_070,Female,3,elevenlabs_low_expressiveness,0,1,1,1,1,1,1,1
session_131,survey_145,annotator_059,Woman,45-54,clip_2900,3,speaker_070,Female,3,elevenlabs_low_expressiveness,1,4,1,4,3,2,4,4
session_132,survey_159,annotator_107,Woman,18-24,clip_0141,2,speaker_017,Female,7,elevenlabs,0,3,4,5,4,3,4,5
session_131,survey_145,annotator_059,Woman,45-54,clip_2322,4,speaker_012,Female,2,elevenlabs_low_expressiveness,1,4,3,4,4,2,4,4
session_131,survey_145,annotator_059,Woman,45-54,clip_2680,5,speaker_047,Female,7,elevenlabs_low_expressiveness,0,4,3,4,3,2,3,3
session_132,survey_159,annotator_107,Woman,18-24,clip_1983,3,speaker_041,Female,2,elevenlabs,1,5,4,5,4,3,4,3
session_131,survey_145,annotator_059,Woman,45-54,clip_2618,6,speaker_039,Female,8,elevenlabs_low_expressiveness,1,4,1,2,2,4,4,4
session_131,survey_145,annotator_059,Woman,45-54,clip_2672,7,speaker_046,Female,8,elevenlabs_low_expressiveness,0,1,1,1,1,2,2,2
session_132,survey_159,annotator_107,Woman,18-24,clip_0322,4,speaker_039,Female,7,elevenlabs,1,3,4,5,3,4,5,4
session_131,survey_145,annotator_059,Woman,45-54,clip_2649,8,speaker_044,Female,9,elevenlabs_low_expressiveness,0,3,2,1,1,3,3,3
session_132,survey_159,annotator_107,Woman,18-24,clip_0338,5,speaker_042,Female,4,elevenlabs,1,5,3,3,4,5,4,3
session_131,survey_145,annotator_059,Woman,45-54,clip_2880,9,speaker_068,Female,5,elevenlabs_low_expressiveness,1,4,3,4,2,4,4,4
session_131,survey_145,annotator_059,Woman,45-54,clip_2617,10,speaker_039,Female,8,elevenlabs_low_expressiveness,0,2,2,2,2,2,2,2
session_132,survey_159,annotator_107,Woman,18-24,clip_0342,6,speaker_042,Female,8,elevenlabs,1,4,5,4,3,3,4,5
session_131,survey_145,annotator_059,Woman,45-54,clip_2879,11,speaker_068,Female,5,elevenlabs_low_expressiveness,0,3,2,4,2,3,3,3
session_131,survey_145,annotator_059,Woman,45-54,clip_2717,12,speaker_050,Female,7,elevenlabs_low_expressiveness,1,5,4,5,1,5,5,5
session_132,survey_159,annotator_107,Woman,18-24,clip_0452,7,speaker_053,Female,1,elevenlabs,1,4,3,4,5,4,3,4
session_131,survey_145,annotator_059,Woman,45-54,clip_2669,13,speaker_046,Female,6,elevenlabs_low_expressiveness,1,2,2,1,1,3,3,3
session_131,survey_145,annotator_059,Woman,45-54,clip_2668,14,speaker_046,Female,6,elevenlabs_low_expressiveness,0,2,1,1,1,2,2,2
session_132,survey_159,annotator_107,Woman,18-24,clip_0350,8,speaker_043,Female,6,elevenlabs,1,4,5,3,4,5,3,4
session_131,survey_145,annotator_059,Woman,45-54,clip_2445,15,speaker_024,Female,2,elevenlabs_low_expressiveness,0,1,1,3,1,1,1,1
session_131,survey_145,annotator_059,Woman,45-54,clip_2446,16,speaker_024,Female,2,elevenlabs_low_expressiveness,1,5,4,4,3,4,4,4
session_132,survey_159,annotator_107,Woman,18-24,clip_0386,9,speaker_046,Female,6,elevenlabs,1,5,4,3,4,5,3,4
session_131,survey_145,annotator_059,Woman,45-54,clip_2321,17,speaker_012,Female,2,elevenlabs_low_expressiveness,0,1,1,4,1,1,1,1
session_132,survey_159,annotator_107,Woman,18-24,clip_0385,10,speaker_046,Female,6,elevenlabs,0,3,4,5,4,3,4,3
session_131,survey_145,annotator_059,Woman,45-54,clip_2673,18,speaker_046,Female,8,elevenlabs_low_expressiveness,1,5,4,2,2,4,4,4
session_132,survey_159,annotator_107,Woman,18-24,clip_1704,11,speaker_041,Female,2,elevenlabs,0,5,4,3,4,5,3,4
session_131,survey_145,annotator_059,Woman,45-54,clip_2681,19,speaker_047,Female,7,elevenlabs_low_expressiveness,1,2,2,5,4,2,2,2
session_132,survey_159,annotator_107,Woman,18-24,clip_0138,12,speaker_017,Female,4,elevenlabs,1,4,5,3,4,5,4,3
session_131,survey_145,annotator_059,Woman,45-54,clip_2650,20,speaker_044,Female,9,elevenlabs_low_expressiveness,1,4,4,5,4,1,3,3
session_132,survey_159,annotator_107,Woman,18-24,clip_0349,13,speaker_043,Female,6,elevenlabs,0,4,3,4,5,3,4,3
session_132,survey_159,annotator_107,Woman,18-24,clip_0142,14,speaker_017,Female,7,elevenlabs,1,3,4,5,4,3,4,5
session_132,survey_159,annotator_107,Woman,18-24,clip_0321,15,speaker_039,Female,7,elevenlabs,0,4,5,3,4,5,3,4
session_132,survey_159,annotator_107,Woman,18-24,clip_0576,16,speaker_073,Female,3,elevenlabs,1,3,4,5,4,3,4,5
session_132,survey_159,annotator_107,Woman,18-24,clip_0337,17,speaker_042,Female,4,elevenlabs,0,4,5,3,4,5,3,4
session_132,survey_159,annotator_107,Woman,18-24,clip_0451,18,speaker_053,Female,1,elevenlabs,0,3,4,5,4,3,4,5
session_132,survey_159,annotator_107,Woman,18-24,clip_0575,19,speaker_073,Female,3,elevenlabs,0,5,4,3,4,5,4,3
session_132,survey_159,annotator_107,Woman,18-24,clip_0137,20,speaker_017,Female,4,elevenlabs,0,4,5,3,4,5,4,3
session_170,survey_205,annotator_011,Woman,55-64,clip_1889,1,speaker_038,Male,8,coqui_xtts,0,2,2,3,3,3,3,2
session_170,survey_205,annotator_011,Woman,55-64,clip_1348,2,speaker_034,Male,2,coqui_xtts,0,2,3,2,3,2,2,2
session_170,survey_205,annotator_011,Woman,55-64,clip_2158,3,speaker_038,Male,8,coqui_xtts,1,2,3,3,2,3,3,2
session_170,survey_205,annotator_011,Woman,55-64,clip_1280,4,speaker_026,Male,3,coqui_xtts,0,2,3,3,3,3,4,3
session_170,survey_205,annotator_011,Woman,55-64,clip_1323,5,speaker_030,Male,8,coqui_xtts,1,3,4,3,3,4,3,3
session_170,survey_205,annotator_011,Woman,55-64,clip_1310,6,speaker_029,Male,8,coqui_xtts,0,4,3,4,3,3,3,3
session_168,survey_096,annotator_116,Woman,55-64,clip_2198,5,speaker_068,Female,8,coqui_xtts,1,5,3,4,3,3,3,3
session_170,survey_205,annotator_011,Woman,55-64,clip_1311,7,speaker_029,Male,8,coqui_xtts,1,4,3,3,3,4,3,3
session_170,survey_205,annotator_011,Woman,55-64,clip_1218,8,speaker_016,Male,2,coqui_xtts,0,3,2,3,4,3,2,3
session_170,survey_205,annotator_011,Woman,55-64,clip_1637,9,speaker_085,Male,6,coqui_xtts,1,3,4,3,3,3,3,4
session_170,survey_205,annotator_011,Woman,55-64,clip_1645,10,speaker_085,Male,1,coqui_xtts,1,2,3,4,4,3,3,3
session_170,survey_205,annotator_011,Woman,55-64,clip_1219,11,speaker_016,Male,2,coqui_xtts,1,2,3,4,3,4,4,4
session_170,survey_205,annotator_011,Woman,55-64,clip_1281,12,speaker_026,Male,3,coqui_xtts,1,4,4,3,3,3,4,3
session_170,survey_205,annotator_011,Woman,55-64,clip_1435,13,speaker_048,Male,3,coqui_xtts,1,4,3,3,2,3,3,3
session_170,survey_205,annotator_011,Woman,55-64,clip_1322,14,speaker_030,Male,8,coqui_xtts,0,3,3,4,3,3,4,3
session_170,survey_205,annotator_011,Woman,55-64,clip_1636,15,speaker_085,Male,6,coqui_xtts,0,3,4,3,4,4,3,3
session_170,survey_205,annotator_011,Woman,55-64,clip_1878,16,speaker_006,Male,8,coqui_xtts,0,1,1,2,1,2,3,2
session_166,survey_211,annotator_155,Woman,65+,clip_0194,18,speaker_025,Female,7,elevenlabs,1,4,1,4,1,3,3,3
session_170,survey_205,annotator_011,Woman,55-64,clip_1644,17,speaker_085,Male,1,coqui_xtts,0,1,1,1,1,1,1,1
session_170,survey_205,annotator_011,Woman,55-64,clip_1349,18,speaker_034,Male,2,coqui_xtts,1,1,1,1,1,1,2,1
session_170,survey_205,annotator_011,Woman,55-64,clip_1434,19,speaker_048,Male,3,coqui_xtts,0,1,1,2,1,1,2,1
session_170,survey_205,annotator_011,Woman,55-64,clip_2123,20,speaker_006,Male,8,coqui_xtts,1,1,2,2,1,1,2,1
session_186,survey_004,annotator_196,Man,35-44,clip_0404,18,speaker_048,Male,5,elevenlabs,1,2,3,3,2,2,2,2
session_186,survey_004,annotator_196,Man,35-44,clip_1951,19,speaker_019,Male,4,elevenlabs,1,3,2,3,2,2,2,2
session_186,survey_004,annotator_196,Man,35-44,clip_0197,20,speaker_026,Male,2,elevenlabs,0,2,2,2,2,2,2,2
session_178,survey_081,annotator_008,Man,45-54,clip_1125,14,speaker_005,Male,2,coqui_xtts,0,1,3,2,1,4,2,4
session_179,survey_162,annotator_175,Woman,25-34,clip_2327,18,speaker_012,Female,1,elevenlabs_low_expressiveness,0,2,1,3,1,1,1,1
session_202,survey_110,annotator_029,Man,65+,clip_1529,1,speaker_064,Female,7,coqui_xtts,1,3,3,4,3,2,3,3
session_208,survey_031,annotator_087,Woman,45-54,clip_1992,11,speaker_054,Male,9,elevenlabs,1,3,1,1,1,1,1,1
session_212,survey_207,annotator_078,Man,25-34,clip_2155,17,speaker_038,Male,5,coqui_xtts,1,5,1,5,1,2,3,3
session_216,survey_033,annotator_130,Man,35-44,clip_1014,20,speaker_072,Female,2,chatterbox,0,3,2,4,3,2,2,1
session_129,survey_203,annotator_117,Woman,18-24,clip_2478,2,speaker_027,Female,8,elevenlabs_low_expressiveness,1,4,1,4,1,4,4,3
session_125,survey_076,annotator_126,Non-binary,35-44,clip_1573,3,speaker_076,Female,4,coqui_xtts,1,4,4,2,3,4,4,5
session_129,survey_203,annotator_117,Woman,18-24,clip_2677,4,speaker_047,Female,5,elevenlabs_low_expressiveness,1,3,1,4,2,4,4,3
session_128,survey_021,annotator_060,Woman,45-54,clip_0372,3,speaker_045,Female,5,elevenlabs,1,4,3,4,3,5,4,4
session_125,survey_076,annotator_126,Non-binary,35-44,clip_1395,5,speaker_044,Female,6,coqui_xtts,1,5,4,5,3,4,4,5
session_119,survey_057,annotator_127,Woman,35-44,clip_0827,4,speaker_039,Female,2,chatterbox,1,4,3,4,4,4,4,3
session_128,survey_021,annotator_060,Woman,45-54,clip_0529,5,speaker_064,Female,5,elevenlabs,0,3,4,4,4,4,4,3
session_129,survey_203,annotator_117,Woman,18-24,clip_2705,6,speaker_049,Female,6,elevenlabs_low_expressiveness,1,4,1,5,2,4,4,4
session_125,survey_076,annotator_126,Non-binary,35-44,clip_1394,7,speaker_044,Female,6,coqui_xtts,0,5,5,5,3,5,5,5
session_119,survey_057,annotator_127,Woman,35-44,clip_0826,6,speaker_039,Female,2,chatterbox,0,4,4,3,4,4,4,3
session_127,survey_005,annotator_031,Woman,35-44,clip_0521,1,speaker_061,Female,6,elevenlabs,0,4,2,1,1,2,3,1
session_119,survey_057,annotator_127,Woman,35-44,clip_1758,8,speaker_068,Female,3,chatterbox,0,4,3,4,4,3,4,4
session_119,survey_057,annotator_127,Woman,35-44,clip_0913,11,speaker_050,Female,5,chatterbox,1,4,4,3,3,3,4,4
session_128,survey_021,annotator_060,Woman,45-54,clip_1883,7,speaker_027,Female,8,elevenlabs,0,4,4,5,3,5,4,4
session_127,survey_005,annotator_031,Woman,35-44,clip_0584,2,speaker_074,Female,3,elevenlabs,1,4,1,5,2,1,3,1
session_129,survey_203,annotator_117,Woman,18-24,clip_2676,9,speaker_047,Female,5,elevenlabs_low_expressiveness,0,4,1,4,2,3,3,2
session_133,survey_050,annotator_069,Man,45-54,clip_2379,1,speaker_017,Female,9,elevenlabs_low_expressiveness,0,5,4,1,2,3,3,2
session_119,survey_057,annotator_127,Woman,35-44,clip_1003,13,speaker_069,Female,4,chatterbox,1,4,4,3,4,4,4,3
session_129,survey_203,annotator_117,Woman,18-24,clip_2469,11,speaker_027,Female,3,elevenlabs_low_expressiveness,0,4,1,4,1,4,4,4
session_128,survey_021,annotator_060,Woman,45-54,clip_0538,9,speaker_069,Female,3,elevenlabs,1,5,4,5,3,5,4,3
session_119,survey_057,annotator_127,Woman,35-44,clip_2098,15,speaker_068,Female,3,chatterbox,1,4,3,4,4,4,4,3
session_127,survey_005,annotator_031,Woman,35-44,clip_0533,4,speaker_064,Female,1,elevenlabs,0,5,1,4,1,3,3,2
session_125,survey_076,annotator_126,Non-binary,35-44,clip_1568,10,speaker_074,Female,9,coqui_xtts,0,4,3,4,2,4,4,4
session_128,survey_021,annotator_060,Woman,45-54,clip_1968,10,speaker_027,Female,8,elevenlabs,1,5,4,5,3,5,4,4
session_133,survey_050,annotator_069,Man,45-54,clip_2881,2,speaker_068,Female,6,elevenlabs_low_expressiveness,0,5,4,5,1,5,5,5
session_127,survey_005,annotator_031,Woman,35-44,clip_0448,5,speaker_053,Female,8,elevenlabs,1,5,1,3,1,2,3,1
session_125,survey_076,annotator_126,Non-binary,35-44,clip_1569,12,speaker_074,Female,9,coqui_xtts,1,4,3,4,3,3,3,4
session_119,survey_057,annotator_127,Woman,35-44,clip_2109,18,speaker_077,Female,9,chatterbox,1,4,3,3,3,4,4,3
session_126,survey_040,annotator_111,Woman,35-44,clip_1770,3,speaker_019,Male,4,coqui_xtts,0,4,2,4,3,4,2,3
session_133,survey_050,annotator_069,Man,45-54,clip_2380,3,speaker_017,Female,9,elevenlabs_low_expressiveness,1,3,5,1,4,3,4,2
session_119,survey_057,annotator_127,Woman,35-44,clip_0697,20,speaker_017,Female,4,chatterbox,0,4,3,4,4,4,3,4
session_129,survey_203,annotator_117,Woman,18-24,clip_2869,14,speaker_066,Female,7,elevenlabs_low_expressiveness,0,1,1,1,1,1,1,1
session_107,survey_140,annotator_133,Woman,18-24,clip_2430,9,speaker_022,Male,6,elevenlabs_low_expressiveness,1,4,4,4,4,4,4,4
session_133,survey_050,annotator_069,Man,45-54,clip_2725,4,speaker_051,Female,7,elevenlabs_low_expressiveness,1,5,5,5,1,5,5,5
session_125,survey_076,annotator_126,Non-binary,35-44,clip_1928,14,speaker_066,Female,9,coqui_xtts,0,2,2,3,3,4,3,2
session_127,survey_005,annotator_031,Woman,35-44,clip_0524,7,speaker_061,Female,1,elevenlabs,1,5,1,3,1,1,2,1
session_128,survey_021,annotator_060,Woman,45-54,clip_0222,13,speaker_028,Female,1,elevenlabs,1,4,4,5,4,4,4,3
session_107,survey_140,annotator_133,Woman,18-24,clip_2863,11,speaker_065,Male,1,elevenlabs_low_expressiveness,0,3,3,3,3,3,3,3
session_126,survey_040,annotator_111,Woman,35-44,clip_1604,5,speaker_081,Male,1,coqui_xtts,0,2,1,3,3,2,2,2
session_133,survey_050,annotator_069,Man,45-54,clip_2827,5,speaker_062,Female,3,elevenlabs_low_expressiveness,0,3,4,3,3,3,4,2
session_127,survey_005,annotator_031,Woman,35-44,clip_0523,8,speaker_061,Female,1,elevenlabs,0,5,1,1,1,2,2,1
session_133,survey_050,annotator_069,Man,45-54,clip_2924,6,speaker_072,Female,7,elevenlabs_low_expressiveness,1,5,3,5,3,5,4,5
session_125,survey_076,annotator_126,Non-binary,35-44,clip_1230,17,speaker_017,Female,2,coqui_xtts,0,4,4,1,4,4,4,4
session_129,survey_203,annotator_117,Woman,18-24,clip_2881,18,speaker_068,Female,6,elevenlabs_low_expressiveness,0,4,1,4,1,4,3,2
session_107,survey_140,annotator_133,Woman,18-24,clip_2432,14,speaker_022,Male,7,elevenlabs_low_expressiveness,1,4,4,4,4,4,4,4
session_133,survey_050,annotator_069,Man,45-54,clip_2724,7,speaker_051,Female,7,elevenlabs_low_expressiveness,0,5,5,5,3,3,5,4
session_128,survey_021,annotator_060,Woman,45-54,clip_1818,16,speaker_071,Female,5,elevenlabs,0,3,4,3,3,4,4,3
session_129,survey_203,annotator_117,Woman,18-24,clip_2732,19,speaker_052,Female,6,elevenlabs_low_expressiveness,0,2,1,4,1,4,3,2
session_126,survey_040,annotator_111,Woman,35-44,clip_1211,7,speaker_015,Male,6,coqui_xtts,1,3,3,4,3,4,4,4
session_129,survey_203,annotator_117,Woman,18-24,clip_2762,20,speaker_055,Female,9,elevenlabs_low_expressiveness,1,4,1,4,1,3,3,2
session_133,survey_050,annotator_069,Man,45-54,clip_2629,8,speaker_041,Female,3,elevenlabs_low_expressiveness,0,4,1,3,1,3,2,5
session_125,survey_076,annotator_126,Non-binary,35-44,clip_1572,19,speaker_076,Female,4,coqui_xtts,0,4,4,3,4,4,3,4
session_133,survey_050,annotator_069,Man,45-54,clip_2882,9,speaker_068,Female,6,elevenlabs_low_expressiveness,1,5,5,5,4,3,5,5
session_128,survey_021,annotator_060,Woman,45-54,clip_0523,19,speaker_061,Female,1,elevenlabs,0,4,3,3,3,5,4,2
session_107,survey_140,annotator_133,Woman,18-24,clip_2431,16,speaker_022,Male,7,elevenlabs_low_expressiveness,0,3,3,3,3,3,3,3
session_133,survey_050,annotator_069,Man,45-54,clip_2472,10,speaker_027,Female,5,elevenlabs_low_expressiveness,1,4,3,4,4,5,5,5
session_127,survey_005,annotator_031,Woman,35-44,clip_0211,14,speaker_028,Female,2,elevenlabs,0,5,1,4,1,2,1,2
session_107,survey_140,annotator_133,Woman,18-24,clip_2562,19,speaker_035,Male,3,elevenlabs_low_expressiveness,1,3,3,3,3,3,3,3
session_133,survey_050,annotator_069,Man,45-54,clip_2828,11,speaker_062,Female,3,elevenlabs_low_expressiveness,1,4,5,5,4,3,4,4
session_127,survey_005,annotator_031,Woman,35-44,clip_2018,16,speaker_066,Female,6,elevenlabs,1,4,3,5,2,1,2,1
session_133,survey_050,annotator_069,Man,45-54,clip_2325,12,speaker_012,Female,7,elevenlabs_low_expressiveness,0,4,4,4,4,3,4,3
session_127,survey_005,annotator_031,Woman,35-44,clip_0342,18,speaker_042,Female,8,elevenlabs,1,5,2,5,2,3,3,3
session_133,survey_050,annotator_069,Man,45-54,clip_2406,13,speaker_020,Female,2,elevenlabs_low_expressiveness,1,5,5,5,4,4,4,4
session_126,survey_040,annotator_111,Woman,35-44,clip_1190,10,speaker_013,Male,7,coqui_xtts,0,4,2,4,2,4,3,3
session_133,survey_050,annotator_069,Man,45-54,clip_2923,14,speaker_072,Female,7,elevenlabs_low_expressiveness,0,5,3,2,1,5,4,5
session_126,survey_040,annotator_111,Woman,35-44,clip_1108,12,speaker_002,Male,2,coqui_xtts,1,4,3,5,4,5,4,4
session_133,survey_050,annotator_069,Man,45-54,clip_2630,15,speaker_041,Female,3,elevenlabs_low_expressiveness,1,5,4,5,2,4,4,5
session_126,survey_040,annotator_111,Woman,35-44,clip_1251,14,speaker_018,Male,8,coqui_xtts,1,3,2,2,3,3,2,2
session_133,survey_050,annotator_069,Man,45-54,clip_2348,16,speaker_014,Female,6,elevenlabs_low_expressiveness,1,1,4,5,2,3,5,4
session_133,survey_050,annotator_069,Man,45-54,clip_2326,17,speaker_012,Female,7,elevenlabs_low_expressiveness,1,3,3,5,2,4,4,5
session_133,survey_050,annotator_069,Man,45-54,clip_2471,18,speaker_027,Female,5,elevenlabs_low_expressiveness,0,4,3,5,2,4,4,5
session_133,survey_050,annotator_069,Man,45-54,clip_2405,19,speaker_020,Female,2,elevenlabs_low_expressiveness,0,5,5,4,3,3,4,4
session_126,survey_040,annotator_111,Woman,35-44,clip_1622,17,speaker_084,Male,3,coqui_xtts,0,2,2,3,2,3,3,3
session_133,survey_050,annotator_069,Man,45-54,clip_2347,20,speaker_014,Female,6,elevenlabs_low_expressiveness,0,5,3,1,2,5,4,5
session_126,survey_040,annotator_111,Woman,35-44,clip_1340,19,speaker_033,Male,7,coqui_xtts,0,3,2,3,3,3,4,3
session_134,survey_191,annotator_119,Woman,55-64,clip_1221,1,speaker_016,Male,3,coqui_xtts,1,2,1,5,1,1,1,1
session_134,survey_191,annotator_119,Woman,55-64,clip_1341,2,speaker_033,Male,7,coqui_xtts,1,5,3,5,3,2,4,2
session_134,survey_191,annotator_119,Woman,55-64,clip_1309,3,speaker_029,Male,7,coqui_xtts,1,5,1,5,2,2,3,2
session_134,survey_191,annotator_119,Woman,55-64,clip_1308,4,speaker_029,Male,7,coqui_xtts,0,1,1,5,1,2,1,1
session_134,survey_191,annotator_119,Woman,55-64,clip_1351,5,speaker_034,Male,3,coqui_xtts,1,4,1,5,1,3,2,2
session_134,survey_191,annotator_119,Woman,55-64,clip_1220,6,speaker_016,Male,3,coqui_xtts,0,3,1,1,1,2,1,1
session_134,survey_191,annotator_119,Woman,55-64,clip_1710,7,speaker_054,Male,2,coqui_xtts,0,2,1,4,2,1,2,1
session_134,survey_191,annotator_119,Woman,55-64,clip_1182,8,speaker_013,Male,3,coqui_xtts,0,4,1,3,2,2,3,2
session_134,survey_191,annotator_119,Woman,55-64,clip_1604,9,speaker_081,Male,1,coqui_xtts,0,1,1,2,1,1,1,1
session_134,survey_191,annotator_119,Woman,55-64,clip_2169,10,speaker_054,Male,9,coqui_xtts,1,1,1,1,1,1,1,1
session_134,survey_191,annotator_119,Woman,55-64,clip_2166,11,speaker_054,Male,2,coqui_xtts,1,2,1,5,2,2,2,1
session_134,survey_191,annotator_119,Woman,55-64,clip_1183,12,speaker_013,Male,3,coqui_xtts,1,4,1,1,2,2,3,2
session_134,survey_191,annotator_119,Woman,55-64,clip_2203,13,speaker_075,Male,8,coqui_xtts,1,2,1,2,2,2,1,1
session_134,survey_191,annotator_119,Woman,55-64,clip_1902,14,speaker_075,Male,8,coqui_xtts,0,2,1,1,1,2,2,1
session_134,survey_191,annotator_119,Woman,55-64,clip_1340,15,speaker_033,Male,7,coqui_xtts,0,2,1,1,3,2,2,1
session_160,survey_215,annotator_109,Man,25-34,clip_1011,3,speaker_069,Female,1,chatterbox,1,4,3,4,1,4,4,1
session_169,survey_006,annotator_076,Man,25-34,clip_0705,1,speaker_018,Male,3,chatterbox,1,3,1,4,1,4,4,3
session_166,survey_211,annotator_155,Woman,65+,clip_0432,19,speaker_050,Female,7,elevenlabs,1,4,2,4,2,3,3,3
session_134,survey_191,annotator_119,Woman,55-64,clip_1130,16,speaker_005,Male,5,coqui_xtts,1,3,1,2,3,2,2,1
session_134,survey_191,annotator_119,Woman,55-64,clip_1350,17,speaker_034,Male,3,coqui_xtts,0,3,1,1,2,2,2,1
session_134,survey_191,annotator_119,Woman,55-64,clip_1605,18,speaker_081,Male,1,coqui_xtts,1,1,1,2,2,1,2,1
session_134,survey_191,annotator_119,Woman,55-64,clip_1921,19,speaker_054,Male,9,coqui_xtts,0,1,1,2,2,1,1,1
session_134,survey_191,annotator_119,Woman,55-64,clip_1129,20,speaker_005,Male,5,coqui_xtts,0,2,1,2,1,1,1,1
session_167,survey_117,annotator_139,Man,25-34,clip_2919,3,speaker_072,Female,5,elevenlabs_low_expressiveness,0,3,1,1,1,2,1,2
session_168,survey_096,annotator_116,Woman,55-64,clip_1449,16,speaker_050,Female,2,coqui_xtts,1,4,3,4,4,4,3,3
session_185,survey_115,annotator_182,Other,45-54,clip_0093,14,speaker_011,Male,9,elevenlabs,0,4,2,4,1,3,3,2
session_202,survey_110,annotator_029,Man,65+,clip_1293,12,speaker_028,Female,3,coqui_xtts,1,5,4,4,3,4,3,3
session_209,survey_071,annotator_007,Woman,55-64,clip_2825,11,speaker_061,Female,7,elevenlabs_low_expressiveness,0,4,4,1,2,2,2,2
session_220,survey_222,annotator_100,Woman,25-34,clip_2334,18,speaker_013,Male,4,elevenlabs_low_expressiveness,1,4,4,4,4,3,4,3
session_162,survey_083,annotator_161,Woman,45-54,clip_1306,3,speaker_029,Male,6,coqui_xtts,0,4,1,4,1,2,1,1
session_161,survey_132,annotator_020,Woman,45-54,clip_2714,20,speaker_050,Female,6,elevenlabs_low_expressiveness,0,3,1,3,1,3,3,3
session_188,survey_127,annotator_193,Man,35-44,clip_2674,1,speaker_047,Female,3,elevenlabs_low_expressiveness,0,1,1,4,1,1,1,1
session_188,survey_127,annotator_193,Man,35-44,clip_2269,2,speaker_007,Female,4,elevenlabs_low_expressiveness,0,3,1,1,1,4,4,3
session_188,survey_127,annotator_193,Man,35-44,clip_2712,3,speaker_050,Female,5,elevenlabs_low_expressiveness,0,2,1,2,1,3,1,1
session_188,survey_127,annotator_193,Man,35-44,clip_2639,4,speaker_043,Female,6,elevenlabs_low_expressiveness,0,4,3,1,1,4,3,3
session_188,survey_127,annotator_193,Man,35-44,clip_2675,5,speaker_047,Female,3,elevenlabs_low_expressiveness,1,4,4,4,2,4,3,4
session_188,survey_127,annotator_193,Man,35-44,clip_2270,6,speaker_007,Female,4,elevenlabs_low_expressiveness,1,4,3,1,3,3,3,2
session_188,survey_127,annotator_193,Man,35-44,clip_2682,7,speaker_047,Female,8,elevenlabs_low_expressiveness,0,4,3,5,4,4,4,4
session_188,survey_127,annotator_193,Man,35-44,clip_2911,8,speaker_071,Female,7,elevenlabs_low_expressiveness,0,4,3,1,1,5,4,3
session_188,survey_127,annotator_193,Man,35-44,clip_2718,9,speaker_050,Female,8,elevenlabs_low_expressiveness,0,4,3,1,2,5,4,4
session_188,survey_127,annotator_193,Man,35-44,clip_2719,10,speaker_050,Female,8,elevenlabs_low_expressiveness,1,5,4,4,2,5,4,4
session_188,survey_127,annotator_193,Man,35-44,clip_2739,11,speaker_053,Female,3,elevenlabs_low_expressiveness,1,2,3,1,2,4,2,2
session_188,survey_127,annotator_193,Man,35-44,clip_2730,12,speaker_052,Female,3,elevenlabs_low_expressiveness,0,2,1,1,1,5,2,3
session_188,survey_127,annotator_193,Man,35-44,clip_2912,13,speaker_071,Female,7,elevenlabs_low_expressiveness,1,5,5,5,3,4,4,5
session_188,survey_127,annotator_193,Man,35-44,clip_2652,14,speaker_044,Female,1,elevenlabs_low_expressiveness,1,4,1,1,3,1,2,2
session_185,survey_115,annotator_182,Other,45-54,clip_0495,15,speaker_058,Male,1,elevenlabs,0,3,1,3,1,1,2,1
session_198,survey_084,annotator_032,Man,55-64,clip_2464,7,speaker_026,Male,6,elevenlabs_low_expressiveness,1,5,3,5,3,3,3,1
session_188,survey_127,annotator_193,Man,35-44,clip_2640,15,speaker_043,Female,6,elevenlabs_low_expressiveness,1,2,1,3,2,1,3,3
session_188,survey_127,annotator_193,Man,35-44,clip_2738,16,speaker_053,Female,3,elevenlabs_low_expressiveness,0,1,1,1,1,2,1,1
session_188,survey_127,annotator_193,Man,35-44,clip_2731,17,speaker_052,Female,3,elevenlabs_low_expressiveness,1,5,3,5,1,4,4,5
session_188,survey_127,annotator_193,Man,35-44,clip_2713,18,speaker_050,Female,5,elevenlabs_low_expressiveness,1,4,3,4,1,4,3,4
session_188,survey_127,annotator_193,Man,35-44,clip_2683,19,speaker_047,Female,8,elevenlabs_low_expressiveness,1,3,1,4,1,5,3,4
session_188,survey_127,annotator_193,Man,35-44,clip_2651,20,speaker_044,Female,1,elevenlabs_low_expressiveness,0,4,1,1,1,4,2,2
session_210,survey_114,annotator_052,Woman,65+,clip_0936,1,speaker_056,Female,4,chatterbox,0,5,1,5,1,5,4,3
session_210,survey_114,annotator_052,Woman,65+,clip_1041,2,speaker_076,Female,5,chatterbox,1,5,1,5,1,5,4,3
session_210,survey_114,annotator_052,Woman,65+,clip_1903,3,speaker_077,Female,8,chatterbox,0,5,1,5,1,5,5,3
session_210,survey_114,annotator_052,Woman,65+,clip_1063,4,speaker_082,Female,3,chatterbox,1,5,1,5,1,5,5,3
session_195,survey_169,annotator_121,Man,35-44,clip_2256,17,speaker_005,Male,6,elevenlabs_low_expressiveness,1,4,4,5,4,3,4,3
session_210,survey_114,annotator_052,Woman,65+,clip_0830,5,speaker_039,Female,6,chatterbox,0,5,1,5,1,5,5,3
session_210,survey_114,annotator_052,Woman,65+,clip_0882,6,speaker_047,Female,7,chatterbox,0,5,1,5,1,5,5,2
session_210,survey_114,annotator_052,Woman,65+,clip_1040,7,speaker_076,Female,5,chatterbox,0,5,1,5,1,5,5,2
session_210,survey_114,annotator_052,Woman,65+,clip_0943,8,speaker_056,Female,1,chatterbox,1,5,1,5,1,5,5,3
session_210,survey_114,annotator_052,Woman,65+,clip_0942,9,speaker_056,Female,1,chatterbox,0,5,1,5,1,5,5,3
session_210,survey_114,annotator_052,Woman,65+,clip_1062,10,speaker_082,Female,3,chatterbox,0,5,1,5,1,5,5,2
session_210,survey_114,annotator_052,Woman,65+,clip_0831,11,speaker_039,Female,6,chatterbox,1,5,1,5,1,5,5,3
session_210,survey_114,annotator_052,Woman,65+,clip_0883,12,speaker_047,Female,7,chatterbox,1,5,1,5,1,5,5,3
session_213,survey_190,annotator_134,Man,55-64,clip_2550,10,speaker_034,Male,2,elevenlabs_low_expressiveness,1,3,1,4,1,3,3,3
session_210,survey_114,annotator_052,Woman,65+,clip_2108,13,speaker_077,Female,8,chatterbox,1,5,1,5,1,5,5,3
session_210,survey_114,annotator_052,Woman,65+,clip_0937,14,speaker_056,Female,4,chatterbox,1,5,1,5,1,5,5,3
session_210,survey_114,annotator_052,Woman,65+,clip_0987,15,speaker_061,Female,1,chatterbox,1,5,1,5,1,5,5,3
session_210,survey_114,annotator_052,Woman,65+,clip_1050,16,speaker_078,Female,4,chatterbox,0,5,1,5,1,5,5,4
session_210,survey_114,annotator_052,Woman,65+,clip_1051,17,speaker_078,Female,4,chatterbox,1,5,1,5,1,5,5,3
session_210,survey_114,annotator_052,Woman,65+,clip_0986,18,speaker_061,Female,1,chatterbox,0,5,1,5,1,5,5,3
session_210,survey_114,annotator_052,Woman,65+,clip_0864,19,speaker_046,Female,6,chatterbox,0,5,1,5,1,5,5,3
session_210,survey_114,annotator_052,Woman,65+,clip_0865,20,speaker_046,Female,6,chatterbox,1,5,1,5,1,5,5,3
session_220,survey_222,annotator_100,Woman,25-34,clip_2308,20,speaker_010,Male,1,elevenlabs_low_expressiveness,1,3,3,4,4,3,3,3
session_160,survey_215,annotator_109,Man,25-34,clip_0988,4,speaker_064,Female,2,chatterbox,0,1,1,4,1,1,2,1
session_164,survey_144,annotator_143,Man,25-34,clip_0163,2,speaker_022,Male,5,elevenlabs,0,3,2,4,2,3,4,4
session_192,survey_027,annotator_127,Woman,35-44,clip_0820,1,speaker_036,Male,1,chatterbox,0,4,3,4,4,4,3,4
session_192,survey_027,annotator_127,Woman,35-44,clip_0944,2,speaker_057,Male,2,chatterbox,0,4,4,4,3,3,4,4
session_192,survey_027,annotator_127,Woman,35-44,clip_0775,3,speaker_030,Male,7,chatterbox,1,4,4,3,4,4,4,3
session_192,survey_027,annotator_127,Woman,35-44,clip_0637,4,speaker_009,Male,3,chatterbox,0,4,4,3,4,4,4,3
session_192,survey_027,annotator_127,Woman,35-44,clip_0708,5,speaker_018,Male,6,chatterbox,0,4,4,3,3,4,4,4
session_192,survey_027,annotator_127,Woman,35-44,clip_0638,6,speaker_009,Male,3,chatterbox,1,3,4,3,4,3,4,4
session_192,survey_027,annotator_127,Woman,35-44,clip_1684,7,speaker_075,Male,1,chatterbox,0,3,4,4,4,3,3,4
session_192,survey_027,annotator_127,Woman,35-44,clip_0677,8,speaker_013,Male,1,chatterbox,0,3,4,4,3,4,4,4
session_192,survey_027,annotator_127,Woman,35-44,clip_0709,9,speaker_018,Male,6,chatterbox,1,3,4,3,4,4,4,3
session_192,survey_027,annotator_127,Woman,35-44,clip_0765,10,speaker_029,Male,5,chatterbox,1,3,4,4,3,3,4,4
session_192,survey_027,annotator_127,Woman,35-44,clip_0764,11,speaker_029,Male,5,chatterbox,0,4,3,4,4,4,3,3
session_192,survey_027,annotator_127,Woman,35-44,clip_0759,12,speaker_029,Male,2,chatterbox,1,4,4,3,3,4,4,4
session_192,survey_027,annotator_127,Woman,35-44,clip_0945,13,speaker_057,Male,2,chatterbox,1,4,3,4,3,3,3,4
session_192,survey_027,annotator_127,Woman,35-44,clip_0774,14,speaker_030,Male,7,chatterbox,0,4,4,4,2,3,3,3
session_192,survey_027,annotator_127,Woman,35-44,clip_2043,15,speaker_019,Male,6,chatterbox,1,4,4,3,3,4,4,4
session_192,survey_027,annotator_127,Woman,35-44,clip_1823,16,speaker_019,Male,6,chatterbox,0,4,4,3,4,4,4,3
session_192,survey_027,annotator_127,Woman,35-44,clip_2106,17,speaker_075,Male,1,chatterbox,1,4,4,4,2,3,3,4
session_192,survey_027,annotator_127,Woman,35-44,clip_0821,18,speaker_036,Male,1,chatterbox,1,4,4,4,3,4,4,4
session_192,survey_027,annotator_127,Woman,35-44,clip_0758,19,speaker_029,Male,2,chatterbox,0,4,4,4,3,3,4,4
session_192,survey_027,annotator_127,Woman,35-44,clip_0678,20,speaker_013,Male,1,chatterbox,1,4,4,4,3,4,4,4
session_178,survey_081,annotator_008,Man,45-54,clip_1356,17,speaker_034,Male,9,coqui_xtts,0,2,1,1,1,2,1,1
session_180,survey_064,annotator_050,Woman,45-54,clip_1517,18,speaker_060,Male,1,coqui_xtts,1,4,1,4,1,3,2,2
session_187,survey_026,annotator_052,Woman,65+,clip_0289,10,speaker_036,Male,6,elevenlabs,0,5,1,5,1,5,4,1
session_211,survey_093,annotator_013,Woman,35-44,clip_1027,1,speaker_072,Female,9,chatterbox,1,4,1,4,1,1,3,4
session_211,survey_093,annotator_013,Woman,35-44,clip_1017,2,speaker_072,Female,3,chatterbox,1,3,1,2,1,2,3,3
session_211,survey_093,annotator_013,Woman,35-44,clip_0921,3,speaker_052,Female,2,chatterbox,1,3,2,5,1,3,3,4
session_211,survey_093,annotator_013,Woman,35-44,clip_1774,4,speaker_027,Female,4,chatterbox,0,5,2,5,1,2,2,3
session_211,survey_093,annotator_013,Woman,35-44,clip_1046,5,speaker_078,Female,2,chatterbox,0,1,1,4,3,1,3,2
session_211,survey_093,annotator_013,Woman,35-44,clip_1047,6,speaker_078,Female,2,chatterbox,1,3,1,4,2,3,3,4
session_211,survey_093,annotator_013,Woman,35-44,clip_1005,7,speaker_069,Female,5,chatterbox,1,5,2,5,2,4,4,4
session_211,survey_093,annotator_013,Woman,35-44,clip_0879,8,speaker_047,Female,5,chatterbox,1,2,3,5,4,2,4,2
session_211,survey_093,annotator_013,Woman,35-44,clip_1792,9,speaker_079,Female,4,chatterbox,0,5,3,4,1,3,3,4
session_224,survey_163,annotator_094,Man,35-44,clip_0947,3,speaker_057,Male,4,chatterbox,1,2,4,3,1,1,2,1
session_211,survey_093,annotator_013,Woman,35-44,clip_1016,10,speaker_072,Female,3,chatterbox,0,2,1,2,1,5,3,5
session_211,survey_093,annotator_013,Woman,35-44,clip_0906,11,speaker_049,Female,9,chatterbox,0,1,1,5,1,2,1,1
session_211,survey_093,annotator_013,Woman,35-44,clip_1004,12,speaker_069,Female,5,chatterbox,0,4,1,4,1,3,2,4
session_211,survey_093,annotator_013,Woman,35-44,clip_2055,13,speaker_027,Female,4,chatterbox,1,4,3,5,3,3,4,3
session_211,survey_093,annotator_013,Woman,35-44,clip_1892,14,speaker_055,Female,8,chatterbox,0,1,2,1,1,1,2,1
session_211,survey_093,annotator_013,Woman,35-44,clip_2111,15,speaker_079,Female,4,chatterbox,1,3,3,5,4,2,3,3
session_213,survey_190,annotator_134,Man,55-64,clip_2444,5,speaker_023,Male,8,elevenlabs_low_expressiveness,1,3,1,1,2,3,3,3
session_211,survey_093,annotator_013,Woman,35-44,clip_2080,16,speaker_055,Female,8,chatterbox,1,1,3,4,4,2,3,2
session_211,survey_093,annotator_013,Woman,35-44,clip_0907,17,speaker_049,Female,9,chatterbox,1,1,1,5,3,1,3,1
session_211,survey_093,annotator_013,Woman,35-44,clip_0920,18,speaker_052,Female,2,chatterbox,0,4,1,3,1,4,3,4
session_211,survey_093,annotator_013,Woman,35-44,clip_1026,19,speaker_072,Female,9,chatterbox,0,4,1,5,1,5,4,5
session_211,survey_093,annotator_013,Woman,35-44,clip_0878,20,speaker_047,Female,5,chatterbox,0,4,3,5,3,4,4,3
session_166,survey_211,annotator_155,Woman,65+,clip_0564,6,speaker_072,Female,5,elevenlabs,1,4,1,4,1,4,4,3
session_160,survey_215,annotator_109,Man,25-34,clip_0854,15,speaker_045,Female,2,chatterbox,0,5,2,4,1,3,3,1
session_184,survey_002,annotator_004,Woman,55-64,clip_0104,3,speaker_013,Male,8,elevenlabs,1,3,2,5,2,2,2,1
session_178,survey_081,annotator_008,Man,45-54,clip_1482,18,speaker_057,Male,6,coqui_xtts,0,5,2,4,2,4,4,3
session_212,survey_207,annotator_078,Man,25-34,clip_2132,1,speaker_019,Male,7,coqui_xtts,1,4,1,5,1,3,3,2
session_212,survey_207,annotator_078,Man,25-34,clip_1805,2,speaker_038,Male,5,coqui_xtts,0,2,1,3,2,2,2,2
session_214,survey_090,annotator_163,Man,25-34,clip_2627,1,speaker_041,Female,2,elevenlabs_low_expressiveness,0,2,3,5,1,1,2,1
session_222,survey_025,annotator_194,Woman,35-44,clip_2012,1,speaker_065,Male,4,elevenlabs,1,5,1,5,3,4,4,4
session_212,survey_207,annotator_078,Man,25-34,clip_1267,3,speaker_023,Male,4,coqui_xtts,1,4,1,5,2,2,3,3
session_222,survey_025,annotator_194,Woman,35-44,clip_1785,2,speaker_065,Male,4,elevenlabs,0,3,1,1,1,1,1,1
session_212,survey_207,annotator_078,Man,25-34,clip_1806,4,speaker_054,Male,5,coqui_xtts,0,4,1,5,3,2,3,2
session_222,survey_025,annotator_194,Woman,35-44,clip_0148,3,speaker_018,Male,3,elevenlabs,1,5,5,5,5,5,5,5
session_214,survey_090,annotator_163,Man,25-34,clip_2652,2,speaker_044,Female,1,elevenlabs_low_expressiveness,1,5,1,1,4,2,4,4
session_222,survey_025,annotator_194,Woman,35-44,clip_0122,4,speaker_016,Male,3,elevenlabs,1,4,2,4,1,1,2,1
session_212,survey_207,annotator_078,Man,25-34,clip_1213,5,speaker_015,Male,7,coqui_xtts,1,5,1,5,1,4,4,4
session_222,survey_025,annotator_194,Woman,35-44,clip_0028,5,speaker_003,Male,9,elevenlabs,1,2,1,2,1,1,2,2
session_212,survey_207,annotator_078,Man,25-34,clip_1134,6,speaker_005,Male,7,coqui_xtts,1,5,1,5,2,2,3,3
session_222,survey_025,annotator_194,Woman,35-44,clip_0076,6,speaker_009,Male,9,elevenlabs,1,2,2,4,1,1,2,1
session_214,survey_090,annotator_163,Man,25-34,clip_2916,3,speaker_072,Female,3,elevenlabs_low_expressiveness,1,4,2,5,2,3,3,3
session_212,survey_207,annotator_078,Man,25-34,clip_1217,7,speaker_015,Male,1,coqui_xtts,1,3,1,4,2,1,2,2
session_222,survey_025,annotator_194,Woman,35-44,clip_0488,7,speaker_058,Male,6,elevenlabs,1,4,5,4,2,2,4,2
session_212,survey_207,annotator_078,Man,25-34,clip_1332,8,speaker_032,Male,1,coqui_xtts,0,5,1,5,3,3,4,4
session_222,survey_025,annotator_194,Woman,35-44,clip_0027,8,speaker_003,Male,9,elevenlabs,0,1,1,1,1,1,1,1
session_214,survey_090,annotator_163,Man,25-34,clip_2710,4,speaker_050,Female,4,elevenlabs_low_expressiveness,0,3,2,1,2,3,2,2
session_212,survey_207,annotator_078,Man,25-34,clip_1133,9,speaker_005,Male,7,coqui_xtts,0,4,1,4,1,1,2,1
session_222,survey_025,annotator_194,Woman,35-44,clip_0147,9,speaker_018,Male,3,elevenlabs,0,3,2,3,2,3,3,3
session_214,survey_090,annotator_163,Man,25-34,clip_2421,5,speaker_021,Female,5,elevenlabs_low_expressiveness,0,5,1,1,1,3,2,2
session_222,survey_025,annotator_194,Woman,35-44,clip_0280,10,speaker_034,Male,8,elevenlabs,1,4,3,2,1,3,3,3
session_212,survey_207,annotator_078,Man,25-34,clip_1855,10,speaker_019,Male,7,coqui_xtts,0,4,1,4,2,2,3,2
session_208,survey_031,annotator_087,Woman,45-54,clip_0064,14,speaker_008,Male,8,elevenlabs,1,5,5,5,5,5,5,5
session_222,survey_025,annotator_194,Woman,35-44,clip_0121,11,speaker_016,Male,3,elevenlabs,0,4,1,1,1,1,1,1
session_222,survey_025,annotator_194,Woman,35-44,clip_0059,12,speaker_008,Male,3,elevenlabs,0,4,1,4,1,1,1,1
session_214,survey_090,annotator_163,Man,25-34,clip_2915,6,speaker_072,Female,3,elevenlabs_low_expressiveness,0,5,2,2,2,3,3,3
session_212,survey_207,annotator_078,Man,25-34,clip_1512,11,speaker_060,Male,2,coqui_xtts,0,5,2,1,2,3,3,3
session_222,survey_025,annotator_194,Woman,35-44,clip_0066,13,speaker_008,Male,9,elevenlabs,1,4,4,4,2,4,4,4
session_222,survey_025,annotator_194,Woman,35-44,clip_0197,14,speaker_026,Male,2,elevenlabs,0,5,3,5,2,5,5,5
session_212,survey_207,annotator_078,Man,25-34,clip_1268,12,speaker_023,Male,8,coqui_xtts,0,3,3,1,4,1,1,1
session_222,survey_025,annotator_194,Woman,35-44,clip_0075,15,speaker_009,Male,9,elevenlabs,0,2,1,1,1,1,1,1
session_214,survey_090,annotator_163,Man,25-34,clip_2381,7,speaker_017,Female,1,elevenlabs_low_expressiveness,0,4,5,1,1,1,1,1
session_212,survey_207,annotator_078,Man,25-34,clip_1216,13,speaker_015,Male,1,coqui_xtts,0,5,3,1,2,2,3,3
session_222,survey_025,annotator_194,Woman,35-44,clip_0279,16,speaker_034,Male,8,elevenlabs,0,4,1,1,1,1,1,1
session_222,survey_025,annotator_194,Woman,35-44,clip_0487,17,speaker_058,Male,6,elevenlabs,0,3,1,3,1,1,1,1
session_214,survey_090,annotator_163,Man,25-34,clip_2485,8,speaker_028,Female,3,elevenlabs_low_expressiveness,0,4,2,4,3,2,3,3
session_222,survey_025,annotator_194,Woman,35-44,clip_0065,18,speaker_008,Male,9,elevenlabs,0,2,1,1,1,1,1,1
session_212,survey_207,annotator_078,Man,25-34,clip_1266,14,speaker_023,Male,4,coqui_xtts,0,3,2,1,3,2,2,2
session_222,survey_025,annotator_194,Woman,35-44,clip_0060,19,speaker_008,Male,3,elevenlabs,1,4,3,3,2,3,3,3
session_212,survey_207,annotator_078,Man,25-34,clip_1212,15,speaker_015,Male,7,coqui_xtts,0,4,2,1,1,2,2,2
session_214,survey_090,annotator_163,Man,25-34,clip_2486,9,speaker_028,Female,3,elevenlabs_low_expressiveness,1,4,1,5,4,3,3,4
session_222,survey_025,annotator_194,Woman,35-44,clip_0198,20,speaker_026,Male,2,elevenlabs,1,5,2,5,2,5,5,5
session_212,survey_207,annotator_078,Man,25-34,clip_1269,16,speaker_023,Male,8,coqui_xtts,1,4,1,5,3,1,2,2
session_214,survey_090,annotator_163,Man,25-34,clip_2726,10,speaker_051,Female,8,elevenlabs_low_expressiveness,0,5,2,2,1,2,1,1
session_212,survey_207,annotator_078,Man,25-34,clip_2168,18,speaker_054,Male,5,coqui_xtts,1,3,1,5,3,3,3,3
session_212,survey_207,annotator_078,Man,25-34,clip_1513,19,speaker_060,Male,2,coqui_xtts,1,5,1,5,1,3,3,3
session_214,survey_090,annotator_163,Man,25-34,clip_2918,11,speaker_072,Female,4,elevenlabs_low_expressiveness,1,2,4,3,4,3,3,2
session_214,survey_090,annotator_163,Man,25-34,clip_2628,13,speaker_041,Female,2,elevenlabs_low_expressiveness,1,5,2,5,3,4,4,3
session_214,survey_090,annotator_163,Man,25-34,clip_2651,14,speaker_044,Female,1,elevenlabs_low_expressiveness,0,5,4,1,1,2,2,1
session_214,survey_090,annotator_163,Man,25-34,clip_2382,16,speaker_017,Female,1,elevenlabs_low_expressiveness,1,5,5,1,1,1,1,1
session_214,survey_090,annotator_163,Man,25-34,clip_2727,18,speaker_051,Female,8,elevenlabs_low_expressiveness,1,5,3,5,3,4,3,3
session_214,survey_090,annotator_163,Man,25-34,clip_2917,20,speaker_072,Female,4,elevenlabs_low_expressiveness,0,5,1,3,1,2,1,1
session_171,survey_059,annotator_103,Man,25-34,clip_1926,1,speaker_065,Male,9,coqui_xtts,0,3,1,5,1,1,1,1
session_171,survey_059,annotator_103,Man,25-34,clip_1337,2,speaker_033,Male,4,coqui_xtts,1,2,1,5,3,1,1,1
session_171,survey_059,annotator_103,Man,25-34,clip_1123,3,speaker_004,Male,6,coqui_xtts,0,1,1,5,3,1,1,1
session_171,survey_059,annotator_103,Man,25-34,clip_1741,4,speaker_035,Male,3,coqui_xtts,0,2,1,5,1,2,1,2
session_171,survey_059,annotator_103,Man,25-34,clip_2186,5,speaker_065,Male,9,coqui_xtts,1,5,1,5,4,1,1,1
session_171,survey_059,annotator_103,Man,25-34,clip_1178,6,speaker_011,Male,9,coqui_xtts,0,4,1,5,4,2,2,1
session_171,survey_059,annotator_103,Man,25-34,clip_1492,7,speaker_058,Male,3,coqui_xtts,0,4,1,5,1,2,1,1
session_171,survey_059,annotator_103,Man,25-34,clip_1124,8,speaker_004,Male,6,coqui_xtts,1,2,1,2,3,2,1,1
session_171,survey_059,annotator_103,Man,25-34,clip_2148,9,speaker_035,Male,3,coqui_xtts,1,5,1,5,4,2,2,1
session_171,survey_059,annotator_103,Man,25-34,clip_1592,10,speaker_081,Male,4,coqui_xtts,0,3,1,5,4,2,2,1
session_171,survey_059,annotator_103,Man,25-34,clip_1371,11,speaker_036,Male,1,coqui_xtts,1,4,3,5,1,2,1,1
session_171,survey_059,annotator_103,Man,25-34,clip_1304,12,speaker_029,Male,5,coqui_xtts,0,5,1,5,1,3,1,1
session_167,survey_117,annotator_139,Man,25-34,clip_2905,16,speaker_071,Female,3,elevenlabs_low_expressiveness,0,1,3,1,1,3,2,3
session_171,survey_059,annotator_103,Man,25-34,clip_1336,13,speaker_033,Male,4,coqui_xtts,0,5,1,1,1,2,1,1
session_171,survey_059,annotator_103,Man,25-34,clip_1593,14,speaker_081,Male,4,coqui_xtts,1,5,1,5,4,2,2,1
session_171,survey_059,annotator_103,Man,25-34,clip_1179,15,speaker_011,Male,9,coqui_xtts,1,3,1,5,1,1,1,1
session_171,survey_059,annotator_103,Man,25-34,clip_1305,16,speaker_029,Male,5,coqui_xtts,1,4,1,5,3,2,2,1
session_171,survey_059,annotator_103,Man,25-34,clip_1639,17,speaker_085,Male,7,coqui_xtts,1,5,1,5,2,4,2,1
session_171,survey_059,annotator_103,Man,25-34,clip_1370,18,speaker_036,Male,1,coqui_xtts,0,2,1,1,1,4,2,1
session_171,survey_059,annotator_103,Man,25-34,clip_1638,19,speaker_085,Male,7,coqui_xtts,0,2,1,1,4,3,2,1
session_171,survey_059,annotator_103,Man,25-34,clip_1493,20,speaker_058,Male,3,coqui_xtts,1,3,1,5,3,3,1,1
session_186,survey_004,annotator_196,Man,35-44,clip_0198,1,speaker_026,Male,2,elevenlabs,1,2,4,4,1,3,2,2
session_187,survey_026,annotator_052,Woman,65+,clip_0069,9,speaker_009,Male,5,elevenlabs,0,5,1,5,1,5,4,2
session_198,survey_084,annotator_032,Man,55-64,clip_2291,10,speaker_009,Male,7,elevenlabs_low_expressiveness,0,5,3,4,3,2,3,1
session_180,survey_064,annotator_050,Woman,45-54,clip_1119,20,speaker_004,Male,3,coqui_xtts,0,3,2,4,1,2,2,1
session_213,survey_190,annotator_134,Man,55-64,clip_2340,2,speaker_013,Male,8,elevenlabs_low_expressiveness,1,3,1,1,1,2,3,3
session_213,survey_190,annotator_134,Man,55-64,clip_2497,4,speaker_029,Male,4,elevenlabs_low_expressiveness,0,2,1,2,1,2,2,2
session_213,survey_190,annotator_134,Man,55-64,clip_2804,6,speaker_059,Male,4,elevenlabs_low_expressiveness,1,3,1,5,1,3,4,4
session_213,survey_190,annotator_134,Man,55-64,clip_2831,8,speaker_063,Male,4,elevenlabs_low_expressiveness,0,4,1,5,1,4,5,5
session_213,survey_190,annotator_134,Man,55-64,clip_2242,9,speaker_003,Male,6,elevenlabs_low_expressiveness,1,4,1,5,1,3,4,4
session_213,survey_190,annotator_134,Man,55-64,clip_2832,11,speaker_063,Male,4,elevenlabs_low_expressiveness,1,4,1,5,1,4,4,4
session_213,survey_190,annotator_134,Man,55-64,clip_2549,13,speaker_034,Male,2,elevenlabs_low_expressiveness,0,1,1,1,1,2,2,2
session_162,survey_083,annotator_161,Woman,45-54,clip_1183,4,speaker_013,Male,3,coqui_xtts,1,3,2,4,2,2,1,1
session_162,survey_083,annotator_161,Woman,45-54,clip_1832,17,speaker_035,Male,6,coqui_xtts,0,2,2,2,2,2,2,1
session_164,survey_144,annotator_143,Man,25-34,clip_1803,5,speaker_038,Male,5,elevenlabs,0,4,5,5,4,4,4,4
session_185,survey_115,annotator_182,Other,45-54,clip_0483,2,speaker_058,Male,2,elevenlabs,0,1,2,2,1,1,2,1
session_184,survey_002,annotator_004,Woman,55-64,clip_1769,10,speaker_019,Male,4,elevenlabs,0,1,1,2,1,1,1,1
session_193,survey_095,annotator_089,Woman,45-54,clip_2402,2,speaker_019,Male,8,elevenlabs_low_expressiveness,1,4,1,5,2,3,3,3
session_193,survey_095,annotator_089,Woman,45-54,clip_2805,3,speaker_059,Male,7,elevenlabs_low_expressiveness,0,4,3,4,3,2,3,3
session_193,survey_095,annotator_089,Woman,45-54,clip_2864,4,speaker_065,Male,1,elevenlabs_low_expressiveness,1,5,3,5,2,3,3,3
session_193,survey_095,annotator_089,Woman,45-54,clip_2266,5,speaker_006,Male,9,elevenlabs_low_expressiveness,1,5,4,5,3,4,4,4
session_193,survey_095,annotator_089,Woman,45-54,clip_2243,6,speaker_003,Male,9,elevenlabs_low_expressiveness,0,2,3,4,4,2,3,3
session_193,survey_095,annotator_089,Woman,45-54,clip_2601,7,speaker_038,Male,7,elevenlabs_low_expressiveness,0,3,3,3,2,3,2,2
session_193,survey_095,annotator_089,Woman,45-54,clip_2341,8,speaker_013,Male,9,elevenlabs_low_expressiveness,0,4,3,2,3,3,2,2
session_193,survey_095,annotator_089,Woman,45-54,clip_2547,9,speaker_033,Male,1,elevenlabs_low_expressiveness,0,3,1,2,3,2,1,1
session_193,survey_095,annotator_089,Woman,45-54,clip_2244,10,speaker_003,Male,9,elevenlabs_low_expressiveness,1,4,3,4,4,4,4,4
session_193,survey_095,annotator_089,Woman,45-54,clip_2863,11,speaker_065,Male,1,elevenlabs_low_expressiveness,0,3,2,3,1,2,1,1
session_190,survey_013,annotator_056,Man,65+,clip_1291,20,speaker_028,Female,2,coqui_xtts,1,5,1,5,1,4,4,4
session_193,survey_095,annotator_089,Woman,45-54,clip_2261,12,speaker_006,Male,6,elevenlabs_low_expressiveness,0,3,2,1,3,2,3,2
session_193,survey_095,annotator_089,Woman,45-54,clip_2265,13,speaker_006,Male,9,elevenlabs_low_expressiveness,0,2,1,1,3,2,1,1
session_193,survey_095,annotator_089,Woman,45-54,clip_2401,14,speaker_019,Male,8,elevenlabs_low_expressiveness,0,3,3,4,3,3,3,3
session_193,survey_095,annotator_089,Woman,45-54,clip_2806,15,speaker_059,Male,7,elevenlabs_low_expressiveness,1,4,3,4,3,4,3,3
session_193,survey_095,annotator_089,Woman,45-54,clip_2602,16,speaker_038,Male,7,elevenlabs_low_expressiveness,1,3,4,4,3,4,4,3
session_193,survey_095,annotator_089,Woman,45-54,clip_2856,17,speaker_065,Male,5,elevenlabs_low_expressiveness,1,4,4,4,3,4,4,3
session_193,survey_095,annotator_089,Woman,45-54,clip_2342,18,speaker_013,Male,9,elevenlabs_low_expressiveness,1,4,4,4,3,4,4,3
session_193,survey_095,annotator_089,Woman,45-54,clip_2855,19,speaker_065,Male,5,elevenlabs_low_expressiveness,0,4,4,4,2,4,4,3
session_193,survey_095,annotator_089,Woman,45-54,clip_2262,20,speaker_006,Male,6,elevenlabs_low_expressiveness,1,4,3,1,4,3,3,1
session_195,survey_169,annotator_121,Man,35-44,clip_2332,19,speaker_013,Male,3,elevenlabs_low_expressiveness,1,2,3,4,3,3,2,2
session_213,survey_190,annotator_134,Man,55-64,clip_2363,12,speaker_015,Male,9,elevenlabs_low_expressiveness,0,1,1,1,1,2,2,2
session_213,survey_190,annotator_134,Man,55-64,clip_2338,14,speaker_013,Male,7,elevenlabs_low_expressiveness,1,5,1,5,1,4,5,5
session_213,survey_190,annotator_134,Man,55-64,clip_2498,15,speaker_029,Male,4,elevenlabs_low_expressiveness,1,5,1,5,1,4,5,5
session_213,survey_190,annotator_134,Man,55-64,clip_2337,16,speaker_013,Male,7,elevenlabs_low_expressiveness,0,2,1,1,1,3,3,3
session_213,survey_190,annotator_134,Man,55-64,clip_2241,17,speaker_003,Male,6,elevenlabs_low_expressiveness,0,3,1,4,1,3,3,3
session_213,survey_190,annotator_134,Man,55-64,clip_2339,18,speaker_013,Male,8,elevenlabs_low_expressiveness,0,3,1,2,1,3,3,3
session_213,survey_190,annotator_134,Man,55-64,clip_2950,19,speaker_075,Male,6,elevenlabs_low_expressiveness,1,4,1,5,1,4,4,4
session_213,survey_190,annotator_134,Man,55-64,clip_2803,20,speaker_059,Male,4,elevenlabs_low_expressiveness,0,2,1,3,1,3,3,2
session_166,survey_211,annotator_155,Woman,65+,clip_1736,7,speaker_027,Female,3,elevenlabs,0,5,1,5,1,5,5,4
session_164,survey_144,annotator_143,Man,25-34,clip_0502,3,speaker_059,Male,8,elevenlabs,1,5,5,5,2,5,4,4
session_162,survey_083,annotator_161,Woman,45-54,clip_2180,20,speaker_063,Male,9,coqui_xtts,1,2,2,2,1,2,2,1
session_164,survey_144,annotator_143,Man,25-34,clip_0288,6,speaker_036,Male,4,elevenlabs,1,3,3,4,2,4,4,3
session_184,survey_002,annotator_004,Woman,55-64,clip_0232,5,speaker_029,Male,1,elevenlabs,1,5,4,5,3,4,4,2
session_196,survey_079,annotator_058,Woman,35-44,clip_0054,1,speaker_007,Female,4,elevenlabs,1,3,4,1,4,2,3,4
session_196,survey_079,annotator_058,Woman,35-44,clip_0135,2,speaker_017,Female,3,elevenlabs,0,3,4,1,3,4,4,4
session_196,survey_079,annotator_058,Woman,35-44,clip_0582,3,speaker_073,Female,7,elevenlabs,1,4,3,5,2,4,3,4
session_196,survey_079,annotator_058,Woman,35-44,clip_1985,4,speaker_041,Female,1,elevenlabs,1,4,4,5,3,4,4,4
session_196,survey_079,annotator_058,Woman,35-44,clip_0539,5,speaker_069,Female,6,elevenlabs,0,4,2,4,3,3,4,3
session_196,survey_079,annotator_058,Woman,35-44,clip_0345,6,speaker_043,Female,3,elevenlabs,0,3,3,1,3,2,3,3
session_196,survey_079,annotator_058,Woman,35-44,clip_0421,7,speaker_049,Female,1,elevenlabs,0,4,3,5,1,3,2,2
session_196,survey_079,annotator_058,Woman,35-44,clip_0396,8,speaker_047,Female,5,elevenlabs,1,5,4,5,3,3,4,4
session_196,survey_079,annotator_058,Woman,35-44,clip_0395,9,speaker_047,Female,5,elevenlabs,0,5,4,5,4,3,4,3
session_196,survey_079,annotator_058,Woman,35-44,clip_0053,10,speaker_007,Female,4,elevenlabs,0,3,1,1,2,3,2,2
session_187,survey_026,annotator_052,Woman,65+,clip_0017,14,speaker_002,Male,8,elevenlabs,0,5,1,5,1,5,5,3
session_196,survey_079,annotator_058,Woman,35-44,clip_0346,11,speaker_043,Female,3,elevenlabs,1,3,3,3,2,3,4,4
session_196,survey_079,annotator_058,Woman,35-44,clip_0540,12,speaker_069,Female,6,elevenlabs,1,4,4,5,3,4,4,4
session_196,survey_079,annotator_058,Woman,35-44,clip_1669,13,speaker_041,Female,1,elevenlabs,0,3,2,2,4,2,3,2
session_196,survey_079,annotator_058,Woman,35-44,clip_1969,14,speaker_027,Female,9,elevenlabs,1,4,4,5,3,3,4,3
session_196,survey_079,annotator_058,Woman,35-44,clip_0581,15,speaker_073,Female,7,elevenlabs,0,2,1,1,1,3,2,3
session_196,survey_079,annotator_058,Woman,35-44,clip_1955,16,speaker_020,Female,2,elevenlabs,1,4,3,5,2,3,4,3
session_196,survey_079,annotator_058,Woman,35-44,clip_1696,17,speaker_020,Female,2,elevenlabs,0,4,4,5,3,3,3,3
session_196,survey_079,annotator_058,Woman,35-44,clip_1913,18,speaker_027,Female,9,elevenlabs,0,4,4,5,3,4,4,3
session_196,survey_079,annotator_058,Woman,35-44,clip_0136,19,speaker_017,Female,3,elevenlabs,1,3,4,1,4,3,4,4
session_196,survey_079,annotator_058,Woman,35-44,clip_0422,20,speaker_049,Female,1,elevenlabs,1,5,2,5,2,2,2,1
session_215,survey_116,annotator_028,Woman,45-54,clip_1067,1,speaker_082,Female,6,chatterbox,1,2,2,3,2,2,3,3
session_215,survey_116,annotator_028,Woman,45-54,clip_1043,2,speaker_076,Female,9,chatterbox,1,5,1,5,3,3,4,3
session_215,survey_116,annotator_028,Woman,45-54,clip_0857,3,speaker_045,Female,9,chatterbox,1,4,1,5,2,1,2,2
session_215,survey_116,annotator_028,Woman,45-54,clip_1069,4,speaker_082,Female,8,chatterbox,1,1,2,3,1,2,2,1
session_215,survey_116,annotator_028,Woman,45-54,clip_1068,5,speaker_082,Female,8,chatterbox,0,1,1,2,1,2,1,1
session_215,survey_116,annotator_028,Woman,45-54,clip_0929,6,speaker_053,Female,7,chatterbox,1,4,3,4,3,2,2,2
session_215,survey_116,annotator_028,Woman,45-54,clip_0919,7,speaker_050,Female,1,chatterbox,1,2,1,5,1,2,2,2
session_215,survey_116,annotator_028,Woman,45-54,clip_1036,8,speaker_074,Female,1,chatterbox,0,5,4,4,3,1,2,2
session_215,survey_116,annotator_028,Woman,45-54,clip_0928,9,speaker_053,Female,7,chatterbox,0,5,1,5,1,1,1,1
session_213,survey_190,annotator_134,Man,55-64,clip_2364,3,speaker_015,Male,9,elevenlabs_low_expressiveness,1,4,1,1,1,3,4,4
session_215,survey_116,annotator_028,Woman,45-54,clip_2051,10,speaker_020,Female,8,chatterbox,1,5,2,5,3,1,2,3
session_215,survey_116,annotator_028,Woman,45-54,clip_1816,11,speaker_068,Female,5,chatterbox,0,1,1,5,4,1,1,1
session_215,survey_116,annotator_028,Woman,45-54,clip_1037,12,speaker_074,Female,1,chatterbox,1,5,1,5,1,2,2,2
session_215,survey_116,annotator_028,Woman,45-54,clip_1882,13,speaker_020,Female,8,chatterbox,0,2,1,4,1,2,2,1
session_215,survey_116,annotator_028,Woman,45-54,clip_1066,14,speaker_082,Female,6,chatterbox,0,5,1,1,1,2,2,1
session_214,survey_090,annotator_163,Man,25-34,clip_2624,12,speaker_040,Female,7,elevenlabs_low_expressiveness,1,5,2,5,4,3,3,3
session_215,survey_116,annotator_028,Woman,45-54,clip_1042,15,speaker_076,Female,9,chatterbox,0,5,1,5,5,1,3,1
session_215,survey_116,annotator_028,Woman,45-54,clip_0913,16,speaker_050,Female,5,chatterbox,1,5,3,5,5,1,3,1
session_209,survey_071,annotator_007,Woman,55-64,clip_2662,13,speaker_045,Female,8,elevenlabs_low_expressiveness,1,5,3,5,3,4,3,4
session_215,survey_116,annotator_028,Woman,45-54,clip_0918,17,speaker_050,Female,1,chatterbox,0,5,2,5,3,2,3,3
session_215,survey_116,annotator_028,Woman,45-54,clip_0856,18,speaker_045,Female,9,chatterbox,0,5,1,5,1,1,1,2
session_215,survey_116,annotator_028,Woman,45-54,clip_2099,19,speaker_068,Female,5,chatterbox,1,5,1,5,2,2,3,2
session_215,survey_116,annotator_028,Woman,45-54,clip_0912,20,speaker_050,Female,5,chatterbox,0,4,1,1,2,2,3,2
session_163,survey_134,annotator_064,Prefer not to say,25-34,clip_2306,8,speaker_010,Male,8,elevenlabs_low_expressiveness,1,2,1,5,2,1,1,1
session_160,survey_215,annotator_109,Man,25-34,clip_2054,6,speaker_027,Female,3,chatterbox,1,5,3,5,1,5,5,1
session_160,survey_215,annotator_109,Man,25-34,clip_1876,18,speaker_079,Female,7,chatterbox,0,2,4,4,1,3,4,1
session_194,survey_158,annotator_034,Man,25-34,clip_1331,1,speaker_032,Male,3,coqui_xtts,1,4,1,3,1,4,3,3
session_194,survey_158,annotator_034,Man,25-34,clip_1330,2,speaker_032,Male,3,coqui_xtts,0,2,4,3,3,2,2,2
session_194,survey_158,annotator_034,Man,25-34,clip_1339,3,speaker_033,Male,6,coqui_xtts,1,2,1,5,1,2,1,1
session_194,survey_158,annotator_034,Man,25-34,clip_1516,4,speaker_060,Male,1,coqui_xtts,0,4,1,1,1,3,4,4
session_194,survey_158,annotator_034,Man,25-34,clip_2122,5,speaker_006,Male,6,coqui_xtts,1,2,5,3,1,1,1,1
session_194,survey_158,annotator_034,Man,25-34,clip_1314,6,speaker_029,Male,1,coqui_xtts,0,2,1,2,1,1,1,1
session_194,survey_158,annotator_034,Man,25-34,clip_1355,7,speaker_034,Male,7,coqui_xtts,1,2,3,4,2,1,2,2
session_194,survey_158,annotator_034,Man,25-34,clip_1498,8,speaker_058,Male,7,coqui_xtts,0,2,2,2,1,1,2,1
session_194,survey_158,annotator_034,Man,25-34,clip_1517,9,speaker_060,Male,1,coqui_xtts,1,2,1,2,3,1,3,3
session_194,survey_158,annotator_034,Man,25-34,clip_1148,10,speaker_008,Male,8,coqui_xtts,0,2,1,3,2,3,3,4
session_194,survey_158,annotator_034,Man,25-34,clip_1149,11,speaker_008,Male,8,coqui_xtts,1,4,3,3,3,3,2,2
session_194,survey_158,annotator_034,Man,25-34,clip_1312,12,speaker_029,Male,9,coqui_xtts,0,1,1,1,1,1,1,1
session_194,survey_158,annotator_034,Man,25-34,clip_1822,13,speaker_006,Male,6,coqui_xtts,0,3,2,3,2,4,3,2
session_198,survey_084,annotator_032,Man,55-64,clip_2307,12,speaker_010,Male,1,elevenlabs_low_expressiveness,0,4,1,2,2,2,2,1
session_194,survey_158,annotator_034,Man,25-34,clip_1378,14,speaker_037,Male,1,coqui_xtts,0,2,5,2,3,2,3,2
session_194,survey_158,annotator_034,Man,25-34,clip_1499,15,speaker_058,Male,7,coqui_xtts,1,5,1,5,1,5,4,4
session_194,survey_158,annotator_034,Man,25-34,clip_1313,16,speaker_029,Male,9,coqui_xtts,1,1,5,1,5,1,1,1
session_194,survey_158,annotator_034,Man,25-34,clip_1354,17,speaker_034,Male,7,coqui_xtts,0,2,3,1,2,2,2,2
session_194,survey_158,annotator_034,Man,25-34,clip_1379,18,speaker_037,Male,1,coqui_xtts,1,2,3,2,1,1,1,1
session_194,survey_158,annotator_034,Man,25-34,clip_1315,19,speaker_029,Male,1,coqui_xtts,1,3,3,3,4,2,3,2
session_194,survey_158,annotator_034,Man,25-34,clip_1338,20,speaker_033,Male,6,coqui_xtts,0,2,1,2,3,2,2,1
session_216,survey_033,annotator_130,Man,35-44,clip_0932,1,speaker_056,Female,2,chatterbox,0,4,1,5,1,4,5,3
session_216,survey_033,annotator_130,Man,35-44,clip_0930,2,speaker_053,Female,9,chatterbox,0,4,3,5,1,3,3,2
session_216,survey_033,annotator_130,Man,35-44,clip_1015,3,speaker_072,Female,2,chatterbox,1,4,4,5,2,4,5,1
session_216,survey_033,annotator_130,Man,35-44,clip_0859,4,speaker_045,Female,1,chatterbox,1,5,2,5,1,2,1,3
session_216,survey_033,annotator_130,Man,35-44,clip_2047,5,speaker_020,Female,2,chatterbox,1,3,3,5,1,4,3,1
session_216,survey_033,annotator_130,Man,35-44,clip_0700,6,speaker_017,Female,6,chatterbox,1,2,2,1,1,3,3,1
session_216,survey_033,annotator_130,Man,35-44,clip_1874,7,speaker_071,Female,7,chatterbox,0,3,2,4,1,4,3,2
session_216,survey_033,annotator_130,Man,35-44,clip_0699,8,speaker_017,Female,6,chatterbox,0,5,3,1,2,3,3,1
session_216,survey_033,annotator_130,Man,35-44,clip_2079,9,speaker_055,Female,4,chatterbox,1,5,4,5,2,3,3,1
session_216,survey_033,annotator_130,Man,35-44,clip_1799,10,speaker_027,Female,5,chatterbox,0,5,2,5,1,3,3,3
session_216,survey_033,annotator_130,Man,35-44,clip_0933,11,speaker_056,Female,2,chatterbox,1,3,4,4,3,3,3,1
session_216,survey_033,annotator_130,Man,35-44,clip_1697,12,speaker_020,Female,2,chatterbox,0,4,5,5,1,2,3,3
session_216,survey_033,annotator_130,Man,35-44,clip_0858,13,speaker_045,Female,1,chatterbox,0,4,3,2,2,2,3,1
session_216,survey_033,annotator_130,Man,35-44,clip_2056,14,speaker_027,Female,5,chatterbox,1,4,4,5,1,2,3,2
session_216,survey_033,annotator_130,Man,35-44,clip_0836,15,speaker_040,Female,2,chatterbox,0,5,4,5,3,2,3,1
session_216,survey_033,annotator_130,Man,35-44,clip_1781,16,speaker_055,Female,4,chatterbox,0,4,3,5,4,1,3,1
session_169,survey_006,annotator_076,Man,25-34,clip_0781,2,speaker_031,Male,7,chatterbox,1,2,3,1,1,4,4,4
session_167,survey_117,annotator_139,Man,25-34,clip_2661,19,speaker_045,Female,8,elevenlabs_low_expressiveness,0,3,1,1,2,3,2,3
session_160,survey_215,annotator_109,Man,25-34,clip_1012,19,speaker_070,Female,2,chatterbox,0,2,1,2,1,2,2,1
session_195,survey_169,annotator_121,Man,35-44,clip_2394,1,speaker_019,Male,2,elevenlabs_low_expressiveness,1,5,2,4,3,4,4,3
session_195,survey_169,annotator_121,Man,35-44,clip_2331,2,speaker_013,Male,3,elevenlabs_low_expressiveness,0,2,2,3,1,3,3,1
session_195,survey_169,annotator_121,Man,35-44,clip_2315,3,speaker_011,Male,7,elevenlabs_low_expressiveness,0,4,4,5,3,4,4,2
session_195,survey_169,annotator_121,Man,35-44,clip_2806,4,speaker_059,Male,7,elevenlabs_low_expressiveness,1,4,4,5,3,3,4,3
session_187,survey_026,annotator_052,Woman,65+,clip_0290,17,speaker_036,Male,6,elevenlabs,1,5,1,5,1,5,5,3
session_195,survey_169,annotator_121,Man,35-44,clip_2255,5,speaker_005,Male,6,elevenlabs_low_expressiveness,0,1,1,2,1,1,1,1
session_195,survey_169,annotator_121,Man,35-44,clip_2540,6,speaker_032,Male,8,elevenlabs_low_expressiveness,1,1,2,4,2,3,3,2
session_195,survey_169,annotator_121,Man,35-44,clip_2342,7,speaker_013,Male,9,elevenlabs_low_expressiveness,1,2,3,5,3,4,3,3
session_195,survey_169,annotator_121,Man,35-44,clip_2341,8,speaker_013,Male,9,elevenlabs_low_expressiveness,0,1,3,1,2,3,3,2
session_195,survey_169,annotator_121,Man,35-44,clip_2539,9,speaker_032,Male,8,elevenlabs_low_expressiveness,0,1,2,4,2,3,3,2
session_195,survey_169,annotator_121,Man,35-44,clip_2523,10,speaker_030,Male,8,elevenlabs_low_expressiveness,0,3,1,1,1,1,1,1
session_195,survey_169,annotator_121,Man,35-44,clip_2244,11,speaker_003,Male,9,elevenlabs_low_expressiveness,1,3,4,5,3,3,3,2
session_195,survey_169,annotator_121,Man,35-44,clip_2524,12,speaker_030,Male,8,elevenlabs_low_expressiveness,1,3,3,5,2,4,2,3
session_195,survey_169,annotator_121,Man,35-44,clip_2243,13,speaker_003,Male,9,elevenlabs_low_expressiveness,0,5,5,5,4,3,4,3
session_202,survey_110,annotator_029,Man,65+,clip_1470,7,speaker_056,Female,5,coqui_xtts,0,3,3,3,2,3,2,2
session_195,survey_169,annotator_121,Man,35-44,clip_2334,15,speaker_013,Male,4,elevenlabs_low_expressiveness,1,4,4,5,3,3,4,3
session_195,survey_169,annotator_121,Man,35-44,clip_2316,16,speaker_011,Male,7,elevenlabs_low_expressiveness,1,2,5,5,4,3,3,3
session_195,survey_169,annotator_121,Man,35-44,clip_2805,18,speaker_059,Male,7,elevenlabs_low_expressiveness,0,1,3,3,4,3,4,2
session_195,survey_169,annotator_121,Man,35-44,clip_2393,20,speaker_019,Male,2,elevenlabs_low_expressiveness,0,4,2,4,4,3,4,3
session_216,survey_033,annotator_130,Man,35-44,clip_0837,18,speaker_040,Female,2,chatterbox,1,4,5,5,3,2,2,1
session_216,survey_033,annotator_130,Man,35-44,clip_2103,19,speaker_071,Female,7,chatterbox,1,5,4,2,3,3,4,1
session_163,survey_134,annotator_064,Prefer not to say,25-34,clip_2820,9,speaker_060,Male,9,elevenlabs_low_expressiveness,1,4,1,5,3,1,1,1
session_164,survey_144,annotator_143,Man,25-34,clip_0164,9,speaker_022,Male,5,elevenlabs,1,4,2,4,2,4,4,3
session_184,survey_002,annotator_004,Woman,55-64,clip_1660,7,speaker_019,Male,1,elevenlabs,0,2,1,1,1,1,1,1
session_178,survey_081,annotator_008,Man,45-54,clip_1117,20,speaker_003,Male,1,coqui_xtts,0,5,1,5,4,3,5,4
session_202,survey_110,annotator_029,Man,65+,clip_1422,3,speaker_046,Female,9,coqui_xtts,1,3,3,3,2,2,2,2
session_221,survey_037,annotator_123,Man,35-44,clip_2344,1,speaker_014,Female,2,elevenlabs_low_expressiveness,1,4,4,3,4,4,4,3
session_221,survey_037,annotator_123,Man,35-44,clip_2343,2,speaker_014,Female,2,elevenlabs_low_expressiveness,0,4,4,3,4,4,2,4
session_221,survey_037,annotator_123,Man,35-44,clip_2759,3,speaker_055,Female,5,elevenlabs_low_expressiveness,0,4,3,3,4,4,4,4
session_221,survey_037,annotator_123,Man,35-44,clip_2637,4,speaker_043,Female,5,elevenlabs_low_expressiveness,0,3,3,4,4,4,3,4
session_221,survey_037,annotator_123,Man,35-44,clip_2925,5,speaker_072,Female,8,elevenlabs_low_expressiveness,0,4,4,3,4,3,3,4
session_221,survey_037,annotator_123,Man,35-44,clip_2871,6,speaker_066,Female,1,elevenlabs_low_expressiveness,0,3,4,3,4,4,4,2
session_221,survey_037,annotator_123,Man,35-44,clip_2349,7,speaker_014,Female,7,elevenlabs_low_expressiveness,0,4,4,3,3,2,4,4
session_213,survey_190,annotator_134,Man,55-64,clip_2949,1,speaker_075,Male,6,elevenlabs_low_expressiveness,0,1,1,1,1,1,1,1
session_221,survey_037,annotator_123,Man,35-44,clip_2638,8,speaker_043,Female,5,elevenlabs_low_expressiveness,1,4,4,3,3,3,4,3
session_221,survey_037,annotator_123,Man,35-44,clip_2632,9,speaker_042,Female,7,elevenlabs_low_expressiveness,1,4,4,3,3,4,2,3
session_221,survey_037,annotator_123,Man,35-44,clip_2631,10,speaker_042,Female,7,elevenlabs_low_expressiveness,0,3,4,4,4,3,4,2
session_221,survey_037,annotator_123,Man,35-44,clip_2923,11,speaker_072,Female,7,elevenlabs_low_expressiveness,0,3,3,3,4,4,4,4
session_208,survey_031,annotator_087,Woman,45-54,clip_0206,15,speaker_026,Male,6,elevenlabs,1,4,4,4,4,4,4,4
session_221,survey_037,annotator_123,Man,35-44,clip_2350,12,speaker_014,Female,7,elevenlabs_low_expressiveness,1,3,3,3,4,4,3,2
session_221,survey_037,annotator_123,Man,35-44,clip_2872,13,speaker_066,Female,1,elevenlabs_low_expressiveness,1,3,4,4,3,3,4,4
session_208,survey_031,annotator_087,Woman,45-54,clip_1920,17,speaker_054,Male,9,elevenlabs,0,3,2,2,2,2,2,2
session_221,survey_037,annotator_123,Man,35-44,clip_2479,14,speaker_027,Female,9,elevenlabs_low_expressiveness,0,3,3,3,4,4,4,3
session_221,survey_037,annotator_123,Man,35-44,clip_2924,15,speaker_072,Female,7,elevenlabs_low_expressiveness,1,3,4,4,3,3,3,4
session_221,survey_037,annotator_123,Man,35-44,clip_2775,16,speaker_056,Female,1,elevenlabs_low_expressiveness,0,3,4,4,4,3,3,4
session_221,survey_037,annotator_123,Man,35-44,clip_2926,17,speaker_072,Female,8,elevenlabs_low_expressiveness,1,3,4,4,4,3,3,4
session_221,survey_037,annotator_123,Man,35-44,clip_2480,18,speaker_027,Female,9,elevenlabs_low_expressiveness,1,3,4,3,3,2,3,3
session_221,survey_037,annotator_123,Man,35-44,clip_2760,19,speaker_055,Female,5,elevenlabs_low_expressiveness,1,3,3,2,4,3,3,4
session_221,survey_037,annotator_123,Man,35-44,clip_2776,20,speaker_056,Female,1,elevenlabs_low_expressiveness,1,3,4,4,4,3,4,4
session_214,survey_090,annotator_163,Man,25-34,clip_2711,15,speaker_050,Female,4,elevenlabs_low_expressiveness,1,2,2,5,4,2,3,3
session_214,survey_090,annotator_163,Man,25-34,clip_2623,17,speaker_040,Female,7,elevenlabs_low_expressiveness,0,4,3,1,1,1,1,1
session_166,survey_211,annotator_155,Woman,65+,clip_0563,9,speaker_072,Female,5,elevenlabs,0,3,1,2,1,2,2,2
session_164,survey_144,annotator_143,Man,25-34,clip_0287,11,speaker_036,Male,4,elevenlabs,0,2,2,2,2,2,2,2
session_193,survey_095,annotator_089,Woman,45-54,clip_2548,1,speaker_033,Male,1,elevenlabs_low_expressiveness,1,4,1,1,3,4,2,2
session_185,survey_115,annotator_182,Other,45-54,clip_0027,4,speaker_003,Male,9,elevenlabs,0,3,1,3,2,1,2,2
session_198,survey_084,annotator_032,Man,55-64,clip_2386,14,speaker_018,Male,4,elevenlabs_low_expressiveness,1,5,4,5,4,3,4,1
session_219,survey_126,annotator_145,Man,45-54,clip_2660,1,speaker_045,Female,7,elevenlabs_low_expressiveness,1,5,4,5,4,4,5,5
session_219,survey_126,annotator_145,Man,45-54,clip_2411,2,speaker_020,Female,6,elevenlabs_low_expressiveness,0,2,1,2,1,3,1,2
session_219,survey_126,annotator_145,Man,45-54,clip_2900,3,speaker_070,Female,3,elevenlabs_low_expressiveness,1,4,3,4,2,2,3,3
session_217,survey_113,annotator_015,Man,35-44,clip_1068,1,speaker_082,Female,8,chatterbox,0,2,2,2,2,3,2,3
session_217,survey_113,annotator_015,Man,35-44,clip_1033,2,speaker_074,Female,2,chatterbox,1,4,4,4,4,3,4,3
session_219,survey_126,annotator_145,Man,45-54,clip_2899,4,speaker_070,Female,3,elevenlabs_low_expressiveness,0,2,2,2,1,1,1,1
session_219,survey_126,annotator_145,Man,45-54,clip_2895,5,speaker_069,Female,9,elevenlabs_low_expressiveness,0,5,5,5,3,5,4,5
session_217,survey_113,annotator_015,Man,35-44,clip_0909,3,speaker_049,Female,1,chatterbox,1,3,2,2,3,3,2,4
session_219,survey_126,annotator_145,Man,45-54,clip_2670,6,speaker_046,Female,7,elevenlabs_low_expressiveness,0,5,5,1,2,3,3,3
session_219,survey_126,annotator_145,Man,45-54,clip_2825,7,speaker_061,Female,7,elevenlabs_low_expressiveness,0,4,2,1,1,2,2,3
session_208,survey_031,annotator_087,Woman,45-54,clip_0410,18,speaker_048,Male,9,elevenlabs,1,1,1,1,1,1,1,1
session_219,survey_126,annotator_145,Man,45-54,clip_2826,8,speaker_061,Female,7,elevenlabs_low_expressiveness,1,5,4,1,5,2,3,3
session_217,survey_113,annotator_015,Man,35-44,clip_0927,4,speaker_053,Female,6,chatterbox,1,3,2,2,3,3,4,4
session_219,survey_126,annotator_145,Man,45-54,clip_2910,9,speaker_071,Female,6,elevenlabs_low_expressiveness,1,5,5,5,3,4,4,5
session_202,survey_110,annotator_029,Man,65+,clip_1827,19,speaker_020,Female,6,coqui_xtts,0,2,2,2,2,2,1,1
session_219,survey_126,annotator_145,Man,45-54,clip_2671,10,speaker_046,Female,7,elevenlabs_low_expressiveness,1,5,4,1,4,3,3,4
session_217,survey_113,annotator_015,Man,35-44,clip_1071,5,speaker_083,Female,2,chatterbox,1,4,4,3,3,4,4,3
session_219,survey_126,annotator_145,Man,45-54,clip_2931,11,speaker_073,Female,3,elevenlabs_low_expressiveness,0,5,2,1,1,2,1,3
session_219,survey_126,annotator_145,Man,45-54,clip_2896,12,speaker_069,Female,9,elevenlabs_low_expressiveness,1,5,4,5,3,3,4,4
session_219,survey_126,annotator_145,Man,45-54,clip_2830,13,speaker_062,Female,4,elevenlabs_low_expressiveness,1,5,2,5,4,2,4,5
session_219,survey_126,annotator_145,Man,45-54,clip_2909,14,speaker_071,Female,6,elevenlabs_low_expressiveness,0,3,1,1,2,2,3,2
session_219,survey_126,annotator_145,Man,45-54,clip_2932,15,speaker_073,Female,3,elevenlabs_low_expressiveness,1,5,4,5,2,3,3,4
session_219,survey_126,annotator_145,Man,45-54,clip_2659,16,speaker_045,Female,7,elevenlabs_low_expressiveness,0,5,2,1,2,3,2,3
session_219,survey_126,annotator_145,Man,45-54,clip_2929,17,speaker_073,Female,2,elevenlabs_low_expressiveness,0,3,2,1,1,2,2,2
session_217,survey_113,annotator_015,Man,35-44,clip_1069,6,speaker_082,Female,8,chatterbox,1,3,4,3,4,5,4,4
session_220,survey_222,annotator_100,Woman,25-34,clip_2852,8,speaker_065,Male,3,elevenlabs_low_expressiveness,1,4,3,3,4,3,4,4
session_217,survey_113,annotator_015,Man,35-44,clip_0933,7,speaker_056,Female,2,chatterbox,1,3,3,4,4,3,3,4
session_219,survey_126,annotator_145,Man,45-54,clip_2829,18,speaker_062,Female,4,elevenlabs_low_expressiveness,0,5,3,5,3,3,4,4
session_217,survey_113,annotator_015,Man,35-44,clip_0926,8,speaker_053,Female,6,chatterbox,0,2,3,3,2,4,4,3
session_219,survey_126,annotator_145,Man,45-54,clip_2930,19,speaker_073,Female,2,elevenlabs_low_expressiveness,1,5,2,5,3,3,4,5
session_217,survey_113,annotator_015,Man,35-44,clip_0743,9,speaker_025,Female,7,chatterbox,1,4,3,2,2,3,4,4
session_217,survey_113,annotator_015,Man,35-44,clip_0908,10,speaker_049,Female,1,chatterbox,0,4,2,2,3,3,4,4
session_219,survey_126,annotator_145,Man,45-54,clip_2412,20,speaker_020,Female,6,elevenlabs_low_expressiveness,1,4,5,5,4,3,3,3
session_220,survey_222,annotator_100,Woman,25-34,clip_2361,10,speaker_015,Male,8,elevenlabs_low_expressiveness,0,2,2,1,2,3,2,2
session_217,survey_113,annotator_015,Man,35-44,clip_1070,11,speaker_083,Female,2,chatterbox,0,3,2,4,4,3,3,4
session_217,survey_113,annotator_015,Man,35-44,clip_1672,12,speaker_051,Female,1,chatterbox,0,3,4,3,2,4,3,3
session_217,survey_113,annotator_015,Man,35-44,clip_0932,13,speaker_056,Female,2,chatterbox,0,3,2,2,3,3,4,3
session_217,survey_113,annotator_015,Man,35-44,clip_1032,14,speaker_074,Female,2,chatterbox,0,4,3,2,3,3,2,3
session_217,survey_113,annotator_015,Man,35-44,clip_1781,15,speaker_055,Female,4,chatterbox,0,3,2,2,2,3,2,2
session_217,survey_113,annotator_015,Man,35-44,clip_1819,16,speaker_079,Female,5,chatterbox,0,4,3,2,2,3,4,4
session_217,survey_113,annotator_015,Man,35-44,clip_2074,17,speaker_051,Female,1,chatterbox,1,3,3,2,3,3,5,4
session_217,survey_113,annotator_015,Man,35-44,clip_2079,18,speaker_055,Female,4,chatterbox,1,4,3,2,2,3,4,4
session_217,survey_113,annotator_015,Man,35-44,clip_2112,19,speaker_079,Female,5,chatterbox,1,4,3,2,2,3,4,4
session_217,survey_113,annotator_015,Man,35-44,clip_0742,20,speaker_025,Female,7,chatterbox,0,4,3,2,2,2,3,3
session_161,survey_132,annotator_020,Woman,45-54,clip_2893,8,speaker_069,Female,8,elevenlabs_low_expressiveness,0,4,1,4,1,4,3,3
session_159,survey_139,annotator_136,Man,45-54,clip_1849,11,speaker_079,Female,6,chatterbox,0,5,4,5,3,2,3,2
session_164,survey_144,annotator_143,Man,25-34,clip_0495,13,speaker_058,Male,1,elevenlabs,0,4,4,3,2,4,4,3
session_184,survey_002,annotator_004,Woman,55-64,clip_0075,9,speaker_009,Male,9,elevenlabs,0,2,1,3,1,1,1,1
session_187,survey_026,annotator_052,Woman,65+,clip_0004,20,speaker_001,Male,4,elevenlabs,1,5,1,5,1,5,5,3
session_218,survey_188,annotator_005,Man,25-34,clip_2709,1,speaker_050,Female,2,elevenlabs_low_expressiveness,1,4,1,5,1,3,3,4
session_218,survey_188,annotator_005,Man,25-34,clip_2327,2,speaker_012,Female,1,elevenlabs_low_expressiveness,0,5,1,5,3,1,3,1
session_218,survey_188,annotator_005,Man,25-34,clip_2928,3,speaker_072,Female,1,elevenlabs_low_expressiveness,1,5,2,5,1,3,3,4
session_218,survey_188,annotator_005,Man,25-34,clip_2651,4,speaker_044,Female,1,elevenlabs_low_expressiveness,0,5,3,1,2,1,3,1
session_208,survey_031,annotator_087,Woman,45-54,clip_0405,10,speaker_048,Male,6,elevenlabs,0,1,1,1,1,1,1,1
session_218,survey_188,annotator_005,Man,25-34,clip_2890,5,speaker_069,Female,4,elevenlabs_low_expressiveness,1,4,1,5,1,4,3,4
session_218,survey_188,annotator_005,Man,25-34,clip_2450,6,speaker_025,Female,2,elevenlabs_low_expressiveness,1,4,3,5,2,2,3,2
session_218,survey_188,annotator_005,Man,25-34,clip_2850,7,speaker_064,Female,7,elevenlabs_low_expressiveness,1,4,2,1,2,1,4,2
session_218,survey_188,annotator_005,Man,25-34,clip_2849,8,speaker_064,Female,7,elevenlabs_low_expressiveness,0,4,1,5,1,2,2,3
session_218,survey_188,annotator_005,Man,25-34,clip_2416,9,speaker_020,Female,1,elevenlabs_low_expressiveness,1,5,2,5,3,1,4,2
session_202,survey_110,annotator_029,Man,65+,clip_1292,17,speaker_028,Female,3,coqui_xtts,0,4,4,4,3,3,3,3
session_218,survey_188,annotator_005,Man,25-34,clip_2645,10,speaker_044,Female,2,elevenlabs_low_expressiveness,0,4,1,1,3,2,3,2
session_218,survey_188,annotator_005,Man,25-34,clip_2927,11,speaker_072,Female,1,elevenlabs_low_expressiveness,0,5,1,5,1,3,3,4
session_218,survey_188,annotator_005,Man,25-34,clip_2449,12,speaker_025,Female,2,elevenlabs_low_expressiveness,0,5,1,5,1,1,2,1
session_218,survey_188,annotator_005,Man,25-34,clip_2652,13,speaker_044,Female,1,elevenlabs_low_expressiveness,1,3,2,1,2,1,2,1
session_218,survey_188,annotator_005,Man,25-34,clip_2415,14,speaker_020,Female,1,elevenlabs_low_expressiveness,0,4,1,3,2,1,2,2
session_218,survey_188,annotator_005,Man,25-34,clip_2742,15,speaker_053,Female,9,elevenlabs_low_expressiveness,0,5,1,3,2,1,3,2
session_218,survey_188,annotator_005,Man,25-34,clip_2743,16,speaker_053,Female,9,elevenlabs_low_expressiveness,1,5,2,5,3,1,3,2
session_218,survey_188,annotator_005,Man,25-34,clip_2889,17,speaker_069,Female,4,elevenlabs_low_expressiveness,0,4,1,5,1,2,3,3
session_218,survey_188,annotator_005,Man,25-34,clip_2708,18,speaker_050,Female,2,elevenlabs_low_expressiveness,0,4,1,1,1,3,2,4
session_218,survey_188,annotator_005,Man,25-34,clip_2328,19,speaker_012,Female,1,elevenlabs_low_expressiveness,1,5,2,3,2,1,2,3
session_218,survey_188,annotator_005,Man,25-34,clip_2646,20,speaker_044,Female,2,elevenlabs_low_expressiveness,1,3,3,5,2,1,3,4
session_209,survey_071,annotator_007,Woman,55-64,clip_2480,16,speaker_027,Female,9,elevenlabs_low_expressiveness,1,5,2,5,4,4,4,5
session_167,survey_117,annotator_139,Man,25-34,clip_2771,6,speaker_056,Female,6,elevenlabs_low_expressiveness,0,1,2,2,1,1,1,1
session_164,survey_144,annotator_143,Man,25-34,clip_0501,16,speaker_059,Male,8,elevenlabs,0,4,3,3,2,3,3,3
session_185,survey_115,annotator_182,Other,45-54,clip_0085,6,speaker_010,Male,9,elevenlabs,0,2,1,1,1,1,2,1
session_200,survey_018,annotator_030,Man,35-44,clip_0374,1,speaker_045,Female,6,elevenlabs,1,4,3,4,3,3,3,2
session_200,survey_018,annotator_030,Man,35-44,clip_0437,2,speaker_052,Female,2,elevenlabs,0,2,2,2,1,2,2,1
session_200,survey_018,annotator_030,Man,35-44,clip_0464,3,speaker_056,Female,8,elevenlabs,1,3,4,4,2,3,3,4
session_204,survey_032,annotator_019,Woman,45-54,clip_2094,1,speaker_066,Female,7,chatterbox,1,3,2,3,1,3,4,2
session_200,survey_018,annotator_030,Man,35-44,clip_0213,4,speaker_028,Female,3,elevenlabs,0,4,2,4,2,2,3,2
session_200,survey_018,annotator_030,Man,35-44,clip_1989,5,speaker_051,Female,9,elevenlabs,1,4,3,3,4,4,3,3
session_200,survey_018,annotator_030,Man,35-44,clip_1911,6,speaker_020,Female,9,elevenlabs,0,3,3,2,3,3,3,2
session_209,survey_071,annotator_007,Woman,55-64,clip_2643,1,speaker_043,Female,8,elevenlabs_low_expressiveness,0,2,2,1,1,2,1,1
session_200,survey_018,annotator_030,Man,35-44,clip_0433,7,speaker_050,Female,8,elevenlabs,0,2,2,1,2,3,3,2
session_204,survey_032,annotator_019,Woman,45-54,clip_2070,2,speaker_041,Female,2,chatterbox,1,4,1,3,4,3,4,4
session_200,survey_018,annotator_030,Man,35-44,clip_0463,8,speaker_056,Female,8,elevenlabs,0,3,2,1,3,2,2,3
session_204,survey_032,annotator_019,Woman,45-54,clip_0850,3,speaker_044,Female,2,chatterbox,0,2,3,2,1,3,2,1
session_200,survey_018,annotator_030,Man,35-44,clip_0434,9,speaker_050,Female,8,elevenlabs,1,2,4,3,2,3,3,3
session_200,survey_018,annotator_030,Man,35-44,clip_0377,10,speaker_045,Female,8,elevenlabs,0,2,2,1,2,2,3,2
session_202,survey_110,annotator_029,Man,65+,clip_1528,5,speaker_064,Female,7,coqui_xtts,0,2,2,3,2,1,2,1
session_200,survey_018,annotator_030,Man,35-44,clip_0438,11,speaker_052,Female,2,elevenlabs,1,3,2,3,3,3,3,2
session_209,survey_071,annotator_007,Woman,55-64,clip_2733,2,speaker_052,Female,6,elevenlabs_low_expressiveness,1,4,2,4,3,3,3,3
session_204,survey_032,annotator_019,Woman,45-54,clip_1069,4,speaker_082,Female,8,chatterbox,1,3,2,1,1,4,3,4
session_200,survey_018,annotator_030,Man,35-44,clip_0185,12,speaker_024,Female,1,elevenlabs,0,3,2,2,3,2,2,3
session_200,survey_018,annotator_030,Man,35-44,clip_1961,13,speaker_020,Female,9,elevenlabs,1,4,3,3,2,3,3,3
session_200,survey_018,annotator_030,Man,35-44,clip_0546,14,speaker_069,Female,9,elevenlabs,1,4,4,4,3,4,4,4
session_204,survey_032,annotator_019,Woman,45-54,clip_0876,5,speaker_047,Female,4,chatterbox,0,4,1,1,4,3,3,3
session_209,survey_071,annotator_007,Woman,55-64,clip_2767,3,speaker_056,Female,4,elevenlabs_low_expressiveness,0,5,3,4,2,3,4,4
session_200,survey_018,annotator_030,Man,35-44,clip_0373,15,speaker_045,Female,6,elevenlabs,0,2,1,1,2,3,3,2
session_204,survey_032,annotator_019,Woman,45-54,clip_0736,6,speaker_025,Female,2,chatterbox,0,1,1,1,1,2,1,1
session_200,survey_018,annotator_030,Man,35-44,clip_0186,16,speaker_024,Female,1,elevenlabs,1,3,4,4,3,4,4,3
session_209,survey_071,annotator_007,Woman,55-64,clip_2272,4,speaker_007,Female,5,elevenlabs_low_expressiveness,1,4,3,2,3,3,2,2
session_220,survey_222,annotator_100,Woman,25-34,clip_2268,1,speaker_006,Male,1,elevenlabs_low_expressiveness,1,4,3,2,4,2,4,3
session_200,survey_018,annotator_030,Man,35-44,clip_0545,17,speaker_069,Female,9,elevenlabs,0,3,3,3,4,4,3,4
session_204,survey_032,annotator_019,Woman,45-54,clip_0851,7,speaker_044,Female,2,chatterbox,1,4,2,1,1,4,3,3
session_200,survey_018,annotator_030,Man,35-44,clip_0214,18,speaker_028,Female,3,elevenlabs,1,3,3,4,3,4,4,3
session_200,survey_018,annotator_030,Man,35-44,clip_1918,19,speaker_051,Female,9,elevenlabs,0,2,3,3,3,4,4,3
session_204,survey_032,annotator_019,Woman,45-54,clip_0984,8,speaker_061,Female,4,chatterbox,0,1,1,1,1,2,1,1
session_209,survey_071,annotator_007,Woman,55-64,clip_2761,5,speaker_055,Female,9,elevenlabs_low_expressiveness,0,4,1,3,4,3,3,3
session_204,survey_032,annotator_019,Woman,45-54,clip_0931,9,speaker_053,Female,9,chatterbox,1,3,1,4,2,3,4,3
session_204,survey_032,annotator_019,Woman,45-54,clip_1705,10,speaker_041,Female,2,chatterbox,0,1,1,1,1,2,1,1
session_209,survey_071,annotator_007,Woman,55-64,clip_2762,6,speaker_055,Female,9,elevenlabs_low_expressiveness,1,3,4,3,3,2,3,3
session_204,survey_032,annotator_019,Woman,45-54,clip_1020,11,speaker_072,Female,6,chatterbox,0,2,1,1,1,2,2,1
session_220,survey_222,annotator_100,Woman,25-34,clip_2538,2,speaker_032,Male,6,elevenlabs_low_expressiveness,1,4,2,3,3,4,4,4
session_209,survey_071,annotator_007,Woman,55-64,clip_2448,7,speaker_024,Female,8,elevenlabs_low_expressiveness,1,4,4,4,3,3,3,3
session_204,survey_032,annotator_019,Woman,45-54,clip_0737,12,speaker_025,Female,2,chatterbox,1,5,2,4,4,3,4,4
session_204,survey_032,annotator_019,Woman,45-54,clip_1870,13,speaker_066,Female,7,chatterbox,0,1,1,1,1,1,1,1
session_209,survey_071,annotator_007,Woman,55-64,clip_2768,8,speaker_056,Female,4,elevenlabs_low_expressiveness,1,5,4,5,3,4,4,4
session_204,survey_032,annotator_019,Woman,45-54,clip_0985,14,speaker_061,Female,4,chatterbox,1,3,1,2,1,2,2,2
session_209,survey_071,annotator_007,Woman,55-64,clip_2661,9,speaker_045,Female,8,elevenlabs_low_expressiveness,0,4,3,2,3,3,2,2
session_220,survey_222,annotator_100,Woman,25-34,clip_2860,3,speaker_065,Male,8,elevenlabs_low_expressiveness,1,3,3,3,3,3,4,3
session_204,survey_032,annotator_019,Woman,45-54,clip_0930,15,speaker_053,Female,9,chatterbox,0,2,1,2,2,2,1,1
session_204,survey_032,annotator_019,Woman,45-54,clip_1021,16,speaker_072,Female,6,chatterbox,1,4,2,3,2,4,3,3
session_209,survey_071,annotator_007,Woman,55-64,clip_2479,10,speaker_027,Female,9,elevenlabs_low_expressiveness,0,5,2,4,1,3,3,4
session_204,survey_032,annotator_019,Woman,45-54,clip_0993,17,speaker_064,Female,4,chatterbox,1,1,1,1,1,1,2,1
session_220,survey_222,annotator_100,Woman,25-34,clip_2555,4,speaker_034,Male,6,elevenlabs_low_expressiveness,0,2,2,3,2,3,2,2
session_204,survey_032,annotator_019,Woman,45-54,clip_0992,18,speaker_064,Female,4,chatterbox,0,5,2,4,2,3,4,4
session_204,survey_032,annotator_019,Woman,45-54,clip_0877,20,speaker_047,Female,4,chatterbox,1,3,3,4,3,2,3,2
session_220,survey_222,annotator_100,Woman,25-34,clip_2307,6,speaker_010,Male,1,elevenlabs_low_expressiveness,0,3,4,3,3,3,4,3
session_220,survey_222,annotator_100,Woman,25-34,clip_2362,7,speaker_015,Male,8,elevenlabs_low_expressiveness,1,3,3,2,2,3,3,3
session_209,survey_071,annotator_007,Woman,55-64,clip_2454,12,speaker_025,Female,5,elevenlabs_low_expressiveness,1,4,1,5,1,3,3,3
session_209,survey_071,annotator_007,Woman,55-64,clip_2453,14,speaker_025,Female,5,elevenlabs_low_expressiveness,0,4,3,4,2,2,2,3
session_209,survey_071,annotator_007,Woman,55-64,clip_2447,15,speaker_024,Female,8,elevenlabs_low_expressiveness,0,3,3,2,1,2,2,1
session_220,survey_222,annotator_100,Woman,25-34,clip_2544,9,speaker_033,Male,5,elevenlabs_low_expressiveness,1,4,4,4,4,3,3,3
session_209,survey_071,annotator_007,Woman,55-64,clip_2732,17,speaker_052,Female,6,elevenlabs_low_expressiveness,0,4,4,1,1,2,1,1
session_209,survey_071,annotator_007,Woman,55-64,clip_2826,18,speaker_061,Female,7,elevenlabs_low_expressiveness,1,4,4,2,3,3,2,2
session_200,survey_018,annotator_030,Man,35-44,clip_0378,20,speaker_045,Female,8,elevenlabs,1,3,3,1,2,3,3,3
session_220,survey_222,annotator_100,Woman,25-34,clip_2859,11,speaker_065,Male,8,elevenlabs_low_expressiveness,0,2,3,4,3,3,2,2
session_220,survey_222,annotator_100,Woman,25-34,clip_2231,12,speaker_002,Male,3,elevenlabs_low_expressiveness,0,3,3,4,3,3,3,3
session_220,survey_222,annotator_100,Woman,25-34,clip_2543,14,speaker_033,Male,5,elevenlabs_low_expressiveness,0,3,3,4,3,3,3,3
session_220,survey_222,annotator_100,Woman,25-34,clip_2537,16,speaker_032,Male,6,elevenlabs_low_expressiveness,0,3,2,4,2,2,2,2
session_220,survey_222,annotator_100,Woman,25-34,clip_2851,17,speaker_065,Male,3,elevenlabs_low_expressiveness,0,2,2,4,3,2,2,2
session_220,survey_222,annotator_100,Woman,25-34,clip_2556,19,speaker_034,Male,6,elevenlabs_low_expressiveness,1,3,3,4,4,3,3,3
session_172,survey_137,annotator_014,Woman,25-34,clip_2847,1,speaker_064,Female,6,elevenlabs_low_expressiveness,0,2,2,2,2,2,2,2
session_172,survey_137,annotator_014,Woman,25-34,clip_2870,2,speaker_066,Female,7,elevenlabs_low_expressiveness,1,3,3,3,3,2,3,2
session_172,survey_137,annotator_014,Woman,25-34,clip_2417,3,speaker_021,Female,2,elevenlabs_low_expressiveness,0,3,2,2,3,3,3,2
session_172,survey_137,annotator_014,Woman,25-34,clip_2476,4,speaker_027,Female,7,elevenlabs_low_expressiveness,1,2,3,3,3,2,3,3
session_172,survey_137,annotator_014,Woman,25-34,clip_2489,5,speaker_028,Female,8,elevenlabs_low_expressiveness,0,2,2,3,2,2,1,1
session_172,survey_137,annotator_014,Woman,25-34,clip_2844,6,speaker_064,Female,3,elevenlabs_low_expressiveness,1,3,3,3,2,2,2,2
session_172,survey_137,annotator_014,Woman,25-34,clip_2869,7,speaker_066,Female,7,elevenlabs_low_expressiveness,0,2,2,2,3,2,3,2
session_172,survey_137,annotator_014,Woman,25-34,clip_2490,8,speaker_028,Female,8,elevenlabs_low_expressiveness,1,2,2,2,2,2,1,1
session_172,survey_137,annotator_014,Woman,25-34,clip_2722,9,speaker_051,Female,6,elevenlabs_low_expressiveness,0,2,1,2,1,1,1,1
session_172,survey_137,annotator_014,Woman,25-34,clip_2475,10,speaker_027,Female,7,elevenlabs_low_expressiveness,0,3,3,2,1,1,1,1
session_172,survey_137,annotator_014,Woman,25-34,clip_2619,11,speaker_040,Female,3,elevenlabs_low_expressiveness,0,2,2,2,1,1,1,1
session_172,survey_137,annotator_014,Woman,25-34,clip_2723,12,speaker_051,Female,6,elevenlabs_low_expressiveness,1,2,2,2,1,1,1,1
session_172,survey_137,annotator_014,Woman,25-34,clip_2274,13,speaker_007,Female,7,elevenlabs_low_expressiveness,1,2,2,2,1,1,1,1
session_172,survey_137,annotator_014,Woman,25-34,clip_2843,14,speaker_064,Female,3,elevenlabs_low_expressiveness,0,2,2,3,3,2,2,2
session_172,survey_137,annotator_014,Woman,25-34,clip_2482,15,speaker_027,Female,1,elevenlabs_low_expressiveness,1,2,2,2,1,1,1,1
session_172,survey_137,annotator_014,Woman,25-34,clip_2848,16,speaker_064,Female,6,elevenlabs_low_expressiveness,1,3,3,3,2,2,2,3
session_172,survey_137,annotator_014,Woman,25-34,clip_2273,17,speaker_007,Female,7,elevenlabs_low_expressiveness,0,2,2,2,1,1,1,1
session_172,survey_137,annotator_014,Woman,25-34,clip_2620,18,speaker_040,Female,3,elevenlabs_low_expressiveness,1,3,3,2,2,3,3,3
session_172,survey_137,annotator_014,Woman,25-34,clip_2418,19,speaker_021,Female,2,elevenlabs_low_expressiveness,1,2,2,2,2,3,3,3
session_172,survey_137,annotator_014,Woman,25-34,clip_2481,20,speaker_027,Female,1,elevenlabs_low_expressiveness,0,2,2,2,1,1,1,1
session_164,survey_144,annotator_143,Man,25-34,clip_1862,18,speaker_038,Male,7,elevenlabs,0,3,4,3,4,3,4,4
session_197,survey_178,annotator_153,Man,25-34,clip_0887,1,speaker_047,Female,9,chatterbox,1,2,2,4,3,3,4,3
session_197,survey_178,annotator_153,Man,25-34,clip_2072,2,speaker_051,Female,3,chatterbox,1,3,4,4,4,4,4,4
session_197,survey_178,annotator_153,Man,25-34,clip_1765,3,speaker_079,Female,3,chatterbox,0,5,4,5,3,5,4,4
session_197,survey_178,annotator_153,Man,25-34,clip_0844,4,speaker_042,Female,6,chatterbox,0,5,1,1,2,3,4,2
session_197,survey_178,annotator_153,Man,25-34,clip_0862,5,speaker_046,Female,5,chatterbox,0,4,2,2,3,3,3,3
session_197,survey_178,annotator_153,Man,25-34,clip_0877,6,speaker_047,Female,4,chatterbox,1,4,4,4,3,4,4,4
session_197,survey_178,annotator_153,Man,25-34,clip_0881,7,speaker_047,Female,6,chatterbox,1,3,3,3,3,4,3,3
session_197,survey_178,annotator_153,Man,25-34,clip_0845,8,speaker_042,Female,6,chatterbox,1,3,4,4,3,3,3,3
session_197,survey_178,annotator_153,Man,25-34,clip_0886,9,speaker_047,Female,9,chatterbox,0,5,5,5,3,4,4,4
session_197,survey_178,annotator_153,Man,25-34,clip_1772,10,speaker_020,Female,4,chatterbox,0,5,3,3,3,4,4,3
session_197,survey_178,annotator_153,Man,25-34,clip_2110,11,speaker_079,Female,3,chatterbox,1,3,4,4,3,3,3,2
session_197,survey_178,annotator_153,Man,25-34,clip_0880,12,speaker_047,Female,6,chatterbox,0,4,3,5,5,2,4,2
session_197,survey_178,annotator_153,Man,25-34,clip_2049,13,speaker_020,Female,4,chatterbox,1,3,3,4,3,3,3,2
session_197,survey_178,annotator_153,Man,25-34,clip_1000,14,speaker_069,Female,3,chatterbox,0,4,3,4,2,2,3,4
session_197,survey_178,annotator_153,Man,25-34,clip_1001,15,speaker_069,Female,3,chatterbox,1,3,4,4,3,2,2,2
session_197,survey_178,annotator_153,Man,25-34,clip_0876,16,speaker_047,Female,4,chatterbox,0,5,4,5,4,3,4,4
session_197,survey_178,annotator_153,Man,25-34,clip_0863,17,speaker_046,Female,5,chatterbox,1,4,3,2,2,3,2,2
session_197,survey_178,annotator_153,Man,25-34,clip_0842,18,speaker_042,Female,5,chatterbox,0,4,1,1,3,2,2,2
session_197,survey_178,annotator_153,Man,25-34,clip_1746,19,speaker_051,Female,3,chatterbox,0,5,3,5,3,3,5,4
session_197,survey_178,annotator_153,Man,25-34,clip_0843,20,speaker_042,Female,5,chatterbox,1,5,5,5,4,4,4,5
session_159,survey_139,annotator_136,Man,45-54,clip_0993,12,speaker_064,Female,4,chatterbox,1,2,1,4,2,1,1,1
session_164,survey_144,annotator_143,Man,25-34,clip_0014,20,speaker_002,Male,3,elevenlabs,1,4,2,4,2,4,4,4
session_184,survey_002,annotator_004,Woman,55-64,clip_0178,13,speaker_023,Male,8,elevenlabs,1,4,2,4,1,2,1,1
session_190,survey_013,annotator_056,Man,65+,clip_1847,17,speaker_068,Female,6,coqui_xtts,0,5,2,5,2,4,4,4
session_195,survey_169,annotator_121,Man,35-44,clip_2333,14,speaker_013,Male,4,elevenlabs_low_expressiveness,0,3,3,1,3,4,2,2
session_223,survey_143,annotator_027,Prefer not to say,Prefer not to say,clip_0823,1,speaker_037,Male,8,chatterbox,1,3,2,4,2,2,1,1
session_223,survey_143,annotator_027,Prefer not to say,Prefer not to say,clip_0612,2,speaker_002,Male,9,chatterbox,1,2,2,3,2,2,1,1
session_223,survey_143,annotator_027,Prefer not to say,Prefer not to say,clip_0598,3,speaker_001,Male,3,chatterbox,1,1,1,1,2,1,1,1
session_223,survey_143,annotator_027,Prefer not to say,Prefer not to say,clip_0962,4,speaker_058,Male,5,chatterbox,0,4,1,1,2,2,1,1
session_223,survey_143,annotator_027,Prefer not to say,Prefer not to say,clip_0792,5,speaker_033,Male,2,chatterbox,0,1,1,1,1,1,1,1
session_225,survey_075,annotator_108,Woman,35-44,clip_0296,1,speaker_036,Male,9,elevenlabs,1,3,1,4,2,3,2,2
session_223,survey_143,annotator_027,Prefer not to say,Prefer not to say,clip_0963,6,speaker_058,Male,5,chatterbox,1,2,1,4,1,1,1,1
session_225,survey_075,annotator_108,Woman,35-44,clip_0030,2,speaker_003,Male,1,elevenlabs,1,4,3,5,4,2,4,3
session_223,survey_143,annotator_027,Prefer not to say,Prefer not to say,clip_0611,7,speaker_002,Male,9,chatterbox,0,2,1,1,1,2,1,1
session_225,survey_075,annotator_108,Woman,35-44,clip_0240,3,speaker_030,Male,7,elevenlabs,1,3,2,4,3,2,3,2
session_223,survey_143,annotator_027,Prefer not to say,Prefer not to say,clip_0892,8,speaker_048,Male,4,chatterbox,0,2,1,3,1,2,1,1
session_225,survey_075,annotator_108,Woman,35-44,clip_2010,4,speaker_065,Male,2,elevenlabs,1,2,4,3,2,1,2,2
session_225,survey_075,annotator_108,Woman,35-44,clip_0304,5,speaker_037,Male,5,elevenlabs,1,5,4,3,4,4,2,4
session_223,survey_143,annotator_027,Prefer not to say,Prefer not to say,clip_0947,9,speaker_057,Male,4,chatterbox,1,3,1,4,2,3,1,1
session_225,survey_075,annotator_108,Woman,35-44,clip_2037,6,speaker_075,Male,9,elevenlabs,1,2,1,2,3,2,2,1
session_223,survey_143,annotator_027,Prefer not to say,Prefer not to say,clip_0893,10,speaker_048,Male,4,chatterbox,1,3,1,3,2,2,1,1
session_225,survey_075,annotator_108,Woman,35-44,clip_0026,7,speaker_003,Male,6,elevenlabs,1,4,3,4,3,2,3,4
session_223,survey_143,annotator_027,Prefer not to say,Prefer not to say,clip_0973,11,speaker_059,Male,4,chatterbox,1,4,2,5,2,3,1,1
session_225,survey_075,annotator_108,Woman,35-44,clip_1716,8,speaker_065,Male,2,elevenlabs,0,1,1,2,2,1,2,1
session_225,survey_075,annotator_108,Woman,35-44,clip_0508,9,speaker_060,Male,3,elevenlabs,1,3,4,3,3,2,2,3
session_223,survey_143,annotator_027,Prefer not to say,Prefer not to say,clip_0822,12,speaker_037,Male,8,chatterbox,0,2,2,3,1,2,1,1
session_225,survey_075,annotator_108,Woman,35-44,clip_0046,10,speaker_005,Male,8,elevenlabs,1,4,4,3,2,4,4,3
session_223,survey_143,annotator_027,Prefer not to say,Prefer not to say,clip_0969,13,speaker_059,Male,2,chatterbox,1,3,1,4,2,2,1,1
session_225,survey_075,annotator_108,Woman,35-44,clip_0025,11,speaker_003,Male,6,elevenlabs,0,4,2,4,3,3,2,4
session_223,survey_143,annotator_027,Prefer not to say,Prefer not to say,clip_0946,14,speaker_057,Male,4,chatterbox,0,2,2,3,1,1,1,1
session_225,survey_075,annotator_108,Woman,35-44,clip_0063,12,speaker_008,Male,8,elevenlabs,0,4,3,4,3,2,3,4
session_223,survey_143,annotator_027,Prefer not to say,Prefer not to say,clip_2064,15,speaker_038,Male,2,chatterbox,1,4,1,1,2,3,2,2
session_225,survey_075,annotator_108,Woman,35-44,clip_1932,13,speaker_075,Male,9,elevenlabs,0,2,1,2,1,2,1,1
session_225,survey_075,annotator_108,Woman,35-44,clip_0303,14,speaker_037,Male,5,elevenlabs,0,4,2,4,3,4,3,4
session_223,survey_143,annotator_027,Prefer not to say,Prefer not to say,clip_0597,16,speaker_001,Male,3,chatterbox,0,2,1,4,2,2,1,1
session_225,survey_075,annotator_108,Woman,35-44,clip_0029,15,speaker_003,Male,1,elevenlabs,0,4,4,3,4,4,3,2
session_225,survey_075,annotator_108,Woman,35-44,clip_0507,16,speaker_060,Male,3,elevenlabs,0,2,4,3,2,2,3,2
session_223,survey_143,annotator_027,Prefer not to say,Prefer not to say,clip_0968,17,speaker_059,Male,2,chatterbox,0,2,2,3,1,2,1,1
session_223,survey_143,annotator_027,Prefer not to say,Prefer not to say,clip_0972,18,speaker_059,Male,4,chatterbox,0,2,1,3,1,2,1,1
session_223,survey_143,annotator_027,Prefer not to say,Prefer not to say,clip_1703,19,speaker_038,Male,2,chatterbox,0,2,1,3,1,2,1,1
session_223,survey_143,annotator_027,Prefer not to say,Prefer not to say,clip_0793,20,speaker_033,Male,2,chatterbox,1,3,1,4,2,1,1,1
session_225,survey_075,annotator_108,Woman,35-44,clip_0045,17,speaker_005,Male,8,elevenlabs,0,2,1,1,1,2,1,1
session_225,survey_075,annotator_108,Woman,35-44,clip_0295,18,speaker_036,Male,9,elevenlabs,0,3,2,1,2,1,1,2
session_225,survey_075,annotator_108,Woman,35-44,clip_0239,19,speaker_030,Male,7,elevenlabs,0,3,3,2,1,2,3,2
session_225,survey_075,annotator_108,Woman,35-44,clip_0064,20,speaker_008,Male,8,elevenlabs,1,4,3,4,3,2,4,3
session_209,survey_071,annotator_007,Woman,55-64,clip_2644,19,speaker_043,Female,8,elevenlabs_low_expressiveness,1,5,2,5,2,3,3,4
session_214,survey_090,annotator_163,Man,25-34,clip_2422,19,speaker_021,Female,5,elevenlabs_low_expressiveness,1,5,1,5,3,4,5,4
session_163,survey_134,annotator_064,Prefer not to say,25-34,clip_2398,10,speaker_019,Male,4,elevenlabs_low_expressiveness,1,4,1,5,3,1,2,2
session_162,survey_083,annotator_161,Woman,45-54,clip_1796,15,speaker_006,Male,5,coqui_xtts,0,3,2,3,1,2,2,1
session_174,survey_042,annotator_041,Man,25-34,clip_2742,1,speaker_053,Female,9,elevenlabs_low_expressiveness,0,1,1,1,1,1,1,1
session_174,survey_042,annotator_041,Man,25-34,clip_2846,2,speaker_064,Female,4,elevenlabs_low_expressiveness,1,3,2,5,4,3,3,3
session_174,survey_042,annotator_041,Man,25-34,clip_2615,3,speaker_039,Female,6,elevenlabs_low_expressiveness,0,2,3,2,2,4,3,3
session_174,survey_042,annotator_041,Man,25-34,clip_2904,4,speaker_070,Female,6,elevenlabs_low_expressiveness,1,4,3,4,1,4,4,4
session_174,survey_042,annotator_041,Man,25-34,clip_2946,5,speaker_074,Female,1,elevenlabs_low_expressiveness,1,5,3,4,4,3,4,4
session_174,survey_042,annotator_041,Man,25-34,clip_2887,6,speaker_069,Female,3,elevenlabs_low_expressiveness,0,5,5,5,1,5,5,5
session_184,survey_002,annotator_004,Woman,55-64,clip_0177,1,speaker_023,Male,8,elevenlabs,0,1,1,1,1,1,1,1
session_174,survey_042,annotator_041,Man,25-34,clip_2888,7,speaker_069,Female,3,elevenlabs_low_expressiveness,1,5,5,5,1,5,5,5
session_174,survey_042,annotator_041,Man,25-34,clip_2922,8,speaker_072,Female,6,elevenlabs_low_expressiveness,1,5,5,5,4,3,5,4
session_174,survey_042,annotator_041,Man,25-34,clip_2945,9,speaker_074,Female,1,elevenlabs_low_expressiveness,0,4,3,2,4,3,4,3
session_174,survey_042,annotator_041,Man,25-34,clip_2921,10,speaker_072,Female,6,elevenlabs_low_expressiveness,0,4,3,2,1,3,3,3
session_174,survey_042,annotator_041,Man,25-34,clip_2743,11,speaker_053,Female,9,elevenlabs_low_expressiveness,1,5,4,4,2,4,4,4
session_174,survey_042,annotator_041,Man,25-34,clip_2487,12,speaker_028,Female,6,elevenlabs_low_expressiveness,0,5,5,5,3,5,5,5
session_174,survey_042,annotator_041,Man,25-34,clip_2489,13,speaker_028,Female,8,elevenlabs_low_expressiveness,0,4,4,2,3,4,4,4
session_174,survey_042,annotator_041,Man,25-34,clip_2490,14,speaker_028,Female,8,elevenlabs_low_expressiveness,1,4,4,5,5,5,5,4
session_174,survey_042,annotator_041,Man,25-34,clip_2903,15,speaker_070,Female,6,elevenlabs_low_expressiveness,0,1,1,1,1,1,1,1
session_174,survey_042,annotator_041,Man,25-34,clip_2844,16,speaker_064,Female,3,elevenlabs_low_expressiveness,1,5,3,5,4,3,4,4
session_174,survey_042,annotator_041,Man,25-34,clip_2845,17,speaker_064,Female,4,elevenlabs_low_expressiveness,0,3,4,4,4,3,4,4
session_174,survey_042,annotator_041,Man,25-34,clip_2616,18,speaker_039,Female,6,elevenlabs_low_expressiveness,1,5,5,5,5,5,5,5
session_174,survey_042,annotator_041,Man,25-34,clip_2488,19,speaker_028,Female,6,elevenlabs_low_expressiveness,1,5,5,5,4,5,5,5
session_185,survey_115,annotator_182,Other,45-54,clip_0496,9,speaker_058,Male,1,elevenlabs,1,3,3,3,1,1,2,1
session_174,survey_042,annotator_041,Man,25-34,clip_2843,20,speaker_064,Female,3,elevenlabs_low_expressiveness,0,4,4,4,4,2,4,4
session_202,survey_110,annotator_029,Man,65+,clip_1540,2,speaker_069,Female,9,coqui_xtts,0,4,4,4,2,3,3,3
session_202,survey_110,annotator_029,Man,65+,clip_1421,4,speaker_046,Female,9,coqui_xtts,0,2,1,1,1,1,1,1
session_202,survey_110,annotator_029,Man,65+,clip_1541,6,speaker_069,Female,9,coqui_xtts,1,4,3,3,2,2,3,2
session_202,survey_110,annotator_029,Man,65+,clip_1744,8,speaker_041,Female,3,coqui_xtts,0,1,1,1,1,1,1,1
session_202,survey_110,annotator_029,Man,65+,clip_2137,9,speaker_020,Female,6,coqui_xtts,1,3,3,2,2,2,2,1
session_202,survey_110,annotator_029,Man,65+,clip_1537,11,speaker_069,Female,7,coqui_xtts,1,4,4,3,3,4,3,3
session_202,survey_110,annotator_029,Man,65+,clip_1471,13,speaker_056,Female,5,coqui_xtts,1,5,5,5,3,4,3,4
session_162,survey_083,annotator_161,Woman,45-54,clip_2151,6,speaker_035,Male,6,coqui_xtts,1,4,3,4,1,2,1,1
session_161,survey_132,annotator_020,Woman,45-54,clip_2943,15,speaker_074,Female,7,elevenlabs_low_expressiveness,0,5,1,5,1,4,4,4
session_175,survey_161,annotator_189,Woman,45-54,clip_1951,1,speaker_019,Male,4,elevenlabs,1,4,2,5,3,3,4,4
session_177,survey_129,annotator_023,Woman,45-54,clip_2740,1,speaker_053,Female,8,elevenlabs_low_expressiveness,0,3,3,4,3,2,2,2
session_175,survey_161,annotator_189,Woman,45-54,clip_1769,2,speaker_019,Male,4,elevenlabs,0,4,2,5,2,3,3,3
session_181,survey_224,annotator_057,Woman,35-44,clip_2817,1,speaker_060,Male,6,elevenlabs_low_expressiveness,0,5,1,1,1,3,2,1
session_177,survey_129,annotator_023,Woman,45-54,clip_2721,2,speaker_050,Female,9,elevenlabs_low_expressiveness,1,5,3,5,2,3,3,3
session_179,survey_162,annotator_175,Woman,25-34,clip_2409,1,speaker_020,Female,4,elevenlabs_low_expressiveness,0,2,1,4,1,3,4,4
session_177,survey_129,annotator_023,Woman,45-54,clip_2897,3,speaker_069,Female,1,elevenlabs_low_expressiveness,0,5,3,5,2,3,3,3
session_175,survey_161,annotator_189,Woman,45-54,clip_0131,3,speaker_016,Male,1,elevenlabs,0,5,4,2,3,4,4,3
session_181,survey_224,annotator_057,Woman,35-44,clip_2463,2,speaker_026,Male,6,elevenlabs_low_expressiveness,0,5,1,5,1,2,2,1
session_175,survey_161,annotator_189,Woman,45-54,clip_0091,4,speaker_011,Male,8,elevenlabs,0,2,2,4,2,3,3,4
session_179,survey_162,annotator_175,Woman,25-34,clip_2823,2,speaker_061,Female,5,elevenlabs_low_expressiveness,1,2,1,1,1,1,2,2
session_177,survey_129,annotator_023,Woman,45-54,clip_2741,4,speaker_053,Female,8,elevenlabs_low_expressiveness,1,1,2,3,2,1,1,1
session_181,survey_224,annotator_057,Woman,35-44,clip_2818,3,speaker_060,Male,6,elevenlabs_low_expressiveness,1,5,2,5,2,2,2,1
session_175,survey_161,annotator_189,Woman,45-54,clip_0130,5,speaker_016,Male,8,elevenlabs,1,5,3,5,3,4,4,4
session_179,survey_162,annotator_175,Woman,25-34,clip_2633,3,speaker_042,Female,8,elevenlabs_low_expressiveness,0,3,1,1,1,2,2,2
session_177,survey_129,annotator_023,Woman,45-54,clip_2447,5,speaker_024,Female,8,elevenlabs_low_expressiveness,0,2,1,4,1,1,1,1
session_175,survey_161,annotator_189,Woman,45-54,clip_0099,6,speaker_013,Male,4,elevenlabs,0,1,2,2,2,3,3,3
session_181,survey_224,annotator_057,Woman,35-44,clip_2464,4,speaker_026,Male,6,elevenlabs_low_expressiveness,1,5,1,5,1,3,2,1
session_179,survey_162,annotator_175,Woman,25-34,clip_2641,4,speaker_043,Female,7,elevenlabs_low_expressiveness,0,1,1,1,3,1,2,1
session_177,survey_129,annotator_023,Woman,45-54,clip_2376,6,speaker_017,Female,2,elevenlabs_low_expressiveness,1,4,3,1,2,2,3,3
session_175,survey_161,annotator_189,Woman,45-54,clip_0092,7,speaker_011,Male,8,elevenlabs,1,1,2,5,2,3,3,3
session_181,survey_224,annotator_057,Woman,35-44,clip_2689,5,speaker_048,Male,4,elevenlabs_low_expressiveness,1,5,1,5,3,2,2,2
session_179,survey_162,annotator_175,Woman,25-34,clip_2634,5,speaker_042,Female,8,elevenlabs_low_expressiveness,1,1,1,4,1,2,2,2
session_177,survey_129,annotator_023,Woman,45-54,clip_2763,7,speaker_055,Female,1,elevenlabs_low_expressiveness,0,4,2,4,1,1,1,1
session_175,survey_161,annotator_189,Woman,45-54,clip_0233,8,speaker_030,Male,4,elevenlabs,0,2,3,2,2,3,3,2
session_181,survey_224,annotator_057,Woman,35-44,clip_2502,6,speaker_029,Male,6,elevenlabs_low_expressiveness,1,5,3,5,2,2,2,1
session_175,survey_161,annotator_189,Woman,45-54,clip_0515,9,speaker_060,Male,1,elevenlabs,0,5,3,2,3,4,4,4
session_177,survey_129,annotator_023,Woman,45-54,clip_2608,8,speaker_039,Female,2,elevenlabs_low_expressiveness,1,4,4,5,3,3,4,4
session_181,survey_224,annotator_057,Woman,35-44,clip_2796,7,speaker_058,Male,6,elevenlabs_low_expressiveness,1,5,2,5,1,3,3,1
session_175,survey_161,annotator_189,Woman,45-54,clip_0024,10,speaker_003,Male,5,elevenlabs,1,2,3,5,3,4,4,4
session_177,survey_129,annotator_023,Woman,45-54,clip_2934,9,speaker_073,Female,4,elevenlabs_low_expressiveness,1,4,3,5,1,1,2,2
session_175,survey_161,annotator_189,Woman,45-54,clip_0514,11,speaker_060,Male,6,elevenlabs,1,3,3,5,4,4,4,4
session_181,survey_224,annotator_057,Woman,35-44,clip_2516,8,speaker_030,Male,4,elevenlabs_low_expressiveness,1,5,1,5,3,2,3,2
session_177,survey_129,annotator_023,Woman,45-54,clip_2933,10,speaker_073,Female,4,elevenlabs_low_expressiveness,0,2,1,3,1,1,1,1
session_175,survey_161,annotator_189,Woman,45-54,clip_0129,12,speaker_016,Male,8,elevenlabs,0,3,2,1,3,3,3,3
session_181,survey_224,annotator_057,Woman,35-44,clip_2311,9,speaker_011,Male,4,elevenlabs_low_expressiveness,0,5,2,5,2,2,3,2
session_177,survey_129,annotator_023,Woman,45-54,clip_2764,11,speaker_055,Female,1,elevenlabs_low_expressiveness,1,4,4,5,2,2,2,2
session_175,survey_161,annotator_189,Woman,45-54,clip_0132,13,speaker_016,Male,1,elevenlabs,1,4,3,2,3,4,3,3
session_181,survey_224,annotator_057,Woman,35-44,clip_2795,10,speaker_058,Male,6,elevenlabs_low_expressiveness,0,5,1,5,1,2,2,1
session_179,survey_162,annotator_175,Woman,25-34,clip_2324,6,speaker_012,Female,3,elevenlabs_low_expressiveness,1,4,2,5,1,3,2,3
session_177,survey_129,annotator_023,Woman,45-54,clip_2375,12,speaker_017,Female,2,elevenlabs_low_expressiveness,0,4,2,1,1,1,2,2
session_175,survey_161,annotator_189,Woman,45-54,clip_0513,14,speaker_060,Male,6,elevenlabs,0,3,4,2,3,4,3,3
session_181,survey_224,annotator_057,Woman,35-44,clip_2808,11,speaker_059,Male,8,elevenlabs_low_expressiveness,1,5,1,5,1,3,3,2
session_175,survey_161,annotator_189,Woman,45-54,clip_0490,15,speaker_058,Male,7,elevenlabs,1,3,2,5,4,2,3,2
session_177,survey_129,annotator_023,Woman,45-54,clip_2448,13,speaker_024,Female,8,elevenlabs_low_expressiveness,1,4,3,5,1,2,2,2
session_179,survey_162,annotator_175,Woman,25-34,clip_2706,7,speaker_049,Female,8,elevenlabs_low_expressiveness,0,3,2,5,1,1,3,2
session_175,survey_161,annotator_189,Woman,45-54,clip_0516,16,speaker_060,Male,1,elevenlabs,1,4,2,2,3,4,3,3
session_181,survey_224,annotator_057,Woman,35-44,clip_2316,12,speaker_011,Male,7,elevenlabs_low_expressiveness,1,5,2,5,2,2,3,2
session_177,survey_129,annotator_023,Woman,45-54,clip_2936,14,speaker_073,Female,6,elevenlabs_low_expressiveness,1,3,3,4,2,2,2,2
session_179,survey_162,annotator_175,Woman,25-34,clip_2822,8,speaker_061,Female,5,elevenlabs_low_expressiveness,0,2,1,1,2,1,2,1
session_175,survey_161,annotator_189,Woman,45-54,clip_0234,17,speaker_030,Male,4,elevenlabs,1,2,4,4,3,2,3,3
session_177,survey_129,annotator_023,Woman,45-54,clip_2898,15,speaker_069,Female,1,elevenlabs_low_expressiveness,1,4,1,5,2,1,2,2
session_175,survey_161,annotator_189,Woman,45-54,clip_0023,18,speaker_003,Male,5,elevenlabs,0,4,4,5,3,4,3,4
session_179,survey_162,annotator_175,Woman,25-34,clip_2942,9,speaker_074,Female,6,elevenlabs_low_expressiveness,1,5,1,5,3,1,4,3
session_181,survey_224,annotator_057,Woman,35-44,clip_2807,13,speaker_059,Male,8,elevenlabs_low_expressiveness,0,5,1,2,1,2,2,1
session_177,survey_129,annotator_023,Woman,45-54,clip_2613,16,speaker_039,Female,5,elevenlabs_low_expressiveness,0,4,2,4,2,1,1,1
session_175,survey_161,annotator_189,Woman,45-54,clip_0100,19,speaker_013,Male,4,elevenlabs,1,4,4,5,4,4,4,4
session_181,survey_224,annotator_057,Woman,35-44,clip_2688,14,speaker_048,Male,4,elevenlabs_low_expressiveness,0,5,1,5,3,2,2,2
session_177,survey_129,annotator_023,Woman,45-54,clip_2720,17,speaker_050,Female,9,elevenlabs_low_expressiveness,0,2,2,3,1,1,1,1
session_175,survey_161,annotator_189,Woman,45-54,clip_0489,20,speaker_058,Male,7,elevenlabs,0,4,4,2,3,4,3,3
session_179,survey_162,annotator_175,Woman,25-34,clip_2328,10,speaker_012,Female,1,elevenlabs_low_expressiveness,1,5,1,5,2,2,3,3
session_181,survey_224,annotator_057,Woman,35-44,clip_2312,15,speaker_011,Male,4,elevenlabs_low_expressiveness,1,5,2,5,3,2,3,2
session_177,survey_129,annotator_023,Woman,45-54,clip_2935,18,speaker_073,Female,6,elevenlabs_low_expressiveness,0,3,1,3,1,1,1,1
session_181,survey_224,annotator_057,Woman,35-44,clip_2501,16,speaker_029,Male,6,elevenlabs_low_expressiveness,0,5,1,5,1,2,2,1
session_177,survey_129,annotator_023,Woman,45-54,clip_2614,19,speaker_039,Female,5,elevenlabs_low_expressiveness,1,3,2,1,3,2,2,2
session_179,survey_162,annotator_175,Woman,25-34,clip_2710,11,speaker_050,Female,4,elevenlabs_low_expressiveness,0,4,1,1,2,1,2,1
session_181,survey_224,annotator_057,Woman,35-44,clip_2315,17,speaker_011,Male,7,elevenlabs_low_expressiveness,0,5,3,5,1,2,3,2
session_177,survey_129,annotator_023,Woman,45-54,clip_2607,20,speaker_039,Female,2,elevenlabs_low_expressiveness,0,2,2,3,1,1,1,1
session_198,survey_084,annotator_032,Man,55-64,clip_2598,1,speaker_038,Male,5,elevenlabs_low_expressiveness,1,4,2,5,3,2,3,1
session_179,survey_162,annotator_175,Woman,25-34,clip_2707,12,speaker_049,Female,8,elevenlabs_low_expressiveness,1,5,2,5,1,4,3,3
session_181,survey_224,annotator_057,Woman,35-44,clip_2691,18,speaker_048,Male,5,elevenlabs_low_expressiveness,1,5,1,5,3,2,3,2
session_198,survey_084,annotator_032,Man,55-64,clip_2433,2,speaker_022,Male,8,elevenlabs_low_expressiveness,0,1,1,1,1,1,1,1
session_179,survey_162,annotator_175,Woman,25-34,clip_2941,13,speaker_074,Female,6,elevenlabs_low_expressiveness,0,5,1,5,4,1,4,2
session_181,survey_224,annotator_057,Woman,35-44,clip_2690,19,speaker_048,Male,5,elevenlabs_low_expressiveness,0,5,1,5,3,2,2,2
session_198,survey_084,annotator_032,Man,55-64,clip_2385,3,speaker_018,Male,4,elevenlabs_low_expressiveness,0,1,1,1,1,1,1,1
session_181,survey_224,annotator_057,Woman,35-44,clip_2515,20,speaker_030,Male,4,elevenlabs_low_expressiveness,0,5,1,2,1,2,1,1
session_198,survey_084,annotator_032,Man,55-64,clip_2596,4,speaker_038,Male,4,elevenlabs_low_expressiveness,1,5,3,5,3,3,3,1
session_198,survey_084,annotator_032,Man,55-64,clip_2463,5,speaker_026,Male,6,elevenlabs_low_expressiveness,0,2,1,2,1,1,1,1
session_179,survey_162,annotator_175,Woman,25-34,clip_2903,17,speaker_070,Female,6,elevenlabs_low_expressiveness,0,1,1,1,1,1,1,1
session_179,survey_162,annotator_175,Woman,25-34,clip_2323,19,speaker_012,Female,3,elevenlabs_low_expressiveness,0,3,3,5,3,2,3,2
session_179,survey_162,annotator_175,Woman,25-34,clip_2711,20,speaker_050,Female,4,elevenlabs_low_expressiveness,1,5,3,5,3,2,4,3
session_198,survey_084,annotator_032,Man,55-64,clip_2782,8,speaker_057,Male,5,elevenlabs_low_expressiveness,1,5,3,5,3,2,3,1
session_198,survey_084,annotator_032,Man,55-64,clip_2292,9,speaker_009,Male,7,elevenlabs_low_expressiveness,1,4,3,3,3,2,3,1
session_198,survey_084,annotator_032,Man,55-64,clip_2434,11,speaker_022,Male,8,elevenlabs_low_expressiveness,1,3,2,3,2,2,2,1
session_198,survey_084,annotator_032,Man,55-64,clip_2597,13,speaker_038,Male,5,elevenlabs_low_expressiveness,0,4,2,3,2,2,2,1
session_198,survey_084,annotator_032,Man,55-64,clip_2815,15,speaker_060,Male,4,elevenlabs_low_expressiveness,0,2,1,1,1,1,1,1
session_198,survey_084,annotator_032,Man,55-64,clip_2781,16,speaker_057,Male,5,elevenlabs_low_expressiveness,0,4,3,4,3,2,3,1
session_161,survey_132,annotator_020,Woman,45-54,clip_2912,10,speaker_071,Female,7,elevenlabs_low_expressiveness,1,5,3,5,1,4,4,4
session_162,survey_083,annotator_161,Woman,45-54,clip_1307,11,speaker_029,Male,6,coqui_xtts,1,3,4,4,2,2,2,1
session_166,survey_211,annotator_155,Woman,65+,clip_0552,20,speaker_070,Female,3,elevenlabs,1,3,2,2,2,2,2,1
session_163,survey_134,annotator_064,Prefer not to say,25-34,clip_2819,20,speaker_060,Male,9,elevenlabs_low_expressiveness,0,1,1,5,3,1,1,1
session_176,survey_196,annotator_146,Woman,45-54,clip_1137,1,speaker_005,Male,9,coqui_xtts,0,1,1,2,1,1,1,1
session_176,survey_196,annotator_146,Woman,45-54,clip_1162,2,speaker_010,Male,3,coqui_xtts,0,2,3,3,1,3,3,2
session_185,survey_115,annotator_182,Other,45-54,clip_0286,1,speaker_036,Male,3,elevenlabs,1,3,1,3,1,2,2,2
session_176,survey_196,annotator_146,Woman,45-54,clip_1149,3,speaker_008,Male,8,coqui_xtts,1,4,3,5,1,4,4,4
session_189,survey_082,annotator_113,Woman,35-44,clip_2403,1,speaker_019,Male,9,elevenlabs_low_expressiveness,0,2,1,3,1,1,2,1
session_176,survey_196,annotator_146,Woman,45-54,clip_1368,4,speaker_036,Male,9,coqui_xtts,0,2,1,2,1,2,2,1
session_176,survey_196,annotator_146,Woman,45-54,clip_1138,5,speaker_005,Male,9,coqui_xtts,1,1,1,2,1,1,2,1
session_189,survey_082,annotator_113,Woman,35-44,clip_2441,2,speaker_023,Male,6,elevenlabs_low_expressiveness,0,2,3,1,1,1,2,2
session_189,survey_082,annotator_113,Woman,35-44,clip_2332,3,speaker_013,Male,3,elevenlabs_low_expressiveness,1,4,2,2,3,2,3,3
session_176,survey_196,annotator_146,Woman,45-54,clip_1624,6,speaker_084,Male,4,coqui_xtts,0,3,1,1,1,2,2,1
session_176,survey_196,annotator_146,Woman,45-54,clip_1125,7,speaker_005,Male,2,coqui_xtts,0,2,1,3,3,1,2,2
session_176,survey_196,annotator_146,Woman,45-54,clip_1806,8,speaker_054,Male,5,coqui_xtts,0,3,2,1,1,2,2,2
session_176,survey_196,annotator_146,Woman,45-54,clip_1126,9,speaker_005,Male,2,coqui_xtts,1,5,1,3,3,4,4,4
session_189,survey_082,annotator_113,Woman,35-44,clip_2442,4,speaker_023,Male,6,elevenlabs_low_expressiveness,1,5,2,4,2,2,4,4
session_176,survey_196,annotator_146,Woman,45-54,clip_1215,10,speaker_015,Male,8,coqui_xtts,1,5,1,4,3,3,4,4
session_189,survey_082,annotator_113,Woman,35-44,clip_2562,5,speaker_035,Male,3,elevenlabs_low_expressiveness,1,5,3,4,3,2,4,4
session_176,survey_196,annotator_146,Woman,45-54,clip_1835,11,speaker_038,Male,6,coqui_xtts,0,1,4,3,1,1,3,2
session_189,survey_082,annotator_113,Woman,35-44,clip_2864,6,speaker_065,Male,1,elevenlabs_low_expressiveness,1,5,2,4,3,2,4,4
session_189,survey_082,annotator_113,Woman,35-44,clip_2836,7,speaker_063,Male,6,elevenlabs_low_expressiveness,1,4,3,4,2,2,3,3
session_176,survey_196,annotator_146,Woman,45-54,clip_1163,12,speaker_010,Male,3,coqui_xtts,1,5,2,3,3,3,4,3
session_189,survey_082,annotator_113,Woman,35-44,clip_2250,8,speaker_004,Male,5,elevenlabs_low_expressiveness,1,5,1,5,1,2,4,4
session_176,survey_196,annotator_146,Woman,45-54,clip_1369,13,speaker_036,Male,9,coqui_xtts,1,2,4,4,2,2,3,2
session_189,survey_082,annotator_113,Woman,35-44,clip_2513,9,speaker_030,Male,3,elevenlabs_low_expressiveness,0,1,1,1,1,1,1,1
session_176,survey_196,annotator_146,Woman,45-54,clip_2168,14,speaker_054,Male,5,coqui_xtts,1,5,1,4,2,5,5,5
session_176,survey_196,annotator_146,Woman,45-54,clip_1364,15,speaker_036,Male,6,coqui_xtts,0,3,1,2,1,1,1,1
session_176,survey_196,annotator_146,Woman,45-54,clip_1148,16,speaker_008,Male,8,coqui_xtts,0,5,1,5,2,4,4,4
session_187,survey_026,annotator_052,Woman,65+,clip_0070,6,speaker_009,Male,5,elevenlabs,1,5,1,5,1,4,4,3
session_176,survey_196,annotator_146,Woman,45-54,clip_1625,17,speaker_084,Male,4,coqui_xtts,1,5,2,5,3,5,5,5
session_180,survey_064,annotator_050,Woman,45-54,clip_1490,15,speaker_058,Male,2,coqui_xtts,0,3,1,3,1,3,2,1
session_189,survey_082,annotator_113,Woman,35-44,clip_2331,10,speaker_013,Male,3,elevenlabs_low_expressiveness,0,4,2,2,2,2,2,2
session_176,survey_196,annotator_146,Woman,45-54,clip_1214,18,speaker_015,Male,8,coqui_xtts,0,2,1,1,1,2,2,1
session_189,survey_082,annotator_113,Woman,35-44,clip_2803,11,speaker_059,Male,4,elevenlabs_low_expressiveness,0,2,1,2,1,1,1,1
session_176,survey_196,annotator_146,Woman,45-54,clip_2156,19,speaker_038,Male,6,coqui_xtts,1,5,2,4,2,3,3,3
session_189,survey_082,annotator_113,Woman,35-44,clip_2404,12,speaker_019,Male,9,elevenlabs_low_expressiveness,1,3,1,4,2,1,2,3
session_176,survey_196,annotator_146,Woman,45-54,clip_1365,20,speaker_036,Male,6,coqui_xtts,1,4,4,4,3,4,4,4
session_191,survey_153,annotator_077,Man,55-64,clip_1153,1,speaker_009,Male,2,coqui_xtts,1,4,4,5,5,3,2,2
session_189,survey_082,annotator_113,Woman,35-44,clip_2804,13,speaker_059,Male,4,elevenlabs_low_expressiveness,1,3,2,4,2,2,3,3
session_189,survey_082,annotator_113,Woman,35-44,clip_2514,14,speaker_030,Male,3,elevenlabs_low_expressiveness,1,4,1,4,1,1,2,2
session_189,survey_082,annotator_113,Woman,35-44,clip_2278,15,speaker_008,Male,4,elevenlabs_low_expressiveness,1,3,4,3,4,2,3,3
session_189,survey_082,annotator_113,Woman,35-44,clip_2561,16,speaker_035,Male,3,elevenlabs_low_expressiveness,0,2,1,2,1,1,2,2
session_191,survey_153,annotator_077,Man,55-64,clip_1480,2,speaker_057,Male,5,coqui_xtts,0,4,3,5,5,2,4,4
session_189,survey_082,annotator_113,Woman,35-44,clip_2835,17,speaker_063,Male,6,elevenlabs_low_expressiveness,0,2,2,2,1,1,2,2
session_191,survey_153,annotator_077,Man,55-64,clip_1599,3,speaker_081,Male,7,coqui_xtts,1,4,4,3,2,4,4,5
session_191,survey_153,annotator_077,Man,55-64,clip_1598,4,speaker_081,Male,7,coqui_xtts,0,5,4,5,3,2,2,4
session_191,survey_153,annotator_077,Man,55-64,clip_1101,5,speaker_001,Male,3,coqui_xtts,0,4,4,5,4,4,5,3
session_189,survey_082,annotator_113,Woman,35-44,clip_2277,18,speaker_008,Male,4,elevenlabs_low_expressiveness,0,2,3,1,2,2,2,2
session_191,survey_153,annotator_077,Man,55-64,clip_1377,6,speaker_037,Male,7,coqui_xtts,1,5,2,5,5,4,3,5
session_189,survey_082,annotator_113,Woman,35-44,clip_2249,19,speaker_004,Male,5,elevenlabs_low_expressiveness,0,4,3,3,2,2,3,3
session_191,survey_153,annotator_077,Man,55-64,clip_1102,7,speaker_001,Male,3,coqui_xtts,1,5,4,4,5,4,4,5
session_189,survey_082,annotator_113,Woman,35-44,clip_2863,20,speaker_065,Male,1,elevenlabs_low_expressiveness,0,4,2,2,1,1,3,3
session_191,survey_153,annotator_077,Man,55-64,clip_1313,8,speaker_029,Male,9,coqui_xtts,1,4,4,5,4,5,5,3
session_191,survey_153,annotator_077,Man,55-64,clip_1226,9,speaker_016,Male,8,coqui_xtts,0,2,4,4,5,2,3,3
session_191,survey_153,annotator_077,Man,55-64,clip_1630,10,speaker_085,Male,2,coqui_xtts,0,4,4,5,4,4,5,3
session_191,survey_153,annotator_077,Man,55-64,clip_1205,11,speaker_015,Male,3,coqui_xtts,1,5,4,4,1,4,5,4
session_191,survey_153,annotator_077,Man,55-64,clip_1312,12,speaker_029,Male,9,coqui_xtts,0,4,4,5,4,3,4,5
session_191,survey_153,annotator_077,Man,55-64,clip_1103,13,speaker_001,Male,5,coqui_xtts,0,5,1,5,1,3,4,4
session_191,survey_153,annotator_077,Man,55-64,clip_1481,14,speaker_057,Male,5,coqui_xtts,1,5,3,4,4,5,4,5
session_198,survey_084,annotator_032,Man,55-64,clip_2566,17,speaker_035,Male,6,elevenlabs_low_expressiveness,1,5,4,5,3,3,3,1
session_191,survey_153,annotator_077,Man,55-64,clip_1376,15,speaker_037,Male,7,coqui_xtts,0,4,4,5,4,4,5,3
session_198,survey_084,annotator_032,Man,55-64,clip_2565,18,speaker_035,Male,6,elevenlabs_low_expressiveness,0,2,1,2,1,1,1,1
session_191,survey_153,annotator_077,Man,55-64,clip_1631,16,speaker_085,Male,2,coqui_xtts,1,5,2,4,5,5,4,4
session_191,survey_153,annotator_077,Man,55-64,clip_1152,17,speaker_009,Male,2,coqui_xtts,0,4,4,5,3,3,5,5
session_191,survey_153,annotator_077,Man,55-64,clip_1104,18,speaker_001,Male,5,coqui_xtts,1,5,1,4,5,5,4,4
session_191,survey_153,annotator_077,Man,55-64,clip_1227,19,speaker_016,Male,8,coqui_xtts,1,4,4,5,2,4,5,4
session_198,survey_084,annotator_032,Man,55-64,clip_2308,19,speaker_010,Male,1,elevenlabs_low_expressiveness,1,3,2,3,2,2,2,1
session_191,survey_153,annotator_077,Man,55-64,clip_1204,20,speaker_015,Male,3,coqui_xtts,0,5,2,1,1,2,3,3
session_198,survey_084,annotator_032,Man,55-64,clip_2816,20,speaker_060,Male,4,elevenlabs_low_expressiveness,1,3,2,3,2,2,3,1
session_208,survey_031,annotator_087,Woman,45-54,clip_0409,1,speaker_048,Male,9,elevenlabs,0,2,1,2,1,1,1,1
session_208,survey_031,annotator_087,Woman,45-54,clip_0244,2,speaker_030,Male,1,elevenlabs,1,5,5,5,5,5,5,5
session_208,survey_031,annotator_087,Woman,45-54,clip_0149,3,speaker_018,Male,4,elevenlabs,0,1,1,1,1,1,1,1
session_208,survey_031,annotator_087,Woman,45-54,clip_0513,4,speaker_060,Male,6,elevenlabs,0,1,1,1,1,1,1,1
session_208,survey_031,annotator_087,Woman,45-54,clip_0207,5,speaker_026,Male,9,elevenlabs,0,2,2,2,2,2,2,2
session_208,survey_031,annotator_087,Woman,45-54,clip_0150,6,speaker_018,Male,4,elevenlabs,1,3,4,4,4,4,4,4
session_208,survey_031,annotator_087,Woman,45-54,clip_0514,7,speaker_060,Male,6,elevenlabs,1,1,2,1,1,1,1,1
session_208,survey_031,annotator_087,Woman,45-54,clip_0205,8,speaker_026,Male,6,elevenlabs,0,1,1,1,1,1,1,1
session_224,survey_163,annotator_094,Man,35-44,clip_0771,1,speaker_030,Male,3,chatterbox,1,4,4,3,1,1,2,1
session_224,survey_163,annotator_094,Man,35-44,clip_0726,2,speaker_023,Male,2,chatterbox,0,3,2,1,1,1,1,1
session_208,survey_031,annotator_087,Woman,45-54,clip_2009,12,speaker_063,Male,1,elevenlabs,1,3,3,3,3,3,3,3
session_208,survey_031,annotator_087,Woman,45-54,clip_0406,13,speaker_048,Male,6,elevenlabs,1,4,3,3,3,3,3,3
session_202,survey_110,annotator_029,Man,65+,clip_1536,14,speaker_069,Female,7,coqui_xtts,0,3,3,3,2,3,2,2
session_202,survey_110,annotator_029,Man,65+,clip_2194,15,speaker_068,Female,3,coqui_xtts,1,5,4,4,4,3,3,3
session_208,survey_031,annotator_087,Woman,45-54,clip_0208,16,speaker_026,Male,9,elevenlabs,1,4,4,4,4,4,4,4
session_202,survey_110,annotator_029,Man,65+,clip_1559,16,speaker_073,Female,3,coqui_xtts,1,4,4,4,4,4,3,3
session_208,survey_031,annotator_087,Woman,45-54,clip_1678,19,speaker_063,Male,1,elevenlabs,0,3,2,2,2,2,2,2
session_208,survey_031,annotator_087,Woman,45-54,clip_0243,20,speaker_030,Male,1,elevenlabs,0,2,2,2,2,2,2,2
session_202,survey_110,annotator_029,Man,65+,clip_2161,18,speaker_041,Female,3,coqui_xtts,1,4,4,4,3,4,3,3
session_202,survey_110,annotator_029,Man,65+,clip_1558,20,speaker_073,Female,3,coqui_xtts,0,2,2,2,1,1,1,1
session_160,survey_215,annotator_109,Man,25-34,clip_1013,8,speaker_070,Female,2,chatterbox,1,4,4,5,1,4,4,1
session_173,survey_183,annotator_125,Woman,35-44,clip_2613,1,speaker_039,Female,5,elevenlabs_low_expressiveness,0,3,1,2,1,2,2,1
session_167,survey_117,annotator_139,Man,25-34,clip_2484,11,speaker_028,Female,2,elevenlabs_low_expressiveness,1,1,1,3,3,2,4,3
session_173,survey_183,annotator_125,Woman,35-44,clip_2406,2,speaker_020,Female,2,elevenlabs_low_expressiveness,1,5,3,3,1,4,4,5
session_173,survey_183,annotator_125,Woman,35-44,clip_2678,3,speaker_047,Female,6,elevenlabs_low_expressiveness,0,3,1,3,1,2,2,3
session_173,survey_183,annotator_125,Woman,35-44,clip_2931,4,speaker_073,Female,3,elevenlabs_low_expressiveness,0,3,1,1,1,2,1,1
session_173,survey_183,annotator_125,Woman,35-44,clip_2274,5,speaker_007,Female,7,elevenlabs_low_expressiveness,1,3,1,1,2,2,3,2
session_173,survey_183,annotator_125,Woman,35-44,clip_2829,6,speaker_062,Female,4,elevenlabs_low_expressiveness,0,4,1,1,1,2,2,3
session_173,survey_183,annotator_125,Woman,35-44,clip_2903,7,speaker_070,Female,6,elevenlabs_low_expressiveness,0,1,1,2,1,1,1,1
session_173,survey_183,annotator_125,Woman,35-44,clip_2638,8,speaker_043,Female,5,elevenlabs_low_expressiveness,1,4,2,4,3,2,4,2
session_173,survey_183,annotator_125,Woman,35-44,clip_2637,9,speaker_043,Female,5,elevenlabs_low_expressiveness,0,2,2,1,1,2,3,2
session_173,survey_183,annotator_125,Woman,35-44,clip_2273,10,speaker_007,Female,7,elevenlabs_low_expressiveness,0,1,1,1,1,1,1,1
session_173,survey_183,annotator_125,Woman,35-44,clip_2773,11,speaker_056,Female,9,elevenlabs_low_expressiveness,0,3,1,3,1,5,4,2
session_173,survey_183,annotator_125,Woman,35-44,clip_2679,12,speaker_047,Female,6,elevenlabs_low_expressiveness,1,5,4,5,4,4,5,4
session_173,survey_183,annotator_125,Woman,35-44,clip_2407,13,speaker_020,Female,3,elevenlabs_low_expressiveness,0,2,1,4,1,3,2,2
session_173,survey_183,annotator_125,Woman,35-44,clip_2774,14,speaker_056,Female,9,elevenlabs_low_expressiveness,1,4,5,5,4,5,4,4
session_173,survey_183,annotator_125,Woman,35-44,clip_2830,15,speaker_062,Female,4,elevenlabs_low_expressiveness,1,3,2,5,4,3,4,4
session_173,survey_183,annotator_125,Woman,35-44,clip_2932,16,speaker_073,Female,3,elevenlabs_low_expressiveness,1,5,5,5,1,5,4,5
session_173,survey_183,annotator_125,Woman,35-44,clip_2614,17,speaker_039,Female,5,elevenlabs_low_expressiveness,1,4,2,1,3,2,2,2
session_173,survey_183,annotator_125,Woman,35-44,clip_2408,18,speaker_020,Female,3,elevenlabs_low_expressiveness,1,5,4,5,2,4,4,5
session_173,survey_183,annotator_125,Woman,35-44,clip_2904,19,speaker_070,Female,6,elevenlabs_low_expressiveness,1,2,4,5,2,3,4,4
session_173,survey_183,annotator_125,Woman,35-44,clip_2405,20,speaker_020,Female,2,elevenlabs_low_expressiveness,0,4,3,4,1,3,3,4
session_178,survey_081,annotator_008,Man,45-54,clip_1373,1,speaker_037,Male,2,coqui_xtts,1,4,1,5,2,3,4,5
session_180,survey_064,annotator_050,Woman,45-54,clip_1224,1,speaker_016,Male,5,coqui_xtts,0,2,1,1,1,1,1,1
session_178,survey_081,annotator_008,Man,45-54,clip_1118,2,speaker_003,Male,1,coqui_xtts,1,5,1,4,4,2,1,3
session_187,survey_026,annotator_052,Woman,65+,clip_0477,1,speaker_057,Male,8,elevenlabs,0,4,1,5,1,5,5,4
session_178,survey_081,annotator_008,Man,45-54,clip_1281,3,speaker_026,Male,3,coqui_xtts,1,5,1,5,1,4,4,4
session_180,survey_064,annotator_050,Woman,45-54,clip_1491,2,speaker_058,Male,2,coqui_xtts,1,1,1,1,1,1,1,1
session_190,survey_013,annotator_056,Man,65+,clip_2145,1,speaker_027,Female,8,coqui_xtts,1,3,1,5,1,2,3,3
session_178,survey_081,annotator_008,Man,45-54,clip_1357,4,speaker_034,Male,9,coqui_xtts,1,2,1,5,1,2,3,3
session_187,survey_026,annotator_052,Woman,65+,clip_0123,2,speaker_016,Male,5,elevenlabs,0,4,1,5,1,4,4,4
session_180,survey_064,annotator_050,Woman,45-54,clip_1648,3,speaker_086,Male,3,coqui_xtts,0,4,1,1,1,2,2,1
session_190,survey_013,annotator_056,Man,65+,clip_1467,2,speaker_053,Female,8,coqui_xtts,1,3,2,5,2,3,3,3
session_178,survey_081,annotator_008,Man,45-54,clip_1622,5,speaker_084,Male,3,coqui_xtts,0,5,2,3,3,4,5,4
session_180,survey_064,annotator_050,Woman,45-54,clip_1767,4,speaker_006,Male,4,coqui_xtts,0,1,1,1,1,1,1,1
session_178,survey_081,annotator_008,Man,45-54,clip_1126,6,speaker_005,Male,2,coqui_xtts,1,5,3,3,5,4,5,5
session_190,survey_013,annotator_056,Man,65+,clip_2210,3,speaker_079,Female,4,coqui_xtts,1,4,3,5,4,2,4,4
session_178,survey_081,annotator_008,Man,45-54,clip_2177,7,speaker_063,Male,6,coqui_xtts,1,5,1,5,4,5,5,5
session_180,survey_064,annotator_050,Woman,45-54,clip_1120,5,speaker_004,Male,3,coqui_xtts,1,4,1,4,1,2,2,1
session_178,survey_081,annotator_008,Man,45-54,clip_1374,8,speaker_037,Male,5,coqui_xtts,0,5,4,5,5,3,3,5
session_190,survey_013,annotator_056,Man,65+,clip_2196,4,speaker_068,Female,6,coqui_xtts,1,2,1,4,1,3,3,2
session_178,survey_081,annotator_008,Man,45-54,clip_1623,9,speaker_084,Male,3,coqui_xtts,1,5,4,5,3,3,5,5
session_180,survey_064,annotator_050,Woman,45-54,clip_1925,6,speaker_063,Male,9,coqui_xtts,0,5,1,5,1,4,3,2
session_190,survey_013,annotator_056,Man,65+,clip_2143,5,speaker_027,Female,6,coqui_xtts,1,5,5,5,3,3,4,4
session_178,survey_081,annotator_008,Man,45-54,clip_1632,10,speaker_085,Male,3,coqui_xtts,0,5,3,5,4,3,4,5
session_178,survey_081,annotator_008,Man,45-54,clip_1375,11,speaker_037,Male,5,coqui_xtts,1,4,4,5,3,2,4,4
session_190,survey_013,annotator_056,Man,65+,clip_1618,6,speaker_083,Female,6,coqui_xtts,0,4,2,5,2,4,3,4
session_187,survey_026,annotator_052,Woman,65+,clip_0020,3,speaker_002,Male,9,elevenlabs,1,5,1,5,1,5,5,3
session_180,survey_064,annotator_050,Woman,45-54,clip_1325,7,speaker_031,Male,3,coqui_xtts,1,2,1,3,1,2,2,1
session_178,survey_081,annotator_008,Man,45-54,clip_1841,12,speaker_063,Male,6,coqui_xtts,0,2,3,3,3,2,2,3
session_190,survey_013,annotator_056,Man,65+,clip_1619,7,speaker_083,Female,6,coqui_xtts,1,3,3,2,1,2,2,2
session_190,survey_013,annotator_056,Man,65+,clip_1884,8,speaker_027,Female,8,coqui_xtts,0,5,4,5,3,3,3,4
session_180,survey_064,annotator_050,Woman,45-54,clip_1225,8,speaker_016,Male,5,coqui_xtts,1,2,1,4,1,2,2,1
session_187,survey_026,annotator_052,Woman,65+,clip_1993,4,speaker_054,Male,1,elevenlabs,1,5,4,5,1,4,4,3
session_190,survey_013,annotator_056,Man,65+,clip_1380,9,speaker_039,Female,2,coqui_xtts,0,1,2,3,2,2,2,2
session_180,survey_064,annotator_050,Woman,45-54,clip_1281,9,speaker_026,Male,3,coqui_xtts,1,5,2,5,1,3,3,2
session_190,survey_013,annotator_056,Man,65+,clip_1793,10,speaker_079,Female,4,coqui_xtts,0,3,3,4,4,2,3,3
session_180,survey_064,annotator_050,Woman,45-54,clip_1634,10,speaker_085,Male,5,coqui_xtts,0,2,1,2,1,2,2,1
session_185,survey_115,annotator_182,Other,45-54,clip_0028,11,speaker_003,Male,9,elevenlabs,1,3,2,3,1,2,2,2
session_190,survey_013,annotator_056,Man,65+,clip_1466,11,speaker_053,Female,8,coqui_xtts,0,4,3,5,3,3,3,2
session_180,survey_064,annotator_050,Woman,45-54,clip_1649,11,speaker_086,Male,3,coqui_xtts,1,3,2,4,1,2,2,1
session_178,survey_081,annotator_008,Man,45-54,clip_1280,13,speaker_026,Male,3,coqui_xtts,0,5,5,1,4,3,3,2
session_180,survey_064,annotator_050,Woman,45-54,clip_2180,12,speaker_063,Male,9,coqui_xtts,1,4,1,4,1,3,2,2
session_190,survey_013,annotator_056,Man,65+,clip_1582,12,speaker_078,Female,7,coqui_xtts,0,1,4,1,4,1,1,1
session_180,survey_064,annotator_050,Woman,45-54,clip_1516,13,speaker_060,Male,1,coqui_xtts,0,3,1,2,1,2,2,2
session_187,survey_026,annotator_052,Woman,65+,clip_0124,5,speaker_016,Male,5,elevenlabs,1,4,1,4,1,4,4,3
session_180,survey_064,annotator_050,Woman,45-54,clip_1324,14,speaker_031,Male,3,coqui_xtts,0,4,1,1,1,2,1,1
session_178,survey_081,annotator_008,Man,45-54,clip_1483,15,speaker_057,Male,6,coqui_xtts,1,4,1,4,5,5,3,2
session_190,survey_013,annotator_056,Man,65+,clip_1143,14,speaker_007,Female,5,coqui_xtts,0,2,1,1,1,2,2,3
session_190,survey_013,annotator_056,Man,65+,clip_1830,15,speaker_027,Female,6,coqui_xtts,0,4,3,5,3,3,3,4
session_180,survey_064,annotator_050,Woman,45-54,clip_2120,16,speaker_006,Male,4,coqui_xtts,1,4,1,4,1,3,2,2
session_190,survey_013,annotator_056,Man,65+,clip_1381,16,speaker_039,Female,2,coqui_xtts,1,5,2,5,3,3,4,4
session_187,survey_026,annotator_052,Woman,65+,clip_0018,7,speaker_002,Male,8,elevenlabs,1,5,1,5,1,5,4,2
session_187,survey_026,annotator_052,Woman,65+,clip_1674,8,speaker_054,Male,1,elevenlabs,0,5,1,5,1,5,5,3
session_180,survey_064,annotator_050,Woman,45-54,clip_1280,17,speaker_026,Male,3,coqui_xtts,0,1,1,3,1,1,1,1
session_190,survey_013,annotator_056,Man,65+,clip_1144,18,speaker_007,Female,5,coqui_xtts,1,5,2,5,3,4,4,4
session_178,survey_081,annotator_008,Man,45-54,clip_1633,19,speaker_085,Male,3,coqui_xtts,1,4,1,3,4,2,4,2
session_190,survey_013,annotator_056,Man,65+,clip_1290,19,speaker_028,Female,2,coqui_xtts,0,3,3,4,3,3,3,3
session_180,survey_064,annotator_050,Woman,45-54,clip_1635,19,speaker_085,Male,5,coqui_xtts,1,4,1,4,1,3,2,2
session_187,survey_026,annotator_052,Woman,65+,clip_0047,11,speaker_005,Male,9,elevenlabs,0,5,1,5,1,5,5,3
session_187,survey_026,annotator_052,Woman,65+,clip_0019,12,speaker_002,Male,9,elevenlabs,0,5,1,5,1,5,4,3
session_187,survey_026,annotator_052,Woman,65+,clip_0478,13,speaker_057,Male,8,elevenlabs,1,5,1,5,1,5,5,3
session_187,survey_026,annotator_052,Woman,65+,clip_0012,15,speaker_002,Male,2,elevenlabs,1,5,1,5,1,5,5,3
session_187,survey_026,annotator_052,Woman,65+,clip_0003,16,speaker_001,Male,4,elevenlabs,0,5,1,5,1,5,5,2
session_187,survey_026,annotator_052,Woman,65+,clip_0011,18,speaker_002,Male,2,elevenlabs,0,5,1,5,1,5,5,3
session_187,survey_026,annotator_052,Woman,65+,clip_0048,19,speaker_005,Male,9,elevenlabs,1,5,1,5,1,5,5,3
session_168,survey_096,annotator_116,Woman,55-64,clip_1424,10,speaker_046,Female,1,coqui_xtts,1,3,2,3,4,2,3,2
session_159,survey_139,annotator_136,Man,45-54,clip_0900,15,speaker_049,Female,4,chatterbox,0,3,4,5,2,2,3,2
session_161,survey_132,annotator_020,Woman,45-54,clip_2894,14,speaker_069,Female,8,elevenlabs_low_expressiveness,1,5,3,5,1,4,4,4
session_182,survey_035,annotator_180,Man,25-34,clip_0698,1,speaker_017,Female,4,chatterbox,1,3,3,3,3,3,3,3
session_182,survey_035,annotator_180,Man,25-34,clip_0742,2,speaker_025,Female,7,chatterbox,0,3,3,3,4,4,4,4
session_182,survey_035,annotator_180,Man,25-34,clip_2081,3,speaker_055,Female,9,chatterbox,1,3,3,3,3,3,3,3
session_182,survey_035,annotator_180,Man,25-34,clip_2040,4,speaker_012,Female,1,chatterbox,1,2,2,2,2,2,2,2
session_182,survey_035,annotator_180,Man,25-34,clip_1049,5,speaker_078,Female,3,chatterbox,1,3,3,3,3,3,3,3
session_182,survey_035,annotator_180,Man,25-34,clip_0834,6,speaker_039,Female,9,chatterbox,0,4,4,4,4,4,4,4
session_182,survey_035,annotator_180,Man,25-34,clip_1658,7,speaker_012,Female,1,chatterbox,0,3,3,3,3,3,3,3
session_182,survey_035,annotator_180,Man,25-34,clip_1789,8,speaker_071,Female,4,chatterbox,0,3,3,3,3,3,3,3
session_182,survey_035,annotator_180,Man,25-34,clip_0631,9,speaker_007,Female,4,chatterbox,1,4,4,4,4,4,4,4
session_182,survey_035,annotator_180,Man,25-34,clip_0697,10,speaker_017,Female,4,chatterbox,0,2,2,2,2,2,2,2
session_182,survey_035,annotator_180,Man,25-34,clip_2102,11,speaker_071,Female,4,chatterbox,1,3,3,3,3,3,3,3
session_182,survey_035,annotator_180,Man,25-34,clip_0701,12,speaker_017,Female,7,chatterbox,0,4,4,4,4,4,3,3
session_182,survey_035,annotator_180,Man,25-34,clip_0630,13,speaker_007,Female,4,chatterbox,0,2,2,3,3,2,3,4
session_182,survey_035,annotator_180,Man,25-34,clip_0835,14,speaker_039,Female,9,chatterbox,1,4,3,3,3,4,3,2
session_182,survey_035,annotator_180,Man,25-34,clip_1923,15,speaker_055,Female,9,chatterbox,0,3,3,2,4,2,3,3
session_182,survey_035,annotator_180,Man,25-34,clip_0743,16,speaker_025,Female,7,chatterbox,1,2,3,3,4,2,4,3
session_182,survey_035,annotator_180,Man,25-34,clip_2091,17,speaker_066,Female,2,chatterbox,1,4,2,3,3,3,4,3
session_182,survey_035,annotator_180,Man,25-34,clip_1718,18,speaker_066,Female,2,chatterbox,0,3,3,4,4,3,4,2
session_182,survey_035,annotator_180,Man,25-34,clip_0702,19,speaker_017,Female,7,chatterbox,1,2,3,3,2,3,3,3
session_179,survey_162,annotator_175,Woman,25-34,clip_2642,14,speaker_043,Female,7,elevenlabs_low_expressiveness,1,4,3,5,3,2,4,2
session_179,survey_162,annotator_175,Woman,25-34,clip_2410,15,speaker_020,Female,4,elevenlabs_low_expressiveness,1,5,1,5,2,1,3,2
session_185,survey_115,annotator_182,Other,45-54,clip_1848,13,speaker_075,Male,6,elevenlabs,0,2,1,1,1,1,2,1
session_182,survey_035,annotator_180,Man,25-34,clip_1048,20,speaker_078,Female,3,chatterbox,0,2,4,3,3,2,3,2
session_206,survey_149,annotator_110,Woman,35-44,clip_0318,1,speaker_039,Female,4,elevenlabs,1,5,3,5,3,3,4,4
session_206,survey_149,annotator_110,Woman,35-44,clip_0401,2,speaker_047,Female,1,elevenlabs,0,4,2,5,3,3,3,3
session_206,survey_149,annotator_110,Woman,35-44,clip_1773,3,speaker_027,Female,4,elevenlabs,0,2,2,5,2,3,3,3
session_206,survey_149,annotator_110,Woman,35-44,clip_0351,4,speaker_044,Female,2,elevenlabs,0,3,3,2,1,3,3,4
session_206,survey_149,annotator_110,Woman,35-44,clip_0402,5,speaker_047,Female,1,elevenlabs,1,5,3,5,2,4,4,4
session_206,survey_149,annotator_110,Woman,35-44,clip_0218,6,speaker_028,Female,7,elevenlabs,1,5,2,5,1,4,4,5
session_206,survey_149,annotator_110,Woman,35-44,clip_0217,7,speaker_028,Female,7,elevenlabs,0,2,2,5,2,4,3,2
session_206,survey_149,annotator_110,Woman,35-44,clip_0424,8,speaker_050,Female,2,elevenlabs,1,5,2,5,1,5,5,5
session_206,survey_149,annotator_110,Woman,35-44,clip_0134,9,speaker_017,Female,2,elevenlabs,1,4,4,2,2,4,4,4
session_206,survey_149,annotator_110,Woman,35-44,clip_0133,10,speaker_017,Female,2,elevenlabs,0,3,4,2,2,4,4,4
session_206,survey_149,annotator_110,Woman,35-44,clip_0398,11,speaker_047,Female,6,elevenlabs,1,2,2,5,3,3,3,3
session_206,survey_149,annotator_110,Woman,35-44,clip_0397,12,speaker_047,Female,6,elevenlabs,0,2,2,5,2,3,3,3
session_206,survey_149,annotator_110,Woman,35-44,clip_0566,13,speaker_072,Female,6,elevenlabs,1,5,2,5,1,5,5,5
session_206,survey_149,annotator_110,Woman,35-44,clip_0418,14,speaker_049,Female,8,elevenlabs,1,3,4,5,2,3,3,3
session_206,survey_149,annotator_110,Woman,35-44,clip_0423,15,speaker_050,Female,2,elevenlabs,0,3,2,1,1,3,4,4
session_206,survey_149,annotator_110,Woman,35-44,clip_0565,16,speaker_072,Female,6,elevenlabs,0,2,2,1,2,3,2,2
session_206,survey_149,annotator_110,Woman,35-44,clip_0317,17,speaker_039,Female,4,elevenlabs,0,5,4,1,1,3,4,4
session_224,survey_163,annotator_094,Man,35-44,clip_0952,4,speaker_057,Male,8,chatterbox,0,2,3,3,1,1,1,1
session_206,survey_149,annotator_110,Woman,35-44,clip_0352,18,speaker_044,Female,2,elevenlabs,1,2,3,2,3,3,3,3
session_224,survey_163,annotator_094,Man,35-44,clip_1089,5,speaker_085,Male,7,chatterbox,1,2,3,2,1,1,2,1
session_206,survey_149,annotator_110,Woman,35-44,clip_1965,19,speaker_027,Female,4,elevenlabs,1,4,3,5,1,4,4,4
session_224,survey_163,annotator_094,Man,35-44,clip_0770,6,speaker_030,Male,3,chatterbox,0,1,1,1,1,1,1,1
session_206,survey_149,annotator_110,Woman,35-44,clip_0417,20,speaker_049,Female,8,elevenlabs,0,3,4,5,3,3,3,3
session_224,survey_163,annotator_094,Man,35-44,clip_0799,7,speaker_033,Male,5,chatterbox,1,3,1,3,1,1,1,1
session_224,survey_163,annotator_094,Man,35-44,clip_1703,8,speaker_038,Male,2,chatterbox,0,1,1,1,1,1,1,1
session_224,survey_163,annotator_094,Man,35-44,clip_1839,9,speaker_054,Male,6,chatterbox,0,2,1,1,1,1,1,1
session_224,survey_163,annotator_094,Man,35-44,clip_2064,10,speaker_038,Male,2,chatterbox,1,3,1,4,1,1,2,1
session_224,survey_163,annotator_094,Man,35-44,clip_2077,11,speaker_054,Male,6,chatterbox,1,3,1,3,1,2,1,1
session_220,survey_222,annotator_100,Woman,25-34,clip_2232,5,speaker_002,Male,3,elevenlabs_low_expressiveness,1,3,3,4,4,3,3,3
session_224,survey_163,annotator_094,Man,35-44,clip_1088,12,speaker_085,Male,7,chatterbox,0,1,1,1,1,1,1,1
session_224,survey_163,annotator_094,Man,35-44,clip_0946,13,speaker_057,Male,4,chatterbox,0,1,1,1,1,1,1,1
session_224,survey_163,annotator_094,Man,35-44,clip_0724,14,speaker_022,Male,1,chatterbox,0,1,1,1,1,1,1,1
session_224,survey_163,annotator_094,Man,35-44,clip_0725,15,speaker_022,Male,1,chatterbox,1,3,2,4,1,1,1,1
session_224,survey_163,annotator_094,Man,35-44,clip_0798,16,speaker_033,Male,5,chatterbox,0,1,1,1,1,1,1,1
session_224,survey_163,annotator_094,Man,35-44,clip_0955,17,speaker_057,Male,1,chatterbox,1,4,1,5,1,1,1,1
session_224,survey_163,annotator_094,Man,35-44,clip_0953,18,speaker_057,Male,8,chatterbox,1,3,2,4,1,2,1,1
session_224,survey_163,annotator_094,Man,35-44,clip_0954,19,speaker_057,Male,1,chatterbox,0,4,1,4,1,2,1,1
session_224,survey_163,annotator_094,Man,35-44,clip_0727,20,speaker_023,Male,2,chatterbox,1,3,2,3,1,2,1,1
session_209,survey_071,annotator_007,Woman,55-64,clip_2271,20,speaker_007,Female,5,elevenlabs_low_expressiveness,0,4,3,1,1,2,2,1
session_138,survey_086,annotator_017,Man,25-34,clip_2384,1,speaker_018,Male,3,elevenlabs_low_expressiveness,1,4,1,4,3,2,3,3
session_137,survey_128,annotator_093,Man,25-34,clip_0455,1,speaker_056,Female,3,elevenlabs,0,3,2,3,1,3,2,3
session_141,survey_055,annotator_172,Woman,35-44,clip_1642,1,speaker_085,Male,9,coqui_xtts,0,1,1,1,1,1,1,1
session_140,survey_029,annotator_011,Woman,55-64,clip_1555,1,speaker_072,Female,9,coqui_xtts,1,1,1,2,1,1,1,1
session_149,survey_152,annotator_002,Woman,45-54,clip_2787,1,speaker_057,Male,8,elevenlabs_low_expressiveness,0,2,2,1,1,3,1,2
session_135,survey_151,annotator_042,Man,35-44,clip_2591,4,speaker_038,Male,2,elevenlabs_low_expressiveness,0,3,3,3,2,2,3,2
session_138,survey_086,annotator_017,Man,25-34,clip_2289,4,speaker_009,Male,6,elevenlabs_low_expressiveness,0,3,3,3,2,3,3,3
session_136,survey_048,annotator_159,Woman,25-34,clip_0550,3,speaker_070,Female,2,elevenlabs,1,4,3,4,3,3,3,1
session_152,survey_056,annotator_036,Man,45-54,clip_0987,1,speaker_061,Female,1,chatterbox,1,2,1,1,1,1,2,1
session_138,survey_086,annotator_017,Man,25-34,clip_2455,5,speaker_026,Male,2,elevenlabs_low_expressiveness,0,1,5,2,4,1,1,1
session_136,survey_048,annotator_159,Woman,25-34,clip_2031,4,speaker_071,Female,5,elevenlabs,1,4,3,3,3,3,3,1
session_137,survey_128,annotator_093,Man,25-34,clip_0548,3,speaker_069,Female,1,elevenlabs,1,3,4,5,2,4,4,4
session_138,survey_086,annotator_017,Man,25-34,clip_2253,6,speaker_005,Male,3,elevenlabs_low_expressiveness,0,1,1,1,1,1,1,1
session_136,survey_048,annotator_159,Woman,25-34,clip_1742,5,speaker_041,Female,3,elevenlabs,0,2,1,2,1,1,1,1
session_140,survey_029,annotator_011,Woman,55-64,clip_2188,3,speaker_066,Female,6,coqui_xtts,1,2,1,3,2,1,1,1
session_141,survey_055,annotator_172,Woman,35-44,clip_1167,3,speaker_011,Male,2,coqui_xtts,1,3,1,2,3,2,2,2
session_142,survey_054,annotator_086,Woman,35-44,clip_1572,2,speaker_076,Female,4,coqui_xtts,0,5,3,1,3,2,3,1
session_136,survey_048,annotator_159,Woman,25-34,clip_0561,6,speaker_072,Female,4,elevenlabs,0,4,2,3,2,1,1,1
session_140,survey_029,annotator_011,Woman,55-64,clip_1518,4,speaker_061,Female,3,coqui_xtts,0,1,1,2,1,1,1,1
session_135,survey_151,annotator_042,Man,35-44,clip_2745,9,speaker_054,Male,2,elevenlabs_low_expressiveness,1,3,2,2,3,2,3,3
session_137,survey_128,annotator_093,Man,25-34,clip_0456,5,speaker_056,Female,3,elevenlabs,1,4,3,4,1,4,4,4
session_138,survey_086,annotator_017,Man,25-34,clip_2456,9,speaker_026,Male,2,elevenlabs_low_expressiveness,1,1,5,2,2,1,2,1
session_140,survey_029,annotator_011,Woman,55-64,clip_1447,5,speaker_049,Female,1,coqui_xtts,1,4,1,3,2,3,1,1
session_135,survey_151,annotator_042,Man,35-44,clip_2430,11,speaker_022,Male,6,elevenlabs_low_expressiveness,1,3,2,2,2,2,4,3
session_136,survey_048,annotator_159,Woman,25-34,clip_1984,8,speaker_041,Female,3,elevenlabs,1,5,4,5,4,4,4,4
session_137,survey_128,annotator_093,Man,25-34,clip_2020,6,speaker_066,Female,9,elevenlabs,1,1,1,3,4,1,1,1
session_142,survey_054,annotator_086,Woman,35-44,clip_1145,3,speaker_007,Female,7,coqui_xtts,0,4,1,1,1,2,3,1
session_140,survey_029,annotator_011,Woman,55-64,clip_1199,6,speaker_014,Female,3,coqui_xtts,1,5,5,5,4,5,4,4
session_135,survey_151,annotator_042,Man,35-44,clip_2754,13,speaker_054,Male,9,elevenlabs_low_expressiveness,0,2,3,2,2,3,3,2
session_138,survey_086,annotator_017,Man,25-34,clip_2574,11,speaker_036,Male,3,elevenlabs_low_expressiveness,1,3,3,3,4,2,3,3
session_135,survey_151,annotator_042,Man,35-44,clip_2518,14,speaker_030,Male,5,elevenlabs_low_expressiveness,1,2,3,2,3,2,2,3
session_138,survey_086,annotator_017,Man,25-34,clip_2383,12,speaker_018,Male,3,elevenlabs_low_expressiveness,0,3,2,4,4,2,4,3
session_137,survey_128,annotator_093,Man,25-34,clip_0330,8,speaker_040,Female,2,elevenlabs,1,1,2,4,1,3,3,3
session_141,survey_055,annotator_172,Woman,35-44,clip_1717,7,speaker_065,Male,2,coqui_xtts,0,1,1,2,1,1,1,1
session_140,survey_029,annotator_011,Woman,55-64,clip_1453,7,speaker_050,Female,4,coqui_xtts,1,4,2,3,3,3,3,2
session_136,survey_048,annotator_159,Woman,25-34,clip_0052,11,speaker_007,Female,3,elevenlabs,1,5,5,4,4,4,4,3
session_135,survey_151,annotator_042,Man,35-44,clip_2744,17,speaker_054,Male,2,elevenlabs_low_expressiveness,0,2,3,3,2,2,3,2
session_142,survey_054,annotator_086,Woman,35-44,clip_1469,4,speaker_056,Female,2,coqui_xtts,1,5,2,5,3,2,4,4
session_135,survey_151,annotator_042,Man,35-44,clip_2536,18,speaker_032,Male,3,elevenlabs_low_expressiveness,1,2,3,2,2,2,3,2
session_140,survey_029,annotator_011,Woman,55-64,clip_1520,8,speaker_064,Female,2,coqui_xtts,0,1,1,1,1,1,1,1
session_141,survey_055,annotator_172,Woman,35-44,clip_1133,8,speaker_005,Male,7,coqui_xtts,0,2,1,3,2,1,1,1
session_138,survey_086,annotator_017,Man,25-34,clip_2332,15,speaker_013,Male,3,elevenlabs_low_expressiveness,1,4,3,2,3,2,3,2
session_135,survey_151,annotator_042,Man,35-44,clip_2517,20,speaker_030,Male,5,elevenlabs_low_expressiveness,0,1,2,3,2,2,2,2
session_136,survey_048,annotator_159,Woman,25-34,clip_0330,13,speaker_040,Female,2,elevenlabs,1,5,5,5,5,5,5,3
session_138,survey_086,annotator_017,Man,25-34,clip_2747,16,speaker_054,Male,3,elevenlabs_low_expressiveness,1,4,2,3,4,2,3,2
session_142,survey_054,annotator_086,Woman,35-44,clip_1271,5,speaker_024,Female,9,coqui_xtts,1,1,1,1,3,1,1,1
session_136,survey_048,annotator_159,Woman,25-34,clip_1818,14,speaker_071,Female,5,elevenlabs,0,5,2,2,3,3,3,3
session_138,survey_086,annotator_017,Man,25-34,clip_2510,17,speaker_029,Male,1,elevenlabs_low_expressiveness,1,5,1,5,1,4,5,5
session_141,survey_055,annotator_172,Woman,35-44,clip_1260,10,speaker_022,Male,7,coqui_xtts,0,2,1,1,1,1,1,1
session_138,survey_086,annotator_017,Man,25-34,clip_2222,18,speaker_001,Male,6,elevenlabs_low_expressiveness,1,3,4,4,3,2,3,3
session_137,survey_128,annotator_093,Man,25-34,clip_0360,12,speaker_044,Female,8,elevenlabs,1,4,2,1,3,3,3,3
session_136,survey_048,annotator_159,Woman,25-34,clip_0458,16,speaker_056,Female,4,elevenlabs,1,5,5,5,5,5,5,3
session_141,survey_055,annotator_172,Woman,35-44,clip_1140,11,speaker_005,Male,1,coqui_xtts,1,2,1,2,1,1,1,1
session_142,survey_054,annotator_086,Woman,35-44,clip_1473,6,speaker_056,Female,7,coqui_xtts,1,5,5,2,1,5,5,5
session_140,survey_029,annotator_011,Woman,55-64,clip_1431,12,speaker_047,Female,8,coqui_xtts,1,4,3,3,3,3,3,3
session_138,survey_086,annotator_017,Man,25-34,clip_2400,20,speaker_019,Male,7,elevenlabs_low_expressiveness,1,4,2,4,2,4,2,2
session_141,survey_055,annotator_172,Woman,35-44,clip_2181,12,speaker_065,Male,2,coqui_xtts,1,4,3,4,1,2,2,2
session_136,survey_048,annotator_159,Woman,25-34,clip_2017,19,speaker_066,Female,5,elevenlabs,1,4,3,2,2,2,2,1
session_140,survey_029,annotator_011,Woman,55-64,clip_1198,13,speaker_014,Female,3,coqui_xtts,0,4,3,3,3,3,3,3
session_136,survey_048,annotator_159,Woman,25-34,clip_0541,20,speaker_069,Female,7,elevenlabs,0,5,4,5,5,5,4,4
session_141,survey_055,annotator_172,Woman,35-44,clip_1440,13,speaker_048,Male,8,coqui_xtts,0,4,3,5,2,3,3,3
session_137,survey_128,annotator_093,Man,25-34,clip_1707,16,speaker_051,Female,2,elevenlabs,0,3,2,1,3,2,2,2
session_141,survey_055,annotator_172,Woman,35-44,clip_2147,14,speaker_035,Male,2,coqui_xtts,1,4,1,4,1,2,2,1
session_137,survey_128,annotator_093,Man,25-34,clip_0547,17,speaker_069,Female,1,elevenlabs,0,4,3,5,1,4,3,3
session_142,survey_054,annotator_086,Woman,35-44,clip_1404,8,speaker_045,Female,7,coqui_xtts,1,3,5,3,3,2,4,4
session_140,survey_029,annotator_011,Woman,55-64,clip_1554,17,speaker_072,Female,9,coqui_xtts,0,1,1,2,2,1,1,1
session_141,survey_055,annotator_172,Woman,35-44,clip_1180,16,speaker_013,Male,2,coqui_xtts,0,4,4,4,2,1,2,2
session_142,survey_054,annotator_086,Woman,35-44,clip_1146,9,speaker_007,Female,7,coqui_xtts,1,3,4,1,2,2,4,3
session_140,survey_029,annotator_011,Woman,55-64,clip_1452,19,speaker_050,Female,4,coqui_xtts,0,3,2,3,3,3,3,3
session_141,survey_055,annotator_172,Woman,35-44,clip_1134,18,speaker_005,Male,7,coqui_xtts,1,4,3,4,3,4,4,4
session_142,survey_054,annotator_086,Woman,35-44,clip_1252,10,speaker_021,Female,6,coqui_xtts,0,2,1,5,1,1,3,3
session_141,survey_055,annotator_172,Woman,35-44,clip_1353,20,speaker_034,Male,6,coqui_xtts,1,2,1,3,1,1,1,1
session_142,survey_054,annotator_086,Woman,35-44,clip_1270,12,speaker_024,Female,9,coqui_xtts,0,3,1,1,3,2,3,2
session_142,survey_054,annotator_086,Woman,35-44,clip_1454,13,speaker_050,Female,5,coqui_xtts,0,5,5,4,1,5,5,5
session_137,survey_128,annotator_093,Man,25-34,clip_0428,20,speaker_050,Female,5,elevenlabs,1,4,3,4,1,3,3,3
session_138,survey_086,annotator_017,Man,25-34,clip_2290,2,speaker_009,Male,6,elevenlabs_low_expressiveness,1,2,1,4,3,2,2,2
session_144,survey_213,annotator_023,Woman,45-54,clip_0153,1,speaker_018,Male,7,elevenlabs,0,3,3,4,4,1,2,2
session_151,survey_166,annotator_124,Man,35-44,clip_2774,1,speaker_056,Female,9,elevenlabs_low_expressiveness,1,4,4,3,3,3,4,4
session_143,survey_124,annotator_045,Woman,35-44,clip_1740,1,speaker_035,Male,3,chatterbox,0,4,1,5,2,2,4,5
session_144,survey_213,annotator_023,Woman,45-54,clip_1656,2,speaker_006,Male,1,elevenlabs,0,3,1,3,1,1,1,1
session_151,survey_166,annotator_124,Man,35-44,clip_2908,2,speaker_071,Female,4,elevenlabs_low_expressiveness,1,4,3,4,4,4,3,4
session_144,survey_213,annotator_023,Woman,45-54,clip_0262,3,speaker_033,Male,4,elevenlabs,1,4,2,2,1,1,2,2
session_143,survey_124,annotator_045,Woman,35-44,clip_0713,2,speaker_018,Male,9,chatterbox,1,1,2,5,4,1,2,5
session_151,survey_166,annotator_124,Man,35-44,clip_2653,3,speaker_045,Female,2,elevenlabs_low_expressiveness,0,4,3,4,4,4,4,3
session_138,survey_086,annotator_017,Man,25-34,clip_2221,7,speaker_001,Male,6,elevenlabs_low_expressiveness,0,3,2,4,3,4,4,4
session_151,survey_166,annotator_124,Man,35-44,clip_2893,4,speaker_069,Female,8,elevenlabs_low_expressiveness,0,4,3,4,4,4,3,3
session_143,survey_124,annotator_045,Woman,35-44,clip_0659,3,speaker_010,Male,1,chatterbox,0,5,5,5,3,3,3,5
session_151,survey_166,annotator_124,Man,35-44,clip_2878,5,speaker_068,Female,4,elevenlabs_low_expressiveness,1,4,4,4,4,3,3,4
session_151,survey_166,annotator_124,Man,35-44,clip_2769,6,speaker_056,Female,5,elevenlabs_low_expressiveness,0,4,4,3,4,4,4,4
session_143,survey_124,annotator_045,Woman,35-44,clip_0649,4,speaker_010,Male,3,chatterbox,0,5,1,5,5,5,5,5
session_151,survey_166,annotator_124,Man,35-44,clip_2729,7,speaker_051,Female,1,elevenlabs_low_expressiveness,1,4,4,4,3,3,4,4
session_136,survey_048,annotator_159,Woman,25-34,clip_0549,10,speaker_070,Female,2,elevenlabs,0,2,1,1,1,1,1,1
session_151,survey_166,annotator_124,Man,35-44,clip_2901,8,speaker_070,Female,5,elevenlabs_low_expressiveness,0,4,4,3,4,4,4,3
session_135,survey_151,annotator_042,Man,35-44,clip_2535,16,speaker_032,Male,3,elevenlabs_low_expressiveness,0,2,2,3,2,2,3,3
session_151,survey_166,annotator_124,Man,35-44,clip_2728,9,speaker_051,Female,1,elevenlabs_low_expressiveness,0,4,4,3,4,4,3,4
session_143,survey_124,annotator_045,Woman,35-44,clip_0653,5,speaker_010,Male,7,chatterbox,0,4,1,4,3,2,4,5
session_151,survey_166,annotator_124,Man,35-44,clip_2773,10,speaker_056,Female,9,elevenlabs_low_expressiveness,0,4,4,3,3,3,4,3
session_144,survey_213,annotator_023,Woman,45-54,clip_0011,4,speaker_002,Male,2,elevenlabs,0,3,2,3,2,2,2,2
session_151,survey_166,annotator_124,Man,35-44,clip_2877,11,speaker_068,Female,4,elevenlabs_low_expressiveness,0,4,4,4,3,4,4,4
session_143,survey_124,annotator_045,Woman,35-44,clip_0686,6,speaker_015,Male,6,chatterbox,1,5,1,2,2,3,1,3
session_151,survey_166,annotator_124,Man,35-44,clip_2770,12,speaker_056,Female,5,elevenlabs_low_expressiveness,1,4,4,3,3,4,4,4
session_144,survey_213,annotator_023,Woman,45-54,clip_0035,5,speaker_004,Male,5,elevenlabs,0,4,3,4,4,2,4,3
session_151,survey_166,annotator_124,Man,35-44,clip_2907,13,speaker_071,Female,4,elevenlabs_low_expressiveness,0,4,4,3,4,4,4,3
session_143,survey_124,annotator_045,Woman,35-44,clip_0654,7,speaker_010,Male,7,chatterbox,1,5,3,5,3,5,5,5
session_144,survey_213,annotator_023,Woman,45-54,clip_0154,6,speaker_018,Male,7,elevenlabs,1,5,3,5,2,4,3,3
session_151,survey_166,annotator_124,Man,35-44,clip_2894,14,speaker_069,Female,8,elevenlabs_low_expressiveness,1,4,4,3,4,4,4,3
session_144,survey_213,annotator_023,Woman,45-54,clip_0034,7,speaker_004,Male,4,elevenlabs,1,5,4,5,3,3,4,4
session_151,survey_166,annotator_124,Man,35-44,clip_2379,15,speaker_017,Female,9,elevenlabs_low_expressiveness,0,4,3,3,3,2,3,3
session_144,survey_213,annotator_023,Woman,45-54,clip_0254,8,speaker_032,Male,8,elevenlabs,1,4,4,4,3,3,3,3
session_143,survey_124,annotator_045,Woman,35-44,clip_1866,8,speaker_063,Male,7,chatterbox,0,5,1,5,5,3,3,5
session_151,survey_166,annotator_124,Man,35-44,clip_2622,16,speaker_040,Female,4,elevenlabs_low_expressiveness,1,4,3,4,4,4,3,3
session_151,survey_166,annotator_124,Man,35-44,clip_2380,17,speaker_017,Female,9,elevenlabs_low_expressiveness,1,4,4,3,3,4,4,4
session_144,survey_213,annotator_023,Woman,45-54,clip_0505,9,speaker_059,Male,1,elevenlabs,0,2,1,2,1,1,1,1
session_151,survey_166,annotator_124,Man,35-44,clip_2621,18,speaker_040,Female,4,elevenlabs_low_expressiveness,0,4,4,3,4,4,3,3
session_143,survey_124,annotator_045,Woman,35-44,clip_0673,9,speaker_013,Male,6,chatterbox,0,1,1,2,1,2,1,2
session_144,survey_213,annotator_023,Woman,45-54,clip_1808,10,speaker_063,Male,5,elevenlabs,0,3,1,3,1,1,1,2
session_151,survey_166,annotator_124,Man,35-44,clip_2654,19,speaker_045,Female,2,elevenlabs_low_expressiveness,1,4,3,4,4,4,3,3
session_151,survey_166,annotator_124,Man,35-44,clip_2902,20,speaker_070,Female,5,elevenlabs_low_expressiveness,1,4,4,3,3,3,4,4
session_144,survey_213,annotator_023,Woman,45-54,clip_0261,11,speaker_033,Male,4,elevenlabs,0,3,1,1,1,1,1,1
session_143,survey_124,annotator_045,Woman,35-44,clip_0712,10,speaker_018,Male,9,chatterbox,0,1,1,5,1,1,2,2
session_144,survey_213,annotator_023,Woman,45-54,clip_1980,12,speaker_038,Male,6,elevenlabs,1,3,1,4,1,2,2,2
session_143,survey_124,annotator_045,Woman,35-44,clip_0747,11,speaker_026,Male,2,chatterbox,1,5,3,5,2,5,4,5
session_144,survey_213,annotator_023,Woman,45-54,clip_0036,13,speaker_004,Male,5,elevenlabs,1,4,4,5,3,3,4,4
session_144,survey_213,annotator_023,Woman,45-54,clip_0253,14,speaker_032,Male,8,elevenlabs,0,4,3,4,1,3,3,3
session_144,survey_213,annotator_023,Woman,45-54,clip_1944,15,speaker_006,Male,1,elevenlabs,1,3,1,1,1,1,1,1
session_143,survey_124,annotator_045,Woman,35-44,clip_0807,12,speaker_034,Male,5,chatterbox,1,4,4,5,3,2,3,5
session_144,survey_213,annotator_023,Woman,45-54,clip_0506,16,speaker_059,Male,1,elevenlabs,1,4,4,5,5,3,5,5
session_143,survey_124,annotator_045,Woman,35-44,clip_0806,13,speaker_034,Male,5,chatterbox,0,2,1,4,1,1,1,2
session_144,survey_213,annotator_023,Woman,45-54,clip_2004,17,speaker_063,Male,5,elevenlabs,1,3,1,3,1,2,2,1
session_143,survey_124,annotator_045,Woman,35-44,clip_2085,14,speaker_063,Male,7,chatterbox,1,5,5,5,2,5,5,5
session_144,survey_213,annotator_023,Woman,45-54,clip_0012,18,speaker_002,Male,2,elevenlabs,1,4,4,3,3,3,3,3
session_143,survey_124,annotator_045,Woman,35-44,clip_0674,15,speaker_013,Male,6,chatterbox,1,5,5,5,4,3,5,5
session_144,survey_213,annotator_023,Woman,45-54,clip_0033,19,speaker_004,Male,4,elevenlabs,0,3,4,5,3,2,2,2
session_144,survey_213,annotator_023,Woman,45-54,clip_1833,20,speaker_038,Male,6,elevenlabs,0,1,2,3,3,1,1,1
session_143,survey_124,annotator_045,Woman,35-44,clip_0650,16,speaker_010,Male,3,chatterbox,1,5,5,5,4,2,4,5
session_143,survey_124,annotator_045,Woman,35-44,clip_0660,17,speaker_010,Male,1,chatterbox,1,1,5,5,3,2,2,3
session_143,survey_124,annotator_045,Woman,35-44,clip_2059,18,speaker_035,Male,3,chatterbox,1,5,3,5,5,1,3,3
session_143,survey_124,annotator_045,Woman,35-44,clip_0746,19,speaker_026,Male,2,chatterbox,0,5,1,5,1,2,2,5
session_143,survey_124,annotator_045,Woman,35-44,clip_0685,20,speaker_015,Male,6,chatterbox,0,3,1,1,1,2,1,3
session_142,survey_054,annotator_086,Woman,35-44,clip_1545,18,speaker_070,Female,4,coqui_xtts,1,4,5,1,4,1,3,3
session_142,survey_054,annotator_086,Woman,35-44,clip_1253,19,speaker_021,Female,6,coqui_xtts,1,5,5,5,1,4,5,5
session_142,survey_054,annotator_086,Woman,35-44,clip_1573,20,speaker_076,Female,4,coqui_xtts,1,5,4,5,1,5,5,5
session_161,survey_132,annotator_020,Woman,45-54,clip_2944,11,speaker_074,Female,7,elevenlabs_low_expressiveness,1,5,1,5,2,3,3,3
session_167,survey_117,annotator_139,Man,25-34,clip_2321,9,speaker_012,Female,2,elevenlabs_low_expressiveness,0,1,2,4,3,3,2,3
session_167,survey_117,annotator_139,Man,25-34,clip_2875,10,speaker_068,Female,2,elevenlabs_low_expressiveness,0,4,1,1,3,4,3,3
session_162,survey_083,annotator_161,Woman,45-54,clip_1488,9,speaker_057,Male,1,coqui_xtts,0,3,4,4,1,2,2,1
session_163,survey_134,annotator_064,Prefer not to say,25-34,clip_2367,19,speaker_016,Male,5,elevenlabs_low_expressiveness,0,3,1,4,2,2,2,2
session_183,survey_016,annotator_033,Man,25-34,clip_0293,1,speaker_036,Male,8,elevenlabs,0,1,1,2,1,1,1,1
session_183,survey_016,annotator_033,Man,25-34,clip_0009,2,speaker_001,Male,1,elevenlabs,0,4,2,5,2,3,3,4
session_183,survey_016,annotator_033,Man,25-34,clip_0467,3,speaker_057,Male,2,elevenlabs,0,4,3,5,3,4,4,4
session_183,survey_016,annotator_033,Man,25-34,clip_0099,4,speaker_013,Male,4,elevenlabs,0,3,3,3,2,2,3,3
session_183,survey_016,annotator_033,Man,25-34,clip_0164,5,speaker_022,Male,5,elevenlabs,1,5,4,4,4,3,5,4
session_183,survey_016,annotator_033,Man,25-34,clip_0500,6,speaker_059,Male,4,elevenlabs,1,5,4,5,4,4,5,4
session_183,survey_016,annotator_033,Man,25-34,clip_0495,7,speaker_058,Male,1,elevenlabs,0,3,2,4,3,3,4,3
session_183,survey_016,annotator_033,Man,25-34,clip_0252,8,speaker_031,Male,6,elevenlabs,1,4,5,5,4,3,4,4
session_183,survey_016,annotator_033,Man,25-34,clip_0010,9,speaker_001,Male,1,elevenlabs,1,4,3,5,5,3,4,4
session_183,survey_016,annotator_033,Man,25-34,clip_0100,10,speaker_013,Male,4,elevenlabs,1,5,5,4,4,3,5,4
session_183,survey_016,annotator_033,Man,25-34,clip_0496,11,speaker_058,Male,1,elevenlabs,1,5,4,5,3,4,5,3
session_183,survey_016,annotator_033,Man,25-34,clip_0085,12,speaker_010,Male,9,elevenlabs,0,2,3,1,2,2,3,2
session_183,survey_016,annotator_033,Man,25-34,clip_1868,13,speaker_065,Male,7,elevenlabs,0,4,3,5,3,3,4,3
session_183,survey_016,annotator_033,Man,25-34,clip_0163,14,speaker_022,Male,5,elevenlabs,0,4,1,2,3,2,3,3
session_183,survey_016,annotator_033,Man,25-34,clip_2014,15,speaker_065,Male,7,elevenlabs,1,4,4,5,4,4,5,4
session_183,survey_016,annotator_033,Man,25-34,clip_0499,16,speaker_059,Male,4,elevenlabs,0,3,3,4,3,4,4,5
session_183,survey_016,annotator_033,Man,25-34,clip_0251,17,speaker_031,Male,6,elevenlabs,0,5,3,3,3,4,4,4
session_183,survey_016,annotator_033,Man,25-34,clip_0294,18,speaker_036,Male,8,elevenlabs,1,2,1,2,1,1,1,1
session_183,survey_016,annotator_033,Man,25-34,clip_0468,19,speaker_057,Male,2,elevenlabs,1,5,4,5,3,4,4,4
session_183,survey_016,annotator_033,Man,25-34,clip_0086,20,speaker_010,Male,9,elevenlabs,1,3,3,2,3,2,3,2
session_135,survey_151,annotator_042,Man,35-44,clip_2334,1,speaker_013,Male,4,elevenlabs_low_expressiveness,1,3,2,3,2,2,2,2
session_145,survey_087,annotator_162,Man,35-44,clip_0151,1,speaker_018,Male,5,elevenlabs,0,4,5,5,2,3,3,3
session_145,survey_087,annotator_162,Man,35-44,clip_0470,2,speaker_057,Male,4,elevenlabs,1,5,5,5,2,3,3,3
session_148,survey_157,annotator_018,Woman,45-54,clip_1215,1,speaker_015,Male,8,coqui_xtts,1,2,1,1,1,2,1,2
session_145,survey_087,annotator_162,Man,35-44,clip_0170,3,speaker_022,Male,9,elevenlabs,1,4,4,4,3,4,4,4
session_147,survey_206,annotator_104,Man,45-54,clip_0225,1,speaker_029,Male,4,elevenlabs,0,4,3,4,2,3,3,3
session_146,survey_024,annotator_090,Man,45-54,clip_2765,1,speaker_056,Female,2,elevenlabs_low_expressiveness,0,2,1,4,1,3,3,2
session_148,survey_157,annotator_018,Woman,45-54,clip_1128,2,speaker_005,Male,3,coqui_xtts,1,4,3,4,2,4,4,4
session_145,survey_087,annotator_162,Man,35-44,clip_0152,4,speaker_018,Male,5,elevenlabs,1,3,4,4,4,4,3,3
session_135,survey_151,annotator_042,Man,35-44,clip_2266,7,speaker_006,Male,9,elevenlabs_low_expressiveness,1,3,3,4,3,2,2,2
session_147,survey_206,annotator_104,Man,45-54,clip_1808,2,speaker_063,Male,5,elevenlabs,0,4,4,4,3,4,4,4
session_148,survey_157,annotator_018,Woman,45-54,clip_1214,3,speaker_015,Male,8,coqui_xtts,0,2,1,1,1,2,2,2
session_145,survey_087,annotator_162,Man,35-44,clip_0156,5,speaker_018,Male,9,elevenlabs,1,2,2,3,1,1,2,2
session_141,survey_055,annotator_172,Woman,35-44,clip_1261,4,speaker_022,Male,7,coqui_xtts,1,4,3,4,1,5,4,4
session_148,survey_157,annotator_018,Woman,45-54,clip_1336,4,speaker_033,Male,4,coqui_xtts,0,4,2,2,1,3,3,3
session_145,survey_087,annotator_162,Man,35-44,clip_2002,6,speaker_063,Male,2,elevenlabs,1,2,3,4,2,2,2,2
session_146,survey_024,annotator_090,Man,45-54,clip_2734,2,speaker_052,Female,7,elevenlabs_low_expressiveness,0,2,1,1,1,3,3,3
session_145,survey_087,annotator_162,Man,35-44,clip_0122,7,speaker_016,Male,3,elevenlabs,1,2,3,3,2,2,3,3
session_147,survey_206,annotator_104,Man,45-54,clip_1801,3,speaker_035,Male,5,elevenlabs,0,3,2,3,2,3,3,3
session_148,survey_157,annotator_018,Woman,45-54,clip_1194,5,speaker_013,Male,1,coqui_xtts,0,3,2,5,2,2,3,4
session_136,survey_048,annotator_159,Woman,25-34,clip_1960,9,speaker_020,Female,8,elevenlabs,1,5,5,5,4,4,4,4
session_145,survey_087,annotator_162,Man,35-44,clip_0254,8,speaker_032,Male,8,elevenlabs,1,2,2,2,2,1,1,1
session_148,survey_157,annotator_018,Woman,45-54,clip_1344,6,speaker_033,Male,9,coqui_xtts,0,3,1,1,2,2,2,2
session_146,survey_024,annotator_090,Man,45-54,clip_2766,3,speaker_056,Female,2,elevenlabs_low_expressiveness,1,2,3,4,1,2,3,4
session_147,survey_206,annotator_104,Man,45-54,clip_1879,4,speaker_019,Male,8,elevenlabs,0,2,2,2,2,2,2,2
session_145,survey_087,annotator_162,Man,35-44,clip_0169,9,speaker_022,Male,9,elevenlabs,0,3,2,3,1,2,2,1
session_138,survey_086,annotator_017,Man,25-34,clip_2331,13,speaker_013,Male,3,elevenlabs_low_expressiveness,0,4,2,3,3,4,4,3
session_148,survey_157,annotator_018,Woman,45-54,clip_1629,7,speaker_084,Male,7,coqui_xtts,1,4,3,5,2,4,4,4
session_145,survey_087,annotator_162,Man,35-44,clip_1831,10,speaker_035,Male,6,elevenlabs,0,3,1,3,1,1,2,3
session_147,survey_206,annotator_104,Man,45-54,clip_2004,5,speaker_063,Male,5,elevenlabs,1,1,2,1,2,1,2,2
session_146,survey_024,annotator_090,Man,45-54,clip_2657,4,speaker_045,Female,5,elevenlabs_low_expressiveness,0,4,1,2,1,3,3,3
session_145,survey_087,annotator_162,Man,35-44,clip_1714,11,speaker_063,Male,2,elevenlabs,0,3,1,3,1,1,2,2
session_148,survey_157,annotator_018,Woman,45-54,clip_1628,8,speaker_084,Male,7,coqui_xtts,0,3,2,3,1,3,2,3
session_145,survey_087,annotator_162,Man,35-44,clip_0469,12,speaker_057,Male,4,elevenlabs,0,3,2,3,3,1,2,2
session_148,survey_157,annotator_018,Woman,45-54,clip_1180,9,speaker_013,Male,2,coqui_xtts,0,4,1,4,2,2,2,3
session_145,survey_087,annotator_162,Man,35-44,clip_0253,13,speaker_032,Male,8,elevenlabs,0,3,2,3,1,1,2,2
session_146,survey_024,annotator_090,Man,45-54,clip_2849,5,speaker_064,Female,7,elevenlabs_low_expressiveness,0,1,4,4,1,1,2,1
session_148,survey_157,annotator_018,Woman,45-54,clip_1377,10,speaker_037,Male,7,coqui_xtts,1,5,4,5,3,4,4,4
session_147,survey_206,annotator_104,Man,45-54,clip_0202,6,speaker_026,Male,4,elevenlabs,1,1,2,2,3,2,2,1
session_145,survey_087,annotator_162,Man,35-44,clip_0510,14,speaker_060,Male,4,elevenlabs,1,3,3,4,1,1,3,3
session_148,survey_157,annotator_018,Woman,45-54,clip_1370,11,speaker_036,Male,1,coqui_xtts,0,2,1,1,1,2,1,1
session_146,survey_024,annotator_090,Man,45-54,clip_2656,6,speaker_045,Female,4,elevenlabs_low_expressiveness,1,4,1,1,1,2,3,3
session_148,survey_157,annotator_018,Woman,45-54,clip_1195,12,speaker_013,Male,1,coqui_xtts,1,1,1,2,1,2,1,1
session_145,survey_087,annotator_162,Man,35-44,clip_0155,15,speaker_018,Male,9,elevenlabs,0,1,2,2,1,1,1,5
session_148,survey_157,annotator_018,Woman,45-54,clip_1371,13,speaker_036,Male,1,coqui_xtts,1,5,4,5,2,4,4,4
session_146,survey_024,annotator_090,Man,45-54,clip_2654,7,speaker_045,Female,2,elevenlabs_low_expressiveness,1,4,1,5,1,3,3,4
session_145,survey_087,annotator_162,Man,35-44,clip_1865,16,speaker_063,Male,7,elevenlabs,0,2,2,2,1,1,2,1
session_148,survey_157,annotator_018,Woman,45-54,clip_1910,14,speaker_019,Male,9,coqui_xtts,0,4,2,4,2,2,3,3
session_145,survey_087,annotator_162,Man,35-44,clip_1975,17,speaker_035,Male,6,elevenlabs,1,3,3,4,1,1,3,2
session_147,survey_206,annotator_104,Man,45-54,clip_0008,7,speaker_001,Male,8,elevenlabs,1,1,3,3,3,1,3,2
session_145,survey_087,annotator_162,Man,35-44,clip_2006,18,speaker_063,Male,7,elevenlabs,1,3,2,4,1,1,2,2
session_146,survey_024,annotator_090,Man,45-54,clip_2377,8,speaker_017,Female,7,elevenlabs_low_expressiveness,0,5,1,1,1,3,3,2
session_148,survey_157,annotator_018,Woman,45-54,clip_1127,15,speaker_005,Male,3,coqui_xtts,0,1,1,3,2,2,2,2
session_145,survey_087,annotator_162,Man,35-44,clip_0121,19,speaker_016,Male,3,elevenlabs,0,2,1,2,1,1,2,1
session_145,survey_087,annotator_162,Man,35-44,clip_0509,20,speaker_060,Male,4,elevenlabs,0,2,2,1,1,1,2,1
session_147,survey_206,annotator_104,Man,45-54,clip_0119,8,speaker_015,Male,8,elevenlabs,0,3,2,1,2,2,2,2
session_146,survey_024,annotator_090,Man,45-54,clip_2655,9,speaker_045,Female,4,elevenlabs_low_expressiveness,0,4,2,1,1,2,3,2
session_148,survey_157,annotator_018,Woman,45-54,clip_1345,16,speaker_033,Male,9,coqui_xtts,1,3,2,3,2,2,2,2
session_148,survey_157,annotator_018,Woman,45-54,clip_2134,17,speaker_019,Male,9,coqui_xtts,1,1,1,3,2,1,1,1
session_147,survey_206,annotator_104,Man,45-54,clip_1952,9,speaker_019,Male,8,elevenlabs,1,4,2,4,2,3,3,3
session_146,survey_024,annotator_090,Man,45-54,clip_2491,10,speaker_028,Female,9,elevenlabs_low_expressiveness,0,4,2,5,1,2,3,2
session_148,survey_157,annotator_018,Woman,45-54,clip_1337,18,speaker_033,Male,4,coqui_xtts,1,5,3,5,2,3,3,3
session_146,survey_024,annotator_090,Man,45-54,clip_2378,11,speaker_017,Female,7,elevenlabs_low_expressiveness,1,5,1,1,1,3,3,3
session_147,survey_206,annotator_104,Man,45-54,clip_0007,10,speaker_001,Male,8,elevenlabs,0,4,3,4,2,4,3,3
session_148,survey_157,annotator_018,Woman,45-54,clip_1376,19,speaker_037,Male,7,coqui_xtts,0,5,2,5,1,4,3,4
session_146,survey_024,annotator_090,Man,45-54,clip_2346,12,speaker_014,Female,3,elevenlabs_low_expressiveness,1,4,1,2,1,2,2,2
session_147,survey_206,annotator_104,Man,45-54,clip_0120,11,speaker_015,Male,8,elevenlabs,1,4,3,1,3,3,3,3
session_146,survey_024,annotator_090,Man,45-54,clip_2684,13,speaker_047,Female,1,elevenlabs_low_expressiveness,0,5,1,5,1,2,3,4
session_147,survey_206,annotator_104,Man,45-54,clip_1656,12,speaker_006,Male,1,elevenlabs,0,5,2,5,3,2,3,3
session_148,survey_157,annotator_018,Woman,45-54,clip_1181,20,speaker_013,Male,2,coqui_xtts,1,2,1,1,1,2,2,2
session_146,survey_024,annotator_090,Man,45-54,clip_2345,14,speaker_014,Female,3,elevenlabs_low_expressiveness,0,4,1,1,1,2,3,2
session_147,survey_206,annotator_104,Man,45-54,clip_1944,13,speaker_006,Male,1,elevenlabs,1,3,3,1,3,2,2,2
session_146,survey_024,annotator_090,Man,45-54,clip_2850,15,speaker_064,Female,7,elevenlabs_low_expressiveness,1,3,3,1,3,2,3,2
session_147,survey_206,annotator_104,Man,45-54,clip_0201,14,speaker_026,Male,4,elevenlabs,0,1,1,3,2,2,2,2
session_146,survey_024,annotator_090,Man,45-54,clip_2658,16,speaker_045,Female,5,elevenlabs_low_expressiveness,1,4,1,5,1,2,3,3
session_147,survey_206,annotator_104,Man,45-54,clip_0226,15,speaker_029,Male,4,elevenlabs,1,5,3,5,3,4,4,4
session_146,survey_024,annotator_090,Man,45-54,clip_2735,17,speaker_052,Female,7,elevenlabs_low_expressiveness,1,5,1,5,1,4,3,4
session_147,survey_206,annotator_104,Man,45-54,clip_0086,16,speaker_010,Male,9,elevenlabs,1,3,4,3,3,2,3,3
session_146,survey_024,annotator_090,Man,45-54,clip_2492,18,speaker_028,Female,9,elevenlabs_low_expressiveness,1,4,2,5,2,2,3,3
session_147,survey_206,annotator_104,Man,45-54,clip_1974,17,speaker_035,Male,5,elevenlabs,1,5,3,5,3,5,4,4
session_146,survey_024,annotator_090,Man,45-54,clip_2653,19,speaker_045,Female,2,elevenlabs_low_expressiveness,0,4,1,1,1,2,3,2
session_147,survey_206,annotator_104,Man,45-54,clip_0095,18,speaker_011,Male,1,elevenlabs,0,3,4,3,4,2,3,3
session_146,survey_024,annotator_090,Man,45-54,clip_2685,20,speaker_047,Female,1,elevenlabs_low_expressiveness,1,4,1,5,2,2,3,2
session_147,survey_206,annotator_104,Man,45-54,clip_0085,19,speaker_010,Male,9,elevenlabs,0,2,3,1,3,2,2,2
session_147,survey_206,annotator_104,Man,45-54,clip_0096,20,speaker_011,Male,1,elevenlabs,1,4,4,4,4,2,3,3
session_162,survey_083,annotator_161,Woman,45-54,clip_1443,7,speaker_048,Male,1,coqui_xtts,1,4,1,4,1,1,1,1
session_162,survey_083,annotator_161,Woman,45-54,clip_1108,12,speaker_002,Male,2,coqui_xtts,1,4,2,1,1,2,2,1
session_162,survey_083,annotator_161,Woman,45-54,clip_1442,13,speaker_048,Male,1,coqui_xtts,0,4,3,1,2,2,2,1
session_184,survey_002,annotator_004,Woman,55-64,clip_0073,2,speaker_009,Male,8,elevenlabs,0,2,1,3,1,1,1,1
session_184,survey_002,annotator_004,Woman,55-64,clip_1951,4,speaker_019,Male,4,elevenlabs,1,3,2,5,4,2,2,1
session_184,survey_002,annotator_004,Woman,55-64,clip_1954,6,speaker_019,Male,1,elevenlabs,1,2,1,4,2,1,1,1
session_184,survey_002,annotator_004,Woman,55-64,clip_0076,8,speaker_009,Male,9,elevenlabs,1,2,2,4,2,1,1,1
session_135,survey_151,annotator_042,Man,35-44,clip_2592,2,speaker_038,Male,2,elevenlabs_low_expressiveness,1,2,3,3,2,3,2,2
session_135,survey_151,annotator_042,Man,35-44,clip_2265,3,speaker_006,Male,9,elevenlabs_low_expressiveness,0,2,3,2,2,2,3,2
session_136,survey_048,annotator_159,Woman,25-34,clip_0562,2,speaker_072,Female,4,elevenlabs,1,5,4,4,4,4,4,2
session_137,survey_128,annotator_093,Man,25-34,clip_0375,2,speaker_045,Female,7,elevenlabs,0,4,2,1,1,3,3,2
session_141,survey_055,annotator_172,Woman,35-44,clip_1352,2,speaker_034,Male,6,coqui_xtts,0,2,1,3,1,1,2,1
session_140,survey_029,annotator_011,Woman,55-64,clip_2144,2,speaker_027,Female,7,coqui_xtts,1,3,5,4,3,4,4,4
session_150,survey_022,annotator_156,Woman,35-44,clip_1171,1,speaker_011,Male,4,coqui_xtts,1,3,2,5,3,2,4,3
session_135,survey_151,annotator_042,Man,35-44,clip_2429,6,speaker_022,Male,6,elevenlabs_low_expressiveness,0,3,2,2,3,2,2,3
session_153,survey_101,annotator_003,Woman,45-54,clip_0427,1,speaker_050,Female,5,elevenlabs,0,3,2,2,1,3,2,2
session_157,survey_058,annotator_106,Man,18-24,clip_0200,1,speaker_026,Male,3,elevenlabs,1,4,2,3,3,2,2,3
session_149,survey_152,annotator_002,Woman,45-54,clip_2282,2,speaker_008,Male,8,elevenlabs_low_expressiveness,1,3,2,5,4,2,2,2
session_150,survey_022,annotator_156,Woman,35-44,clip_2186,2,speaker_065,Male,9,coqui_xtts,1,3,1,4,4,1,3,1
session_153,survey_101,annotator_003,Woman,45-54,clip_2024,2,speaker_068,Female,5,elevenlabs,1,4,3,4,1,4,3,3
session_150,survey_022,annotator_156,Woman,35-44,clip_1319,3,speaker_030,Male,4,coqui_xtts,1,2,1,2,1,1,1,1
session_149,survey_152,annotator_002,Woman,45-54,clip_2227,3,speaker_001,Male,9,elevenlabs_low_expressiveness,0,1,1,3,1,1,1,1
session_157,survey_058,annotator_106,Man,18-24,clip_0489,2,speaker_058,Male,7,elevenlabs,0,4,3,1,2,2,2,1
session_153,survey_101,annotator_003,Woman,45-54,clip_0313,3,speaker_039,Female,2,elevenlabs,0,2,1,1,1,1,1,1
session_150,survey_022,annotator_156,Woman,35-44,clip_1228,4,speaker_016,Male,1,coqui_xtts,0,4,1,1,1,1,2,3
session_141,survey_055,annotator_172,Woman,35-44,clip_1702,5,speaker_035,Male,2,coqui_xtts,0,1,1,1,1,1,1,1
session_135,survey_151,annotator_042,Man,35-44,clip_2333,12,speaker_013,Male,4,elevenlabs_low_expressiveness,0,3,2,3,2,3,3,3
session_150,survey_022,annotator_156,Woman,35-44,clip_1432,5,speaker_048,Male,2,coqui_xtts,0,1,2,3,1,1,1,1
session_153,survey_101,annotator_003,Woman,45-54,clip_0572,4,speaker_072,Female,9,elevenlabs,1,3,4,3,3,2,3,2
session_157,survey_058,annotator_106,Man,18-24,clip_0015,3,speaker_002,Male,7,elevenlabs,0,4,3,2,2,2,3,1
session_150,survey_022,annotator_156,Woman,35-44,clip_1165,6,speaker_010,Male,8,coqui_xtts,1,1,3,1,1,1,1,1
session_150,survey_022,annotator_156,Woman,35-44,clip_1318,7,speaker_030,Male,4,coqui_xtts,0,1,1,1,1,1,1,1
session_153,survey_101,annotator_003,Woman,45-54,clip_1787,5,speaker_068,Female,4,elevenlabs,0,3,3,3,2,4,3,3
session_150,survey_022,annotator_156,Woman,35-44,clip_1170,8,speaker_011,Male,4,coqui_xtts,0,3,2,2,1,1,1,1
session_153,survey_101,annotator_003,Woman,45-54,clip_0580,6,speaker_073,Female,6,elevenlabs,1,1,1,1,1,1,1,1
session_150,survey_022,annotator_156,Woman,35-44,clip_1433,9,speaker_048,Male,2,coqui_xtts,1,3,2,2,1,2,2,2
session_150,survey_022,annotator_156,Woman,35-44,clip_1650,10,speaker_086,Male,8,coqui_xtts,0,1,1,1,1,1,1,1
session_150,survey_022,annotator_156,Woman,35-44,clip_1164,11,speaker_010,Male,8,coqui_xtts,0,1,1,1,1,1,1,1
session_157,survey_058,annotator_106,Man,18-24,clip_1821,4,speaker_006,Male,6,elevenlabs,0,4,2,1,1,1,2,1
session_150,survey_022,annotator_156,Woman,35-44,clip_1442,12,speaker_048,Male,1,coqui_xtts,0,2,1,3,3,1,2,1
session_157,survey_058,annotator_106,Man,18-24,clip_0017,5,speaker_002,Male,8,elevenlabs,0,4,1,1,3,2,2,1
session_153,survey_101,annotator_003,Woman,45-54,clip_1815,7,speaker_068,Female,5,elevenlabs,0,4,3,3,1,4,3,3
session_150,survey_022,annotator_156,Woman,35-44,clip_1269,13,speaker_023,Male,8,coqui_xtts,1,2,2,1,1,1,1,1
session_153,survey_101,annotator_003,Woman,45-54,clip_1927,8,speaker_066,Female,9,elevenlabs,0,1,1,1,1,1,1,1
session_157,survey_058,annotator_106,Man,18-24,clip_0199,6,speaker_026,Male,3,elevenlabs,0,3,2,1,1,2,2,1
session_150,survey_022,annotator_156,Woman,35-44,clip_1926,14,speaker_065,Male,9,coqui_xtts,0,4,1,4,1,2,2,2
session_150,survey_022,annotator_156,Woman,35-44,clip_2166,15,speaker_054,Male,2,coqui_xtts,1,4,3,4,3,3,3,3
session_153,survey_101,annotator_003,Woman,45-54,clip_0314,9,speaker_039,Female,2,elevenlabs,1,1,3,3,3,1,1,1
session_157,survey_058,annotator_106,Man,18-24,clip_0077,7,speaker_009,Male,1,elevenlabs,0,5,2,4,3,3,4,2
session_150,survey_022,annotator_156,Woman,35-44,clip_1710,16,speaker_054,Male,2,coqui_xtts,0,2,1,1,1,1,1,1
session_153,survey_101,annotator_003,Woman,45-54,clip_0428,10,speaker_050,Female,5,elevenlabs,1,3,3,3,4,2,3,2
session_150,survey_022,annotator_156,Woman,35-44,clip_1651,17,speaker_086,Male,8,coqui_xtts,1,2,1,3,1,1,2,1
session_157,survey_058,annotator_106,Man,18-24,clip_0018,8,speaker_002,Male,8,elevenlabs,1,4,1,4,3,2,2,1
session_150,survey_022,annotator_156,Woman,35-44,clip_1268,18,speaker_023,Male,8,coqui_xtts,0,1,1,1,1,1,1,1
session_149,survey_152,annotator_002,Woman,45-54,clip_2360,4,speaker_015,Male,6,elevenlabs_low_expressiveness,1,3,2,1,1,2,2,2
session_153,survey_101,annotator_003,Woman,45-54,clip_0356,11,speaker_044,Female,6,elevenlabs,1,2,1,1,1,2,1,1
session_150,survey_022,annotator_156,Woman,35-44,clip_1443,19,speaker_048,Male,1,coqui_xtts,1,1,2,1,1,1,1,1
session_150,survey_022,annotator_156,Woman,35-44,clip_1229,20,speaker_016,Male,1,coqui_xtts,1,3,1,1,1,1,1,1
session_149,survey_152,annotator_002,Woman,45-54,clip_2587,5,speaker_037,Male,9,elevenlabs_low_expressiveness,0,3,3,5,1,2,3,2
session_157,survey_058,annotator_106,Man,18-24,clip_0278,9,speaker_034,Male,7,elevenlabs,1,4,5,2,1,2,2,1
session_153,survey_101,annotator_003,Woman,45-54,clip_0441,12,speaker_052,Female,7,elevenlabs,0,2,1,1,1,1,1,1
session_149,survey_152,annotator_002,Woman,45-54,clip_2700,6,speaker_048,Male,1,elevenlabs_low_expressiveness,0,1,1,2,1,1,1,1
session_157,survey_058,annotator_106,Man,18-24,clip_0491,10,speaker_058,Male,8,elevenlabs,0,3,3,2,1,1,1,1
session_153,survey_101,annotator_003,Woman,45-54,clip_0328,13,speaker_039,Female,1,elevenlabs,1,3,2,1,3,2,2,2
session_157,survey_058,annotator_106,Man,18-24,clip_0078,11,speaker_009,Male,1,elevenlabs,1,5,3,4,4,3,3,2
session_149,survey_152,annotator_002,Woman,45-54,clip_2281,7,speaker_008,Male,8,elevenlabs_low_expressiveness,0,2,3,4,1,2,2,2
session_153,survey_101,annotator_003,Woman,45-54,clip_2023,14,speaker_068,Female,4,elevenlabs,1,2,4,2,2,3,3,4
session_157,survey_058,annotator_106,Man,18-24,clip_0016,12,speaker_002,Male,7,elevenlabs,1,5,3,5,3,3,3,1
session_149,survey_152,annotator_002,Woman,45-54,clip_2792,8,speaker_058,Male,4,elevenlabs_low_expressiveness,1,4,2,5,1,5,3,3
session_153,survey_101,annotator_003,Woman,45-54,clip_2020,15,speaker_066,Female,9,elevenlabs,1,1,1,1,1,1,1,1
session_157,survey_058,annotator_106,Man,18-24,clip_0490,13,speaker_058,Male,7,elevenlabs,1,5,2,1,1,1,1,1
session_153,survey_101,annotator_003,Woman,45-54,clip_0327,16,speaker_039,Female,1,elevenlabs,0,3,2,2,2,3,2,3
session_149,survey_152,annotator_002,Woman,45-54,clip_2588,9,speaker_037,Male,9,elevenlabs_low_expressiveness,1,4,3,5,1,4,3,3
session_157,survey_058,annotator_106,Man,18-24,clip_0238,14,speaker_030,Male,6,elevenlabs,1,4,1,3,2,1,1,1
session_149,survey_152,annotator_002,Woman,45-54,clip_2791,10,speaker_058,Male,4,elevenlabs_low_expressiveness,0,2,1,4,1,2,1,1
session_157,survey_058,annotator_106,Man,18-24,clip_0277,15,speaker_034,Male,7,elevenlabs,0,3,5,1,3,1,1,1
session_149,survey_152,annotator_002,Woman,45-54,clip_2558,11,speaker_034,Male,7,elevenlabs_low_expressiveness,1,4,3,1,1,3,3,2
session_153,survey_101,annotator_003,Woman,45-54,clip_0355,17,speaker_044,Female,6,elevenlabs,0,3,1,1,1,3,2,1
session_149,survey_152,annotator_002,Woman,45-54,clip_2459,12,speaker_026,Male,4,elevenlabs_low_expressiveness,0,4,3,4,1,3,3,2
session_157,survey_058,annotator_106,Man,18-24,clip_0492,16,speaker_058,Male,8,elevenlabs,1,4,4,3,2,2,1,1
session_153,survey_101,annotator_003,Woman,45-54,clip_0571,18,speaker_072,Female,9,elevenlabs,0,3,1,2,2,1,1,1
session_157,survey_058,annotator_106,Man,18-24,clip_1940,17,speaker_006,Male,6,elevenlabs,1,4,3,2,2,1,2,1
session_149,survey_152,annotator_002,Woman,45-54,clip_2507,13,speaker_029,Male,9,elevenlabs_low_expressiveness,0,4,3,5,1,3,3,2
session_153,survey_101,annotator_003,Woman,45-54,clip_0579,19,speaker_073,Female,6,elevenlabs,0,3,1,1,1,2,2,2
session_157,survey_058,annotator_106,Man,18-24,clip_0486,18,speaker_058,Male,5,elevenlabs,1,4,3,4,3,2,3,1
session_149,survey_152,annotator_002,Woman,45-54,clip_2557,14,speaker_034,Male,7,elevenlabs_low_expressiveness,0,2,3,1,1,2,2,2
session_157,survey_058,annotator_106,Man,18-24,clip_0485,19,speaker_058,Male,5,elevenlabs,0,4,2,5,3,3,3,2
session_153,survey_101,annotator_003,Woman,45-54,clip_0442,20,speaker_052,Female,7,elevenlabs,1,4,4,5,2,4,4,4
session_149,survey_152,annotator_002,Woman,45-54,clip_2359,15,speaker_015,Male,6,elevenlabs_low_expressiveness,0,2,1,1,1,1,1,1
session_157,survey_058,annotator_106,Man,18-24,clip_0237,20,speaker_030,Male,6,elevenlabs,0,3,3,2,2,2,1,1
session_149,survey_152,annotator_002,Woman,45-54,clip_2788,16,speaker_057,Male,8,elevenlabs_low_expressiveness,1,4,4,5,2,4,4,3
session_149,survey_152,annotator_002,Woman,45-54,clip_2508,17,speaker_029,Male,9,elevenlabs_low_expressiveness,1,4,3,5,2,3,3,2
session_149,survey_152,annotator_002,Woman,45-54,clip_2701,18,speaker_048,Male,1,elevenlabs_low_expressiveness,1,5,3,5,4,2,4,4
session_149,survey_152,annotator_002,Woman,45-54,clip_2460,19,speaker_026,Male,4,elevenlabs_low_expressiveness,1,1,2,2,2,1,2,1
session_149,survey_152,annotator_002,Woman,45-54,clip_2228,20,speaker_001,Male,9,elevenlabs_low_expressiveness,1,4,3,5,2,2,3,2
session_166,survey_211,annotator_155,Woman,65+,clip_0180,13,speaker_024,Female,3,elevenlabs,1,4,2,4,2,2,3,2
session_160,survey_215,annotator_109,Man,25-34,clip_0989,13,speaker_064,Female,2,chatterbox,1,4,3,5,1,3,4,1
session_184,survey_002,annotator_004,Woman,55-64,clip_0300,11,speaker_037,Male,2,elevenlabs,1,5,5,5,4,5,5,3
session_184,survey_002,annotator_004,Woman,55-64,clip_0491,12,speaker_058,Male,8,elevenlabs,0,2,1,4,1,1,1,1
session_136,survey_048,annotator_159,Woman,25-34,clip_1881,1,speaker_020,Female,8,elevenlabs,0,4,1,2,1,1,1,1
session_159,survey_139,annotator_136,Man,45-54,clip_1819,16,speaker_079,Female,5,chatterbox,0,5,5,5,3,2,3,3
session_184,survey_002,annotator_004,Woman,55-64,clip_0310,14,speaker_037,Male,9,elevenlabs,1,2,1,2,1,1,1,1
session_184,survey_002,annotator_004,Woman,55-64,clip_0492,15,speaker_058,Male,8,elevenlabs,1,2,1,1,1,1,1,1
session_184,survey_002,annotator_004,Woman,55-64,clip_0074,16,speaker_009,Male,8,elevenlabs,1,3,2,4,2,2,2,1
session_184,survey_002,annotator_004,Woman,55-64,clip_0103,17,speaker_013,Male,8,elevenlabs,0,3,2,4,2,2,1,1
session_184,survey_002,annotator_004,Woman,55-64,clip_0231,18,speaker_029,Male,1,elevenlabs,0,1,1,3,2,1,1,1
session_184,survey_002,annotator_004,Woman,55-64,clip_0299,19,speaker_037,Male,2,elevenlabs,0,5,4,5,3,4,3,3
session_179,survey_162,annotator_175,Woman,25-34,clip_2904,16,speaker_070,Female,6,elevenlabs_low_expressiveness,1,5,1,5,3,2,4,3
session_178,survey_081,annotator_008,Man,45-54,clip_1372,16,speaker_037,Male,2,coqui_xtts,0,5,1,5,1,3,5,5
session_184,survey_002,annotator_004,Woman,55-64,clip_0309,20,speaker_037,Male,9,elevenlabs,0,2,1,4,1,1,1,1
session_205,survey_072,annotator_170,Woman,18-24,clip_1233,1,speaker_017,Female,4,coqui_xtts,1,3,4,4,2,2,4,3
session_205,survey_072,annotator_170,Woman,18-24,clip_1543,2,speaker_069,Female,1,coqui_xtts,1,2,2,2,2,2,2,2
session_205,survey_072,annotator_170,Woman,18-24,clip_1542,3,speaker_069,Female,1,coqui_xtts,0,3,3,4,1,4,4,4
session_205,survey_072,annotator_170,Woman,18-24,clip_1548,4,speaker_070,Female,7,coqui_xtts,0,2,1,1,1,1,1,1
session_205,survey_072,annotator_170,Woman,18-24,clip_1392,5,speaker_043,Female,8,coqui_xtts,0,3,2,1,1,2,1,2
session_205,survey_072,annotator_170,Woman,18-24,clip_1273,6,speaker_024,Female,1,coqui_xtts,1,2,1,1,2,2,1,1
session_205,survey_072,annotator_170,Woman,18-24,clip_1411,7,speaker_046,Female,2,coqui_xtts,0,3,3,1,3,3,2,2
session_205,survey_072,annotator_170,Woman,18-24,clip_1272,8,speaker_024,Female,1,coqui_xtts,0,3,3,2,1,2,2,3
session_205,survey_072,annotator_170,Woman,18-24,clip_2201,9,speaker_071,Female,4,coqui_xtts,1,1,3,3,4,2,3,2
session_205,survey_072,annotator_170,Woman,18-24,clip_1790,10,speaker_071,Female,4,coqui_xtts,0,4,2,1,3,2,2,2
session_202,survey_110,annotator_029,Man,65+,clip_1759,10,speaker_068,Female,3,coqui_xtts,0,2,2,1,2,1,1,1
session_205,survey_072,annotator_170,Woman,18-24,clip_1738,11,speaker_027,Female,3,coqui_xtts,0,4,3,4,1,4,3,3
session_205,survey_072,annotator_170,Woman,18-24,clip_1393,12,speaker_043,Female,8,coqui_xtts,1,1,2,2,2,2,1,1
session_205,survey_072,annotator_170,Woman,18-24,clip_1615,13,speaker_083,Female,3,coqui_xtts,1,3,2,2,3,2,2,2
session_205,survey_072,annotator_170,Woman,18-24,clip_1412,14,speaker_046,Female,2,coqui_xtts,1,3,2,1,2,2,2,2
session_205,survey_072,annotator_170,Woman,18-24,clip_1470,15,speaker_056,Female,5,coqui_xtts,0,2,3,2,3,3,2,2
session_205,survey_072,annotator_170,Woman,18-24,clip_2141,16,speaker_027,Female,3,coqui_xtts,1,4,3,4,2,4,3,3
session_205,survey_072,annotator_170,Woman,18-24,clip_1549,17,speaker_070,Female,7,coqui_xtts,1,2,3,1,3,2,1,1
session_205,survey_072,annotator_170,Woman,18-24,clip_1471,18,speaker_056,Female,5,coqui_xtts,1,4,4,2,2,4,3,3
session_205,survey_072,annotator_170,Woman,18-24,clip_1232,19,speaker_017,Female,4,coqui_xtts,0,5,4,1,3,3,3,3
session_205,survey_072,annotator_170,Woman,18-24,clip_1614,20,speaker_083,Female,3,coqui_xtts,0,2,3,4,2,3,2,2
session_204,survey_032,annotator_019,Woman,45-54,clip_1068,19,speaker_082,Female,8,chatterbox,0,2,1,3,1,2,3,2
session_216,survey_033,annotator_130,Man,35-44,clip_0931,17,speaker_053,Female,9,chatterbox,1,4,5,4,2,2,3,1
session_138,survey_086,annotator_017,Man,25-34,clip_2746,3,speaker_054,Male,3,elevenlabs_low_expressiveness,0,2,3,2,2,3,2,2
session_142,survey_054,annotator_086,Woman,35-44,clip_1455,1,speaker_050,Female,5,coqui_xtts,1,5,5,5,1,4,5,5
session_155,survey_214,annotator_158,Woman,25-34,clip_0353,1,speaker_044,Female,5,elevenlabs,0,4,2,2,3,3,4,4
session_156,survey_146,annotator_021,Woman,35-44,clip_2275,1,speaker_008,Male,3,elevenlabs_low_expressiveness,0,3,1,4,1,1,2,2
session_155,survey_214,annotator_158,Woman,25-34,clip_1736,2,speaker_027,Female,3,elevenlabs,0,4,4,3,4,3,4,4
session_152,survey_056,annotator_036,Man,45-54,clip_1002,2,speaker_069,Female,4,chatterbox,0,3,2,4,2,4,3,3
session_155,survey_214,annotator_158,Woman,25-34,clip_0354,3,speaker_044,Female,5,elevenlabs,1,3,3,2,3,3,4,3
session_136,survey_048,annotator_159,Woman,25-34,clip_1812,7,speaker_066,Female,5,elevenlabs,0,1,1,1,1,1,1,1
session_156,survey_146,annotator_021,Woman,35-44,clip_2276,2,speaker_008,Male,3,elevenlabs_low_expressiveness,1,4,3,1,1,2,3,2
session_154,survey_194,annotator_007,Woman,55-64,clip_0670,1,speaker_013,Male,3,chatterbox,1,3,4,4,4,1,3,2
session_155,survey_214,annotator_158,Woman,25-34,clip_0428,4,speaker_050,Female,5,elevenlabs,1,2,2,4,2,4,4,3
session_155,survey_214,annotator_158,Woman,25-34,clip_1964,5,speaker_027,Female,3,elevenlabs,1,4,4,5,4,5,5,5
session_152,survey_056,annotator_036,Man,45-54,clip_0931,3,speaker_053,Female,9,chatterbox,1,4,3,4,2,2,3,2
session_155,survey_214,annotator_158,Woman,25-34,clip_0442,6,speaker_052,Female,7,elevenlabs,1,4,3,4,3,5,3,4
session_156,survey_146,annotator_021,Woman,35-44,clip_2319,3,speaker_011,Male,9,elevenlabs_low_expressiveness,0,4,1,4,1,3,3,3
session_137,survey_128,annotator_093,Man,25-34,clip_1927,7,speaker_066,Female,9,elevenlabs,0,1,1,1,1,1,1,1
session_135,survey_151,annotator_042,Man,35-44,clip_2812,15,speaker_060,Male,2,elevenlabs_low_expressiveness,1,2,3,2,3,2,2,2
session_152,survey_056,annotator_036,Man,45-54,clip_1075,4,speaker_083,Female,9,chatterbox,1,4,3,4,3,3,4,2
session_154,survey_194,annotator_007,Woman,55-64,clip_2065,2,speaker_038,Male,5,chatterbox,1,4,2,5,3,2,3,3
session_156,survey_146,annotator_021,Woman,35-44,clip_2602,4,speaker_038,Male,7,elevenlabs_low_expressiveness,1,3,1,4,2,4,3,2
session_155,survey_214,annotator_158,Woman,25-34,clip_0441,7,speaker_052,Female,7,elevenlabs,0,2,2,1,2,2,1,3
session_156,survey_146,annotator_021,Woman,35-44,clip_2429,5,speaker_022,Male,6,elevenlabs_low_expressiveness,0,2,2,1,1,2,2,1
session_152,survey_056,annotator_036,Man,45-54,clip_0695,5,speaker_017,Female,3,chatterbox,0,4,2,1,1,3,2,1
session_155,survey_214,annotator_158,Woman,25-34,clip_0427,8,speaker_050,Female,5,elevenlabs,0,2,2,1,2,1,2,1
session_154,survey_194,annotator_007,Woman,55-64,clip_0979,3,speaker_060,Male,6,chatterbox,1,4,2,4,4,2,4,3
session_155,survey_214,annotator_158,Woman,25-34,clip_0145,9,speaker_017,Female,1,elevenlabs,0,2,2,2,4,2,2,3
session_152,survey_056,annotator_036,Man,45-54,clip_1074,6,speaker_083,Female,9,chatterbox,0,2,1,2,1,1,2,1
session_155,survey_214,annotator_158,Woman,25-34,clip_0109,10,speaker_014,Female,2,elevenlabs,0,4,4,2,2,3,2,3
session_156,survey_146,annotator_021,Woman,35-44,clip_2601,6,speaker_038,Male,7,elevenlabs_low_expressiveness,0,5,2,3,1,3,2,2
session_155,survey_214,annotator_158,Woman,25-34,clip_0387,11,speaker_046,Female,8,elevenlabs,0,4,2,1,2,3,4,3
session_152,survey_056,annotator_036,Man,45-54,clip_0848,7,speaker_043,Female,3,chatterbox,0,3,1,3,1,2,2,1
session_156,survey_146,annotator_021,Woman,35-44,clip_2223,7,speaker_001,Male,7,elevenlabs_low_expressiveness,0,5,2,5,1,3,2,2
session_155,survey_214,annotator_158,Woman,25-34,clip_1825,12,speaker_020,Female,6,elevenlabs,0,3,2,3,2,4,3,4
session_154,survey_194,annotator_007,Woman,55-64,clip_0642,4,speaker_009,Male,5,chatterbox,1,4,3,5,2,1,3,2
session_155,survey_214,annotator_158,Woman,25-34,clip_1958,13,speaker_020,Female,6,elevenlabs,1,4,4,4,3,5,5,5
session_156,survey_146,annotator_021,Woman,35-44,clip_2590,8,speaker_037,Male,1,elevenlabs_low_expressiveness,1,3,2,4,2,1,2,2
session_152,survey_056,annotator_036,Man,45-54,clip_0696,8,speaker_017,Female,3,chatterbox,1,4,3,4,2,3,3,2
session_155,survey_214,annotator_158,Woman,25-34,clip_0110,14,speaker_014,Female,2,elevenlabs,1,5,4,5,2,4,4,5
session_155,survey_214,annotator_158,Woman,25-34,clip_0393,15,speaker_047,Female,4,elevenlabs,0,5,4,5,2,5,5,5
session_156,survey_146,annotator_021,Woman,35-44,clip_2224,9,speaker_001,Male,7,elevenlabs_low_expressiveness,1,5,4,5,1,5,3,3
session_152,survey_056,annotator_036,Man,45-54,clip_1712,9,speaker_055,Female,2,chatterbox,0,2,2,3,1,1,2,1
session_155,survey_214,annotator_158,Woman,25-34,clip_0527,16,speaker_064,Female,3,elevenlabs,0,4,2,4,5,3,5,5
session_155,survey_214,annotator_158,Woman,25-34,clip_0388,17,speaker_046,Female,8,elevenlabs,1,4,4,1,2,4,5,5
session_156,survey_146,annotator_021,Woman,35-44,clip_2494,10,speaker_029,Male,2,elevenlabs_low_expressiveness,1,4,3,5,2,4,4,2
session_152,survey_056,annotator_036,Man,45-54,clip_0939,10,speaker_056,Female,8,chatterbox,1,4,3,4,2,2,3,2
session_154,survey_194,annotator_007,Woman,55-64,clip_1078,5,speaker_084,Male,3,chatterbox,0,2,3,2,1,2,1,1
session_156,survey_146,annotator_021,Woman,35-44,clip_2496,11,speaker_029,Male,3,elevenlabs_low_expressiveness,1,4,2,4,1,2,2,2
session_155,survey_214,annotator_158,Woman,25-34,clip_0528,18,speaker_064,Female,3,elevenlabs,1,2,3,4,4,4,4,4
session_152,survey_056,annotator_036,Man,45-54,clip_0998,11,speaker_069,Female,2,chatterbox,0,3,3,4,2,2,3,2
session_155,survey_214,annotator_158,Woman,25-34,clip_0394,19,speaker_047,Female,4,elevenlabs,1,2,4,4,2,5,5,5
session_156,survey_146,annotator_021,Woman,35-44,clip_2572,12,speaker_036,Male,2,elevenlabs_low_expressiveness,1,4,4,4,1,5,3,4
session_155,survey_214,annotator_158,Woman,25-34,clip_0146,20,speaker_017,Female,1,elevenlabs,1,3,4,1,2,4,4,5
session_156,survey_146,annotator_021,Woman,35-44,clip_2589,13,speaker_037,Male,1,elevenlabs_low_expressiveness,0,4,3,3,1,2,2,2
session_152,survey_056,annotator_036,Man,45-54,clip_0885,12,speaker_047,Female,8,chatterbox,1,5,3,5,3,2,4,2
session_156,survey_146,annotator_021,Woman,35-44,clip_2493,14,speaker_029,Male,2,elevenlabs_low_expressiveness,0,4,1,4,1,2,1,1
session_152,survey_056,annotator_036,Man,45-54,clip_0930,13,speaker_053,Female,9,chatterbox,0,3,2,2,1,2,2,2
session_154,survey_194,annotator_007,Woman,55-64,clip_0722,6,speaker_022,Male,8,chatterbox,0,4,2,2,1,2,2,1
session_156,survey_146,annotator_021,Woman,35-44,clip_2495,15,speaker_029,Male,3,elevenlabs_low_expressiveness,0,4,1,4,1,2,1,1
session_152,survey_056,annotator_036,Man,45-54,clip_0986,14,speaker_061,Female,1,chatterbox,0,2,2,2,1,1,2,1
session_156,survey_146,annotator_021,Woman,35-44,clip_2426,16,speaker_022,Male,4,elevenlabs_low_expressiveness,1,4,2,4,3,2,3,1
session_152,survey_056,annotator_036,Man,45-54,clip_1003,15,speaker_069,Female,4,chatterbox,1,5,3,5,3,4,4,3
session_154,survey_194,annotator_007,Woman,55-64,clip_0641,7,speaker_009,Male,5,chatterbox,0,2,3,3,1,2,2,2
session_156,survey_146,annotator_021,Woman,35-44,clip_2320,17,speaker_011,Male,9,elevenlabs_low_expressiveness,1,4,3,5,1,3,2,2
session_152,survey_056,annotator_036,Man,45-54,clip_0884,16,speaker_047,Female,8,chatterbox,0,5,2,5,3,3,4,3
session_156,survey_146,annotator_021,Woman,35-44,clip_2571,18,speaker_036,Male,2,elevenlabs_low_expressiveness,0,4,3,1,1,2,2,2
session_154,survey_194,annotator_007,Woman,55-64,clip_0801,8,speaker_033,Male,1,chatterbox,1,4,3,2,3,1,2,1
session_152,survey_056,annotator_036,Man,45-54,clip_2078,17,speaker_055,Female,2,chatterbox,1,3,3,4,2,2,3,2
session_156,survey_146,annotator_021,Woman,35-44,clip_2430,19,speaker_022,Male,6,elevenlabs_low_expressiveness,1,4,4,1,1,3,2,1
session_152,survey_056,annotator_036,Man,45-54,clip_0849,18,speaker_043,Female,3,chatterbox,1,4,3,5,3,3,4,2
session_156,survey_146,annotator_021,Woman,35-44,clip_2425,20,speaker_022,Male,4,elevenlabs_low_expressiveness,0,4,2,1,1,2,2,1
session_154,survey_194,annotator_007,Woman,55-64,clip_0978,9,speaker_060,Male,6,chatterbox,0,4,2,1,2,2,2,2
session_152,survey_056,annotator_036,Man,45-54,clip_0938,19,speaker_056,Female,8,chatterbox,0,4,2,2,2,3,3,2
session_152,survey_056,annotator_036,Man,45-54,clip_0999,20,speaker_069,Female,2,chatterbox,1,3,4,4,3,2,3,2
session_154,survey_194,annotator_007,Woman,55-64,clip_0723,10,speaker_022,Male,8,chatterbox,1,4,3,2,1,2,3,2
session_154,survey_194,annotator_007,Woman,55-64,clip_0669,11,speaker_013,Male,3,chatterbox,0,3,3,4,3,2,3,2
session_154,survey_194,annotator_007,Woman,55-64,clip_0800,12,speaker_033,Male,1,chatterbox,0,2,4,1,3,1,3,2
session_154,survey_194,annotator_007,Woman,55-64,clip_1076,13,speaker_084,Male,2,chatterbox,0,3,3,1,1,2,2,2
session_154,survey_194,annotator_007,Woman,55-64,clip_1804,14,speaker_038,Male,5,chatterbox,0,3,3,2,3,2,3,3
session_154,survey_194,annotator_007,Woman,55-64,clip_0626,15,speaker_005,Male,8,chatterbox,1,4,2,5,3,3,3,3
session_154,survey_194,annotator_007,Woman,55-64,clip_0602,16,speaker_001,Male,9,chatterbox,1,4,3,4,4,2,3,3
session_154,survey_194,annotator_007,Woman,55-64,clip_1079,17,speaker_084,Male,3,chatterbox,1,4,4,4,2,3,3,3
session_154,survey_194,annotator_007,Woman,55-64,clip_0625,18,speaker_005,Male,8,chatterbox,0,2,2,3,1,1,2,2
session_154,survey_194,annotator_007,Woman,55-64,clip_0601,19,speaker_001,Male,9,chatterbox,0,3,3,3,2,2,3,3
session_154,survey_194,annotator_007,Woman,55-64,clip_1077,20,speaker_084,Male,2,chatterbox,1,4,2,3,2,2,2,2
session_163,survey_134,annotator_064,Prefer not to say,25-34,clip_2457,13,speaker_026,Male,3,elevenlabs_low_expressiveness,0,4,1,5,2,2,3,2
session_163,survey_134,annotator_064,Prefer not to say,25-34,clip_2468,15,speaker_026,Male,8,elevenlabs_low_expressiveness,1,3,1,5,1,1,2,2
session_185,survey_115,annotator_182,Other,45-54,clip_0001,3,speaker_001,Male,2,elevenlabs,0,3,1,2,1,1,2,2
session_185,survey_115,annotator_182,Other,45-54,clip_0002,5,speaker_001,Male,2,elevenlabs,1,3,2,4,1,2,3,2
session_185,survey_115,annotator_182,Other,45-54,clip_0086,7,speaker_010,Male,9,elevenlabs,1,2,1,2,1,1,2,1
session_185,survey_115,annotator_182,Other,45-54,clip_0293,8,speaker_036,Male,8,elevenlabs,0,4,1,1,1,2,2,2
session_185,survey_115,annotator_182,Other,45-54,clip_2035,10,speaker_075,Male,6,elevenlabs,1,1,3,3,1,1,2,1
session_185,survey_115,annotator_182,Other,45-54,clip_0506,12,speaker_059,Male,1,elevenlabs,1,3,1,1,2,1,2,1
session_135,survey_151,annotator_042,Man,35-44,clip_2437,5,speaker_023,Male,4,elevenlabs_low_expressiveness,0,3,3,2,2,3,2,2
session_137,survey_128,annotator_093,Man,25-34,clip_0329,4,speaker_040,Female,2,elevenlabs,0,3,3,2,3,2,3,3
session_138,survey_086,annotator_017,Man,25-34,clip_2509,8,speaker_029,Male,1,elevenlabs_low_expressiveness,0,3,1,4,2,3,3,3
session_135,survey_151,annotator_042,Man,35-44,clip_2438,8,speaker_023,Male,4,elevenlabs_low_expressiveness,1,2,2,3,2,3,2,2
session_135,survey_151,annotator_042,Man,35-44,clip_2755,10,speaker_054,Male,9,elevenlabs_low_expressiveness,1,3,2,3,4,3,2,3
session_138,survey_086,annotator_017,Man,25-34,clip_2573,10,speaker_036,Male,3,elevenlabs_low_expressiveness,0,2,1,1,1,2,1,2
session_141,survey_055,annotator_172,Woman,35-44,clip_1441,6,speaker_048,Male,8,coqui_xtts,1,2,1,2,2,1,1,1
session_137,survey_128,annotator_093,Man,25-34,clip_0359,9,speaker_044,Female,8,elevenlabs,0,4,2,1,2,1,2,2
session_138,survey_086,annotator_017,Man,25-34,clip_2399,14,speaker_019,Male,7,elevenlabs_low_expressiveness,0,2,1,2,1,1,1,1
session_136,survey_048,annotator_159,Woman,25-34,clip_0051,12,speaker_007,Female,3,elevenlabs,0,4,2,1,2,2,3,2
session_135,survey_151,annotator_042,Man,35-44,clip_2811,19,speaker_060,Male,2,elevenlabs_low_expressiveness,0,1,3,2,2,2,3,2
session_137,survey_128,annotator_093,Man,25-34,clip_1986,10,speaker_051,Female,2,elevenlabs,1,4,4,5,3,3,4,4
session_140,survey_029,annotator_011,Woman,55-64,clip_1845,9,speaker_066,Female,6,coqui_xtts,0,1,1,2,1,1,1,1
session_141,survey_055,annotator_172,Woman,35-44,clip_1166,9,speaker_011,Male,2,coqui_xtts,0,2,2,2,1,1,2,1
session_137,survey_128,annotator_093,Man,25-34,clip_0444,11,speaker_053,Female,6,elevenlabs,1,3,2,5,2,2,3,3
session_140,survey_029,annotator_011,Woman,55-64,clip_1859,10,speaker_027,Female,7,coqui_xtts,0,4,3,3,2,4,3,3
session_136,survey_048,annotator_159,Woman,25-34,clip_0457,15,speaker_056,Female,4,elevenlabs,0,5,4,2,3,3,3,2
session_140,survey_029,annotator_011,Woman,55-64,clip_1196,11,speaker_014,Female,2,coqui_xtts,0,5,2,3,2,4,3,3
session_138,survey_086,annotator_017,Man,25-34,clip_2254,19,speaker_005,Male,3,elevenlabs_low_expressiveness,1,4,2,4,3,3,4,3
session_136,survey_048,annotator_159,Woman,25-34,clip_0542,17,speaker_069,Female,7,elevenlabs,1,5,5,5,5,5,5,4
session_137,survey_128,annotator_093,Man,25-34,clip_0376,13,speaker_045,Female,7,elevenlabs,1,5,4,5,2,4,4,4
session_136,survey_048,annotator_159,Woman,25-34,clip_0329,18,speaker_040,Female,2,elevenlabs,0,4,3,2,2,2,3,1
session_137,survey_128,annotator_093,Man,25-34,clip_0427,14,speaker_050,Female,5,elevenlabs,0,3,1,1,3,2,2,2
session_142,survey_054,annotator_086,Woman,35-44,clip_1403,7,speaker_045,Female,7,coqui_xtts,0,5,5,2,4,2,5,4
session_137,survey_128,annotator_093,Man,25-34,clip_0588,15,speaker_074,Female,7,elevenlabs,1,5,4,5,2,2,4,4
session_140,survey_029,annotator_011,Woman,55-64,clip_1197,14,speaker_014,Female,2,coqui_xtts,1,3,1,3,2,3,3,3
session_140,survey_029,annotator_011,Woman,55-64,clip_1446,15,speaker_049,Female,1,coqui_xtts,0,5,3,4,2,5,2,3
session_140,survey_029,annotator_011,Woman,55-64,clip_1430,16,speaker_047,Female,8,coqui_xtts,0,4,3,3,2,4,4,3
session_141,survey_055,annotator_172,Woman,35-44,clip_1643,15,speaker_085,Male,9,coqui_xtts,1,3,4,3,3,2,2,2
session_158,survey_106,annotator_131,Man,45-54,clip_1174,1,speaker_011,Male,6,coqui_xtts,0,4,1,4,2,5,2,1
session_140,survey_029,annotator_011,Woman,55-64,clip_1521,18,speaker_064,Female,2,coqui_xtts,1,1,1,1,1,1,1,1
session_141,survey_055,annotator_172,Woman,35-44,clip_1139,17,speaker_005,Male,1,coqui_xtts,0,1,1,2,1,1,1,1
session_158,survey_106,annotator_131,Man,45-54,clip_1150,2,speaker_008,Male,9,coqui_xtts,0,3,1,4,4,3,3,2
session_140,survey_029,annotator_011,Woman,55-64,clip_1519,20,speaker_061,Female,3,coqui_xtts,1,3,3,3,2,3,2,3
session_158,survey_106,annotator_131,Man,45-54,clip_1930,3,speaker_067,Male,9,coqui_xtts,0,5,1,4,5,4,5,4
session_141,survey_055,annotator_172,Woman,35-44,clip_1181,19,speaker_013,Male,2,coqui_xtts,1,5,3,5,3,3,4,4
session_158,survey_106,annotator_131,Man,45-54,clip_1597,4,speaker_081,Male,6,coqui_xtts,1,4,1,4,5,3,4,4
session_142,survey_054,annotator_086,Woman,35-44,clip_1451,11,speaker_050,Female,3,coqui_xtts,1,5,3,5,4,1,3,3
session_158,survey_106,annotator_131,Man,45-54,clip_1880,5,speaker_019,Male,8,coqui_xtts,0,1,1,3,3,1,1,1
session_158,survey_106,annotator_131,Man,45-54,clip_2148,6,speaker_035,Male,3,coqui_xtts,1,2,1,4,1,2,2,1
session_137,survey_128,annotator_093,Man,25-34,clip_0587,18,speaker_074,Female,7,elevenlabs,0,4,2,1,3,3,3,3
session_158,survey_106,annotator_131,Man,45-54,clip_1158,7,speaker_009,Male,1,coqui_xtts,0,2,1,2,1,3,2,1
session_158,survey_106,annotator_131,Man,45-54,clip_1596,8,speaker_081,Male,6,coqui_xtts,0,4,1,5,4,5,4,5
session_142,survey_054,annotator_086,Woman,35-44,clip_1450,14,speaker_050,Female,3,coqui_xtts,0,5,5,5,1,5,5,5
session_158,survey_106,annotator_131,Man,45-54,clip_1824,9,speaker_019,Male,6,coqui_xtts,0,4,1,4,4,4,4,4
session_142,survey_054,annotator_086,Woman,35-44,clip_1472,15,speaker_056,Female,7,coqui_xtts,0,3,5,2,1,2,5,5
session_137,survey_128,annotator_093,Man,25-34,clip_0443,19,speaker_053,Female,6,elevenlabs,0,1,1,1,1,1,1,1
session_142,survey_054,annotator_086,Woman,35-44,clip_1544,16,speaker_070,Female,4,coqui_xtts,0,1,1,1,1,1,1,1
session_158,survey_106,annotator_131,Man,45-54,clip_2131,10,speaker_019,Male,6,coqui_xtts,1,4,1,4,5,4,4,4
session_142,survey_054,annotator_086,Woman,35-44,clip_1468,17,speaker_056,Female,2,coqui_xtts,0,5,5,3,1,5,5,5
session_158,survey_106,annotator_131,Man,45-54,clip_1625,11,speaker_084,Male,4,coqui_xtts,1,5,1,4,4,4,5,4
session_158,survey_106,annotator_131,Man,45-54,clip_1729,12,speaker_006,Male,3,coqui_xtts,0,5,1,4,4,4,4,1
session_158,survey_106,annotator_131,Man,45-54,clip_2119,13,speaker_006,Male,3,coqui_xtts,1,5,4,4,4,4,5,4
session_158,survey_106,annotator_131,Man,45-54,clip_2133,14,speaker_019,Male,8,coqui_xtts,1,2,2,3,2,4,2,1
session_158,survey_106,annotator_131,Man,45-54,clip_1175,15,speaker_011,Male,6,coqui_xtts,1,4,3,4,2,4,4,2
session_158,survey_106,annotator_131,Man,45-54,clip_1624,16,speaker_084,Male,4,coqui_xtts,0,3,1,1,1,1,1,1
session_158,survey_106,annotator_131,Man,45-54,clip_1159,17,speaker_009,Male,1,coqui_xtts,1,5,4,5,5,4,4,3
session_158,survey_106,annotator_131,Man,45-54,clip_2192,18,speaker_067,Male,9,coqui_xtts,1,2,2,3,2,1,1,1
session_158,survey_106,annotator_131,Man,45-54,clip_1151,19,speaker_008,Male,9,coqui_xtts,1,2,4,5,4,2,3,1
session_158,survey_106,annotator_131,Man,45-54,clip_1741,20,speaker_035,Male,3,coqui_xtts,0,3,4,5,3,2,4,1
session_159,survey_139,annotator_136,Man,45-54,clip_1813,2,speaker_066,Female,5,chatterbox,0,1,1,1,1,1,1,1
session_160,survey_215,annotator_109,Man,25-34,clip_2114,2,speaker_079,Female,7,chatterbox,1,1,2,4,1,3,4,1
session_159,survey_139,annotator_136,Man,45-54,clip_0992,4,speaker_064,Female,4,chatterbox,0,2,2,4,2,1,1,1
session_159,survey_139,annotator_136,Man,45-54,clip_2082,5,speaker_062,Female,3,chatterbox,1,5,5,5,3,3,3,2
session_159,survey_139,annotator_136,Man,45-54,clip_1935,6,speaker_079,Female,9,chatterbox,0,4,3,5,3,2,2,2
session_159,survey_139,annotator_136,Man,45-54,clip_0872,7,speaker_046,Female,1,chatterbox,0,4,4,1,2,2,2,1
session_159,survey_139,annotator_136,Man,45-54,clip_0918,8,speaker_050,Female,1,chatterbox,0,2,1,3,1,1,1,1
session_159,survey_139,annotator_136,Man,45-54,clip_2092,9,speaker_066,Female,5,chatterbox,1,2,1,4,2,1,1,1
session_159,survey_139,annotator_136,Man,45-54,clip_2112,10,speaker_079,Female,5,chatterbox,1,4,4,5,3,2,3,2
session_160,survey_215,annotator_109,Man,25-34,clip_0868,7,speaker_046,Female,8,chatterbox,0,3,3,4,1,2,3,1
session_159,survey_139,annotator_136,Man,45-54,clip_0919,13,speaker_050,Female,1,chatterbox,1,2,1,4,2,1,2,2
session_159,survey_139,annotator_136,Man,45-54,clip_1038,14,speaker_076,Female,2,chatterbox,0,5,3,1,3,2,2,2
session_160,survey_215,annotator_109,Man,25-34,clip_0869,9,speaker_046,Female,8,chatterbox,1,3,3,1,2,2,3,1
session_160,survey_215,annotator_109,Man,25-34,clip_1672,10,speaker_051,Female,1,chatterbox,0,1,3,2,1,3,3,1
session_159,survey_139,annotator_136,Man,45-54,clip_0901,17,speaker_049,Female,4,chatterbox,1,2,2,3,2,1,2,1
session_159,survey_139,annotator_136,Man,45-54,clip_2115,18,speaker_079,Female,9,chatterbox,1,5,5,5,3,3,3,2
session_159,survey_139,annotator_136,Man,45-54,clip_1039,19,speaker_076,Female,2,chatterbox,1,2,2,2,2,2,2,2
session_159,survey_139,annotator_136,Man,45-54,clip_0873,20,speaker_046,Female,1,chatterbox,1,3,2,1,3,1,2,1
session_160,survey_215,annotator_109,Man,25-34,clip_1031,14,speaker_073,Female,7,chatterbox,1,4,3,4,1,4,3,1
session_160,survey_215,annotator_109,Man,25-34,clip_1010,16,speaker_069,Female,1,chatterbox,0,5,4,4,1,4,4,1
session_160,survey_215,annotator_109,Man,25-34,clip_2074,17,speaker_051,Female,1,chatterbox,1,4,2,4,1,3,2,3
session_163,survey_134,annotator_064,Prefer not to say,25-34,clip_2397,1,speaker_019,Male,4,elevenlabs_low_expressiveness,0,2,1,5,3,1,1,1
session_163,survey_134,annotator_064,Prefer not to say,25-34,clip_2240,2,speaker_003,Male,4,elevenlabs_low_expressiveness,1,3,1,5,3,2,3,1
session_163,survey_134,annotator_064,Prefer not to say,25-34,clip_2810,3,speaker_059,Male,9,elevenlabs_low_expressiveness,1,2,1,5,4,1,1,1
session_162,survey_083,annotator_161,Woman,45-54,clip_2121,1,speaker_006,Male,5,coqui_xtts,1,3,1,3,1,4,3,1
session_166,survey_211,annotator_155,Woman,65+,clip_0551,1,speaker_070,Female,3,elevenlabs,0,2,1,2,1,1,1,1
session_161,survey_132,annotator_020,Woman,45-54,clip_2415,1,speaker_020,Female,1,elevenlabs_low_expressiveness,0,4,1,5,3,2,3,2
session_168,survey_096,annotator_116,Woman,55-64,clip_1409,1,speaker_045,Female,1,coqui_xtts,0,4,2,1,3,4,4,4
session_163,survey_134,annotator_064,Prefer not to say,25-34,clip_2458,4,speaker_026,Male,3,elevenlabs_low_expressiveness,1,5,1,5,2,1,4,3
session_167,survey_117,annotator_139,Man,25-34,clip_2413,1,speaker_020,Female,8,elevenlabs_low_expressiveness,0,3,2,3,2,3,2,4
session_166,survey_211,annotator_155,Woman,65+,clip_0545,2,speaker_069,Female,9,elevenlabs,0,3,1,3,1,2,2,2
session_161,survey_132,annotator_020,Woman,45-54,clip_2645,2,speaker_044,Female,2,elevenlabs_low_expressiveness,0,4,1,1,2,4,3,3
session_168,survey_096,annotator_116,Woman,55-64,clip_1790,2,speaker_071,Female,4,coqui_xtts,0,3,1,1,2,3,3,3
session_163,survey_134,annotator_064,Prefer not to say,25-34,clip_2368,5,speaker_016,Male,5,elevenlabs_low_expressiveness,1,5,1,5,1,2,4,3
session_162,survey_083,annotator_161,Woman,45-54,clip_1489,2,speaker_057,Male,1,coqui_xtts,1,3,2,2,1,2,1,1
session_167,survey_117,annotator_139,Man,25-34,clip_2702,2,speaker_049,Female,3,elevenlabs_low_expressiveness,0,2,5,4,2,2,2,1
session_166,survey_211,annotator_155,Woman,65+,clip_0179,3,speaker_024,Female,3,elevenlabs,0,2,1,2,1,1,2,1
session_168,survey_096,annotator_116,Woman,55-64,clip_2144,3,speaker_027,Female,7,coqui_xtts,1,5,3,5,4,4,4,5
session_163,survey_134,annotator_064,Prefer not to say,25-34,clip_2582,6,speaker_037,Male,2,elevenlabs_low_expressiveness,1,2,3,5,1,1,1,1
session_161,survey_132,annotator_020,Woman,45-54,clip_2625,3,speaker_040,Female,8,elevenlabs_low_expressiveness,0,5,1,1,2,2,3,2
session_166,survey_211,annotator_155,Woman,65+,clip_0193,4,speaker_025,Female,7,elevenlabs,0,3,1,3,1,2,2,2
session_168,survey_096,annotator_116,Woman,55-64,clip_2201,4,speaker_071,Female,4,coqui_xtts,1,4,4,5,4,4,4,4
session_161,survey_132,annotator_020,Woman,45-54,clip_2416,4,speaker_020,Female,1,elevenlabs_low_expressiveness,1,5,3,5,3,3,5,4
session_166,survey_211,annotator_155,Woman,65+,clip_0182,5,speaker_024,Female,8,elevenlabs,1,4,2,4,2,2,3,3
session_167,survey_117,annotator_139,Man,25-34,clip_2483,4,speaker_028,Female,2,elevenlabs_low_expressiveness,0,1,1,3,1,1,1,1
session_161,survey_132,annotator_020,Woman,45-54,clip_2911,5,speaker_071,Female,7,elevenlabs_low_expressiveness,0,4,1,3,2,3,3,2
session_167,survey_117,annotator_139,Man,25-34,clip_2772,5,speaker_056,Female,6,elevenlabs_low_expressiveness,1,1,5,5,1,2,3,2
session_163,survey_134,annotator_064,Prefer not to say,25-34,clip_2239,7,speaker_003,Male,4,elevenlabs_low_expressiveness,0,3,1,5,4,1,1,1
session_168,survey_096,annotator_116,Woman,55-64,clip_1423,6,speaker_046,Female,1,coqui_xtts,0,4,2,1,3,4,4,3
session_161,survey_132,annotator_020,Woman,45-54,clip_2877,6,speaker_068,Female,4,elevenlabs_low_expressiveness,0,5,3,5,1,4,4,4
session_166,survey_211,annotator_155,Woman,65+,clip_0546,8,speaker_069,Female,9,elevenlabs,1,3,1,3,1,3,3,3
session_161,survey_132,annotator_020,Woman,45-54,clip_2878,7,speaker_068,Female,4,elevenlabs_low_expressiveness,1,5,4,5,1,4,4,4
session_168,survey_096,annotator_116,Woman,55-64,clip_1254,7,speaker_021,Female,7,coqui_xtts,0,3,1,2,1,3,3,1
session_162,survey_083,annotator_161,Woman,45-54,clip_1925,5,speaker_063,Male,9,coqui_xtts,0,3,4,4,1,2,1,1
session_166,survey_211,annotator_155,Woman,65+,clip_0431,10,speaker_050,Female,7,elevenlabs,0,3,1,3,2,3,3,2
session_168,survey_096,annotator_116,Woman,55-64,clip_1587,8,speaker_078,Female,9,coqui_xtts,1,5,3,5,4,3,4,3
session_161,survey_132,annotator_020,Woman,45-54,clip_2626,9,speaker_040,Female,8,elevenlabs_low_expressiveness,1,5,1,5,4,3,3,3
session_168,survey_096,annotator_116,Woman,55-64,clip_2197,9,speaker_068,Female,7,coqui_xtts,1,5,2,4,3,3,3,2
session_166,survey_211,annotator_155,Woman,65+,clip_0391,11,speaker_047,Female,3,elevenlabs,0,4,2,4,2,1,2,2
session_167,survey_117,annotator_139,Man,25-34,clip_2665,7,speaker_046,Female,2,elevenlabs_low_expressiveness,1,2,3,1,1,3,2,2
session_163,survey_134,annotator_064,Prefer not to say,25-34,clip_2305,11,speaker_010,Male,8,elevenlabs_low_expressiveness,0,3,1,5,2,3,2,1
session_166,survey_211,annotator_155,Woman,65+,clip_0538,12,speaker_069,Female,3,elevenlabs,1,5,2,5,2,5,5,5
session_167,survey_117,annotator_139,Man,25-34,clip_2876,8,speaker_068,Female,2,elevenlabs_low_expressiveness,1,4,3,5,5,3,4,3
session_163,survey_134,annotator_064,Prefer not to say,25-34,clip_2809,12,speaker_059,Male,9,elevenlabs_low_expressiveness,0,4,1,5,1,2,2,2
session_161,survey_132,annotator_020,Woman,45-54,clip_2828,12,speaker_062,Female,3,elevenlabs_low_expressiveness,1,5,1,5,3,3,3,3
session_168,survey_096,annotator_116,Woman,55-64,clip_1872,11,speaker_068,Female,7,coqui_xtts,0,4,3,4,3,4,4,3
session_161,survey_132,annotator_020,Woman,45-54,clip_2914,13,speaker_072,Female,2,elevenlabs_low_expressiveness,1,5,3,5,1,5,4,4
session_166,survey_211,annotator_155,Woman,65+,clip_1964,14,speaker_027,Female,3,elevenlabs,1,5,2,5,2,5,5,4
session_162,survey_083,annotator_161,Woman,45-54,clip_1182,8,speaker_013,Male,3,coqui_xtts,0,4,4,4,1,2,1,1
session_168,survey_096,annotator_116,Woman,55-64,clip_1859,12,speaker_027,Female,7,coqui_xtts,0,4,4,4,4,4,4,3
session_166,survey_211,annotator_155,Woman,65+,clip_0181,15,speaker_024,Female,8,elevenlabs,0,2,1,1,2,1,1,1
session_163,survey_134,annotator_064,Prefer not to say,25-34,clip_2246,14,speaker_004,Male,2,elevenlabs_low_expressiveness,1,1,1,5,1,1,1,1
session_160,survey_215,annotator_109,Man,25-34,clip_1030,11,speaker_073,Female,7,chatterbox,0,5,1,4,1,3,4,1
session_166,survey_211,annotator_155,Woman,65+,clip_0392,16,speaker_047,Female,3,elevenlabs,1,5,2,5,2,3,4,3
session_166,survey_211,annotator_155,Woman,65+,clip_0537,17,speaker_069,Female,3,elevenlabs,0,4,2,4,2,2,3,2
session_161,survey_132,annotator_020,Woman,45-54,clip_2827,16,speaker_062,Female,3,elevenlabs_low_expressiveness,0,5,1,4,2,3,3,3
session_162,survey_083,annotator_161,Woman,45-54,clip_2118,10,speaker_006,Male,2,coqui_xtts,1,5,4,5,3,2,2,1
session_161,survey_132,annotator_020,Woman,45-54,clip_2715,17,speaker_050,Female,6,elevenlabs_low_expressiveness,1,5,3,5,2,4,3,3
session_168,survey_096,annotator_116,Woman,55-64,clip_1410,15,speaker_045,Female,1,coqui_xtts,1,2,1,2,1,2,1,1
session_167,survey_117,annotator_139,Man,25-34,clip_2703,12,speaker_049,Female,3,elevenlabs_low_expressiveness,1,4,5,5,3,3,2,3
session_161,survey_132,annotator_020,Woman,45-54,clip_2646,18,speaker_044,Female,2,elevenlabs_low_expressiveness,1,5,1,5,1,4,3,3
session_164,survey_144,annotator_143,Man,25-34,clip_0101,1,speaker_013,Male,5,elevenlabs,0,4,3,5,2,3,3,3
session_161,survey_132,annotator_020,Woman,45-54,clip_2913,19,speaker_072,Female,2,elevenlabs_low_expressiveness,0,4,1,5,1,4,3,3
session_167,survey_117,annotator_139,Man,25-34,clip_2664,13,speaker_046,Female,2,elevenlabs_low_expressiveness,0,3,2,1,1,3,2,1
session_163,survey_134,annotator_064,Prefer not to say,25-34,clip_2581,16,speaker_037,Male,2,elevenlabs_low_expressiveness,0,3,1,5,1,2,3,3
session_168,survey_096,annotator_116,Woman,55-64,clip_1589,17,speaker_078,Female,1,coqui_xtts,1,3,2,4,2,3,2,2
session_163,survey_134,annotator_064,Prefer not to say,25-34,clip_2467,17,speaker_026,Male,8,elevenlabs_low_expressiveness,0,4,1,5,1,3,3,3
session_168,survey_096,annotator_116,Woman,55-64,clip_1901,18,speaker_068,Female,8,coqui_xtts,0,4,3,4,3,3,3,2
session_163,survey_134,annotator_064,Prefer not to say,25-34,clip_2245,18,speaker_004,Male,2,elevenlabs_low_expressiveness,0,1,1,5,1,1,1,1
session_167,survey_117,annotator_139,Man,25-34,clip_2322,14,speaker_012,Female,2,elevenlabs_low_expressiveness,1,4,5,5,1,3,4,2
session_168,survey_096,annotator_116,Woman,55-64,clip_1255,19,speaker_021,Female,7,coqui_xtts,1,5,2,5,5,4,3,3
session_162,survey_083,annotator_161,Woman,45-54,clip_1691,14,speaker_006,Male,2,coqui_xtts,0,1,1,1,1,1,2,1
session_168,survey_096,annotator_116,Woman,55-64,clip_1588,20,speaker_078,Female,1,coqui_xtts,0,4,2,3,2,3,2,1
session_167,survey_117,annotator_139,Man,25-34,clip_2906,15,speaker_071,Female,3,elevenlabs_low_expressiveness,1,1,4,4,4,3,2,3
session_162,survey_083,annotator_161,Woman,45-54,clip_1363,16,speaker_036,Male,5,coqui_xtts,1,3,2,4,1,2,2,1
session_167,survey_117,annotator_139,Man,25-34,clip_2920,17,speaker_072,Female,5,elevenlabs_low_expressiveness,1,3,1,5,1,2,3,2
session_167,survey_117,annotator_139,Man,25-34,clip_2414,18,speaker_020,Female,8,elevenlabs_low_expressiveness,1,4,3,2,1,2,3,5
session_162,survey_083,annotator_161,Woman,45-54,clip_1362,18,speaker_036,Male,5,coqui_xtts,0,4,1,4,1,2,2,1
session_162,survey_083,annotator_161,Woman,45-54,clip_1107,19,speaker_002,Male,2,coqui_xtts,0,3,2,3,2,2,2,1
session_167,survey_117,annotator_139,Man,25-34,clip_2662,20,speaker_045,Female,8,elevenlabs_low_expressiveness,1,3,5,2,4,3,3,2
session_164,survey_144,annotator_143,Man,25-34,clip_2005,4,speaker_063,Male,6,elevenlabs,1,4,2,4,3,4,3,4
session_160,survey_215,annotator_109,Man,25-34,clip_0841,20,speaker_040,Female,7,chatterbox,1,5,1,4,1,4,4,1
session_164,survey_144,annotator_143,Man,25-34,clip_1979,7,speaker_038,Male,5,elevenlabs,1,2,3,3,2,3,3,3
session_164,survey_144,annotator_143,Man,25-34,clip_0013,8,speaker_002,Male,3,elevenlabs,0,4,3,4,3,4,4,4
session_164,survey_144,annotator_143,Man,25-34,clip_0306,10,speaker_037,Male,7,elevenlabs,1,4,3,4,2,3,4,3
session_164,survey_144,annotator_143,Man,25-34,clip_1840,12,speaker_063,Male,6,elevenlabs,0,3,2,3,1,2,3,3
session_164,survey_144,annotator_143,Man,25-34,clip_0305,14,speaker_037,Male,7,elevenlabs,0,4,3,4,2,3,3,3
session_164,survey_144,annotator_143,Man,25-34,clip_0102,15,speaker_013,Male,5,elevenlabs,1,4,3,4,3,4,4,4
session_164,survey_144,annotator_143,Man,25-34,clip_0496,17,speaker_058,Male,1,elevenlabs,1,5,4,4,2,4,4,4
session_164,survey_144,annotator_143,Man,25-34,clip_1981,19,speaker_038,Male,7,elevenlabs,1,4,3,4,2,4,4,4
session_159,survey_139,annotator_136,Man,45-54,clip_1751,1,speaker_062,Female,3,chatterbox,0,2,3,4,2,1,2,1
session_165,survey_030,annotator_074,Woman,25-34,clip_2753,1,speaker_054,Male,6,elevenlabs_low_expressiveness,1,3,1,3,1,2,3,2
session_165,survey_030,annotator_074,Woman,25-34,clip_2953,2,speaker_075,Male,9,elevenlabs_low_expressiveness,0,1,1,1,1,1,1,1
session_165,survey_030,annotator_074,Woman,25-34,clip_2255,3,speaker_005,Male,6,elevenlabs_low_expressiveness,0,5,1,5,1,1,1,1
session_165,survey_030,annotator_074,Woman,25-34,clip_2288,4,speaker_009,Male,4,elevenlabs_low_expressiveness,1,5,4,5,3,5,4,5
session_165,survey_030,annotator_074,Woman,25-34,clip_2533,5,speaker_031,Male,7,elevenlabs_low_expressiveness,0,3,2,1,1,2,2,1
session_165,survey_030,annotator_074,Woman,25-34,clip_2263,6,speaker_006,Male,7,elevenlabs_low_expressiveness,0,5,3,1,1,3,2,2
session_165,survey_030,annotator_074,Woman,25-34,clip_2954,7,speaker_075,Male,9,elevenlabs_low_expressiveness,1,2,1,5,1,2,1,1
session_165,survey_030,annotator_074,Woman,25-34,clip_2287,8,speaker_009,Male,4,elevenlabs_low_expressiveness,0,5,3,2,1,3,3,3
session_165,survey_030,annotator_074,Woman,25-34,clip_2583,9,speaker_037,Male,7,elevenlabs_low_expressiveness,0,4,2,5,1,3,2,2
session_165,survey_030,annotator_074,Woman,25-34,clip_2558,10,speaker_034,Male,7,elevenlabs_low_expressiveness,1,5,3,1,1,3,2,2
session_165,survey_030,annotator_074,Woman,25-34,clip_2508,11,speaker_029,Male,9,elevenlabs_low_expressiveness,1,5,1,5,2,1,2,1
session_165,survey_030,annotator_074,Woman,25-34,clip_2507,12,speaker_029,Male,9,elevenlabs_low_expressiveness,0,4,3,5,1,2,2,1
session_165,survey_030,annotator_074,Woman,25-34,clip_2557,13,speaker_034,Male,7,elevenlabs_low_expressiveness,0,5,3,1,1,3,2,2
session_165,survey_030,annotator_074,Woman,25-34,clip_2309,14,speaker_011,Male,3,elevenlabs_low_expressiveness,0,3,3,5,2,1,3,1
session_165,survey_030,annotator_074,Woman,25-34,clip_2264,15,speaker_006,Male,7,elevenlabs_low_expressiveness,1,4,4,2,2,3,3,2
session_165,survey_030,annotator_074,Woman,25-34,clip_2752,16,speaker_054,Male,6,elevenlabs_low_expressiveness,0,3,1,2,1,1,2,1
session_165,survey_030,annotator_074,Woman,25-34,clip_2584,17,speaker_037,Male,7,elevenlabs_low_expressiveness,1,4,4,5,2,3,3,2
session_165,survey_030,annotator_074,Woman,25-34,clip_2256,18,speaker_005,Male,6,elevenlabs_low_expressiveness,1,1,1,5,2,1,1,1
session_168,survey_096,annotator_116,Woman,55-64,clip_1586,13,speaker_078,Female,9,coqui_xtts,0,4,3,4,2,3,3,3
session_165,survey_030,annotator_074,Woman,25-34,clip_2310,19,speaker_011,Male,3,elevenlabs_low_expressiveness,1,5,3,5,1,4,3,3
session_165,survey_030,annotator_074,Woman,25-34,clip_2534,20,speaker_031,Male,7,elevenlabs_low_expressiveness,1,5,4,5,3,4,3,3
session_168,survey_096,annotator_116,Woman,55-64,clip_1448,14,speaker_050,Female,2,coqui_xtts,0,4,1,2,2,2,2,1
session_190,survey_013,annotator_056,Man,65+,clip_1583,13,speaker_078,Female,7,coqui_xtts,1,5,2,5,2,3,3,4
session_198,survey_084,annotator_032,Man,55-64,clip_2595,6,speaker_038,Male,4,elevenlabs_low_expressiveness,0,3,1,4,2,2,2,1
session_185,survey_115,annotator_182,Other,45-54,clip_0505,16,speaker_059,Male,1,elevenlabs,0,3,1,1,1,1,2,1
session_185,survey_115,annotator_182,Other,45-54,clip_0285,17,speaker_036,Male,3,elevenlabs,0,4,1,1,1,2,2,2
session_185,survey_115,annotator_182,Other,45-54,clip_0484,18,speaker_058,Male,2,elevenlabs,1,2,1,5,2,2,3,2
session_185,survey_115,annotator_182,Other,45-54,clip_0094,19,speaker_011,Male,9,elevenlabs,1,3,2,3,1,1,2,1
session_185,survey_115,annotator_182,Other,45-54,clip_0294,20,speaker_036,Male,8,elevenlabs,1,4,2,1,1,3,2,2
session_207,survey_066,annotator_141,Woman,45-54,clip_1915,1,speaker_027,Female,9,coqui_xtts,0,5,4,5,3,4,4,4
session_207,survey_066,annotator_141,Woman,45-54,clip_1560,2,speaker_073,Female,4,coqui_xtts,0,5,3,2,2,5,3,2
session_207,survey_066,annotator_141,Woman,45-54,clip_1611,3,speaker_082,Female,7,coqui_xtts,1,5,5,5,3,5,4,5
session_207,survey_066,annotator_141,Woman,45-54,clip_2200,4,speaker_071,Female,3,coqui_xtts,1,5,5,5,4,4,5,4
session_207,survey_066,annotator_141,Woman,45-54,clip_1761,5,speaker_071,Female,3,coqui_xtts,0,3,4,3,3,2,4,2
session_207,survey_066,annotator_141,Woman,45-54,clip_1791,6,speaker_077,Female,4,coqui_xtts,0,5,5,4,5,5,5,4
session_207,survey_066,annotator_141,Woman,45-54,clip_2146,7,speaker_027,Female,9,coqui_xtts,1,3,3,3,2,3,4,2
session_208,survey_031,annotator_087,Woman,45-54,clip_0063,9,speaker_008,Male,8,elevenlabs,0,4,4,4,4,4,4,4
session_207,survey_066,annotator_141,Woman,45-54,clip_1534,8,speaker_069,Female,4,coqui_xtts,0,5,4,5,4,5,4,5
session_207,survey_066,annotator_141,Woman,45-54,clip_1608,9,speaker_082,Female,5,coqui_xtts,0,4,2,2,2,3,3,2
session_207,survey_066,annotator_141,Woman,45-54,clip_1609,10,speaker_082,Female,5,coqui_xtts,1,3,2,4,2,3,3,2
session_207,survey_066,annotator_141,Woman,45-54,clip_1610,11,speaker_082,Female,7,coqui_xtts,0,5,3,3,2,3,4,2
session_207,survey_066,annotator_141,Woman,45-54,clip_1535,12,speaker_069,Female,4,coqui_xtts,1,5,5,5,3,5,4,5
session_207,survey_066,annotator_141,Woman,45-54,clip_2164,13,speaker_051,Female,9,coqui_xtts,1,4,5,4,2,1,4,1
session_207,survey_066,annotator_141,Woman,45-54,clip_2206,14,speaker_077,Female,4,coqui_xtts,1,5,5,5,4,2,3,2
session_207,survey_066,annotator_141,Woman,45-54,clip_1386,15,speaker_040,Female,4,coqui_xtts,0,3,1,1,1,3,2,1
session_207,survey_066,annotator_141,Woman,45-54,clip_1561,16,speaker_073,Female,4,coqui_xtts,1,5,3,5,2,3,2,3
session_213,survey_190,annotator_134,Man,55-64,clip_2443,7,speaker_023,Male,8,elevenlabs_low_expressiveness,0,1,1,1,1,2,2,2
session_207,survey_066,annotator_141,Woman,45-54,clip_1387,17,speaker_040,Female,4,coqui_xtts,1,5,4,5,2,3,3,2
session_207,survey_066,annotator_141,Woman,45-54,clip_1919,18,speaker_051,Female,9,coqui_xtts,0,3,4,5,4,2,3,1
session_207,survey_066,annotator_141,Woman,45-54,clip_1576,19,speaker_076,Female,8,coqui_xtts,0,4,3,4,2,4,3,1
session_212,survey_207,annotator_078,Man,25-34,clip_1333,20,speaker_032,Male,1,coqui_xtts,1,3,1,5,4,1,2,1
session_207,survey_066,annotator_141,Woman,45-54,clip_1577,20,speaker_076,Female,8,coqui_xtts,1,2,3,4,2,3,2,2
session_220,survey_222,annotator_100,Woman,25-34,clip_2333,13,speaker_013,Male,4,elevenlabs_low_expressiveness,0,2,3,4,3,3,3,3
session_220,survey_222,annotator_100,Woman,25-34,clip_2267,15,speaker_006,Male,1,elevenlabs_low_expressiveness,0,3,2,3,3,3,2,2
